customerID,gender,SeniorCitizen,Partner,Dependents,tenure,PhoneService,MultipleLines,InternetService,OnlineSecurity,OnlineBackup,DeviceProtection,TechSupport,StreamingTV,StreamingMovies,Contract,PaperlessBilling,PaymentMethod,MonthlyCharges,TotalCharges,Churn
9280-48723,Male,0,Yes,No,27,Yes,Yes,Fiber optic,No,No,No,Yes,No,Yes,Two year,No,Electronic check,113.77,3108.86,No
5512-84506,Female,0,Yes,No,43,Yes,No,Fiber optic,No,No,Yes,Yes,No,Yes,Month-to-month,Yes,Bank transfer (automatic),90.58,3782.34,No
5321-54869,Female,0,No,Yes,34,No,No phone service,No,No internet service,No internet service,No internet service,No internet service,No internet service,No internet service,Month-to-month,Yes,Bank transfer (automatic),28.3,939.68,No
8915-12801,Male,0,Yes,No,41,Yes,Yes,DSL,Yes,No,No,Yes,Yes,No,Two year,No,Electronic check,92.03,3692.52,No
1547-81787,Male,0,No,Yes,54,Yes,No,No,No internet service,No internet service,No internet service,No internet service,No internet service,No internet service,One year,Yes,Mailed check,24.44,1283.43,No
2060-51724,Female,0,No,No,62,Yes,No,DSL,Yes,No,No,No,Yes,No,Two year,No,Credit card (automatic),48.99,3100.02,No
1293-26195,Male,0,No,No,42,Yes,No,DSL,Yes,No,No,No,No,No,Two year,No,Credit card (automatic),51.95,2163.93,Yes
3269-18006,Female,0,Yes,No,47,Yes,No,No,No internet service,No internet service,No internet service,No internet service,No internet service,No internet service,Month-to-month,No,Credit card (automatic),20.56,936.63,No
7978-97844,Male,0,Yes,No,28,No,No phone service,DSL,Yes,Yes,No,No,Yes,No,Month-to-month,Yes,Credit card (automatic),77.33,2087.94,No
9894-43946,Male,0,No,Yes,36,Yes,Yes,No,No internet service,No internet service,No internet service,No internet service,No internet service,No internet service,Month-to-month,Yes,Bank transfer (automatic),22.86,834.75,No
2359-55096,Female,0,No,No,42,Yes,No,DSL,No,No,Yes,Yes,No,Yes,One year,No,Electronic check,57.87,2398.13,No
9199-76071,Female,0,No,Yes,26,Yes,No,Fiber optic,No,Yes,No,No,Yes,No,Month-to-month,No,Bank transfer (automatic),92.62,2449.63,No
6805-90306,Female,0,Yes,Yes,7,Yes,No,Fiber optic,No,No,No,No,No,No,Month-to-month,Yes,Credit card (automatic),77.19,535.45,Yes
4484-23466,Female,0,Yes,Yes,11,Yes,No,DSL,No,No,No,No,Yes,No,One year,No,Mailed check,49.21,543.87,No
6966-38119,Female,0,Yes,No,10,Yes,No,No,No internet service,No internet service,No internet service,No internet service,No internet service,No internet service,Month-to-month,Yes,Mailed check,19.89,205.06,No
9788-43951,Female,0,No,No,36,Yes,Yes,DSL,No,Yes,No,No,No,No,Month-to-month,Yes,Bank transfer (automatic),54.83,2003.72,Yes
8079-53203,Female,0,Yes,No,29,Yes,No,No,No internet service,No internet service,No internet service,No internet service,No internet service,No internet service,Month-to-month,No,Credit card (automatic),26.92,769.43,No
3241-60947,Male,0,No,No,11,Yes,No,No,No internet service,No internet service,No internet service,No internet service,No internet service,No internet service,Month-to-month,Yes,Credit card (automatic),20.57,232.38,No
9862-29150,Female,1,Yes,No,34,No,No phone service,Fiber optic,No,No,No,No,No,No,Month-to-month,Yes,Mailed check,78.66,2619.54,Yes
3697-62874,Male,0,Yes,No,6,Yes,No,No,No internet service,No internet service,No internet service,No internet service,No internet service,No internet service,One year,Yes,Electronic check,20.86,125.03,No
5230-13261,Female,1,No,No,50,Yes,No,Fiber optic,No,No,Yes,No,Yes,Yes,Two year,No,Bank transfer (automatic),112.09,5722.74,No
1437-95244,Male,0,No,No,50,Yes,Yes,No,No internet service,No internet service,No internet service,No internet service,No internet service,No internet service,One year,Yes,Credit card (automatic),26.54,1367.37,No
5561-89344,Male,0,No,No,43,Yes,No,No,No internet service,No internet service,No internet service,No internet service,No internet service,No internet service,Two year,Yes,Bank transfer (automatic),20.27,877.18,No
9130-23908,Female,0,Yes,No,9,Yes,Yes,Fiber optic,No,No,No,No,No,Yes,Month-to-month,Yes,Electronic check,95.77,830.28,Yes
6764-16442,Female,0,No,Yes,25,Yes,No,No,No internet service,No internet service,No internet service,No internet service,No internet service,No internet service,Month-to-month,Yes,Electronic check,24.46,596.53,No
9239-75342,Female,1,Yes,No,13,Yes,No,Fiber optic,Yes,No,Yes,Yes,No,No,Month-to-month,No,Bank transfer (automatic),100.18,1302.63,No
5596-51822,Male,0,No,No,3,Yes,Yes,Fiber optic,No,No,No,No,No,Yes,One year,No,Bank transfer (automatic),112.51,334.69,No
4367-80320,Female,1,No,No,36,Yes,No,No,No internet service,No internet service,No internet service,No internet service,No internet service,No internet service,Month-to-month,No,Electronic check,21.64,775.05,No
8587-11945,Female,1,Yes,Yes,41,Yes,No,Fiber optic,No,No,No,No,Yes,Yes,Two year,Yes,Mailed check,83.71,3383.6,No
7275-73276,Male,0,No,Yes,23,Yes,Yes,DSL,No,Yes,Yes,Yes,No,Yes,One year,Yes,Mailed check,74.74,1668.16,No
3552-62863,Male,0,Yes,No,70,No,No phone service,DSL,No,No,No,No,No,No,Two year,Yes,Credit card (automatic),64.07,4324.52,No
2289-73920,Male,0,Yes,No,37,Yes,No,Fiber optic,Yes,No,No,No,Yes,No,Month-to-month,No,Electronic check,81.48,2989.39,Yes
3743-77140,Male,0,Yes,No,23,Yes,No,DSL,Yes,Yes,No,Yes,No,No,One year,Yes,Electronic check,75.39,1684.61,No
9597-88072,Female,0,Yes,No,71,Yes,Yes,Fiber optic,No,Yes,No,No,No,No,Month-to-month,No,Electronic check,92.6,6604.88,No
2813-25521,Female,0,No,No,14,Yes,No,DSL,Yes,Yes,No,No,No,No,Month-to-month,No,Mailed check,76.9,1060.7,Yes
8579-93114,Male,1,No,No,68,Yes,No,DSL,No,No,Yes,Yes,No,No,Two year,Yes,Credit card (automatic),66.91,4716.92,No
2453-62841,Female,0,No,Yes,1,No,No phone service,No,No internet service,No internet service,No internet service,No internet service,No internet service,No internet service,Month-to-month,Yes,Credit card (automatic),28.99,30.04,No
6821-45520,Female,0,No,Yes,37,Yes,No,DSL,No,Yes,Yes,No,No,No,Two year,Yes,Bank transfer (automatic),77.54,2816.16,No
2352-40951,Male,0,No,No,11,Yes,Yes,No,No internet service,No internet service,No internet service,No internet service,No internet service,No internet service,One year,No,Credit card (automatic),27.33,301.35,No
8135-99951,Female,0,Yes,No,38,Yes,No,Fiber optic,Yes,Yes,No,No,No,Yes,One year,No,Mailed check,96.94,3563.66,No
2634-53830,Male,1,Yes,No,2,Yes,No,No,No internet service,No internet service,No internet service,No internet service,No internet service,No internet service,Month-to-month,No,Credit card (automatic),28.35,55.57,No
3810-50784,Female,0,Yes,No,37,Yes,No,Fiber optic,No,No,No,No,No,No,Month-to-month,Yes,Bank transfer (automatic),97.54,3471.66,No
3980-50145,Female,1,No,Yes,19,Yes,Yes,Fiber optic,No,Yes,No,Yes,Yes,Yes,Month-to-month,Yes,Electronic check,114.7,2115.78,No
6586-97762,Male,0,No,No,47,No,No phone service,DSL,Yes,No,No,No,Yes,No,One year,Yes,Credit card (automatic),62.24,2826.7,No
5286-89653,Male,1,No,Yes,41,Yes,No,No,No internet service,No internet service,No internet service,No internet service,No internet service,No internet service,Month-to-month,Yes,Electronic check,29.1,1166.31,No
9037-23064,Female,0,Yes,No,61,Yes,Yes,Fiber optic,No,No,No,No,Yes,No,Two year,Yes,Mailed check,85.89,5374.3,No
9868-97724,Male,0,Yes,Yes,56,Yes,Yes,DSL,No,No,No,No,Yes,No,Two year,Yes,Bank transfer (automatic),66.13,3816.77,No
4024-48980,Female,0,No,No,31,Yes,No,No,No internet service,No internet service,No internet service,No internet service,No internet service,No internet service,Month-to-month,No,Credit card (automatic),25.52,812.46,No
1674-46433,Female,0,Yes,No,54,No,No phone service,Fiber optic,No,No,Yes,No,Yes,No,One year,Yes,Electronic check,89.69,4871.63,No
2264-24513,Female,0,No,No,16,Yes,No,DSL,No,No,No,No,No,Yes,Month-to-month,No,Mailed check,48.23,741.58,No
8638-23202,Female,0,Yes,Yes,25,No,No phone service,DSL,Yes,Yes,No,No,No,No,Month-to-month,Yes,Credit card (automatic),71.13,1713.52,No
7145-37465,Male,0,Yes,Yes,59,Yes,No,No,No internet service,No internet service,No internet service,No internet service,No internet service,No internet service,Month-to-month,No,Bank transfer (automatic),22.64,1337.4,No
2086-24513,Male,0,No,No,19,Yes,No,Fiber optic,No,No,No,No,Yes,No,Two year,Yes,Bank transfer (automatic),89.4,1632.58,No
9488-39488,Male,0,No,Yes,63,Yes,No,No,No internet service,No internet service,No internet service,No internet service,No internet service,No internet service,Two year,Yes,Bank transfer (automatic),20.69,1262.24,No
8013-52188,Male,0,No,Yes,22,Yes,Yes,Fiber optic,Yes,No,No,Yes,Yes,Yes,Month-to-month,No,Electronic check,117.32,2493.72,Yes
2453-42454,Male,0,No,No,37,Yes,Yes,DSL,No,Yes,No,Yes,No,No,Month-to-month,Yes,Bank transfer (automatic),64.0,2367.7,Yes
7136-78284,Female,0,Yes,Yes,3,No,No phone service,DSL,Yes,No,Yes,No,Yes,No,Month-to-month,Yes,Electronic check,72.28,223.42,Yes
5631-28463,Male,0,No,Yes,43,Yes,No,No,No internet service,No internet service,No internet service,No internet service,No internet service,No internet service,Month-to-month,No,Credit card (automatic),19.23,852.22,No
3265-27604,Female,0,No,No,51,Yes,No,DSL,No,Yes,Yes,No,Yes,No,Month-to-month,No,Credit card (automatic),52.77,2747.9,Yes
7311-54815,Female,0,No,No,55,Yes,No,No,No internet service,No internet service,No internet service,No internet service,No internet service,No internet service,Two year,No,Electronic check,22.17,1215.03,No
7408-86549,Female,0,No,No,64,Yes,No,DSL,No,Yes,No,No,Yes,No,Two year,Yes,Bank transfer (automatic),54.96,3527.14,No
7101-51071,Female,0,Yes,No,58,Yes,No,No,No internet service,No internet service,No internet service,No internet service,No internet service,No internet service,Month-to-month,No,Electronic check,26.56,1552.38,No
9801-86683,Male,1,Yes,No,60,Yes,No,DSL,Yes,No,No,Yes,No,Yes,Two year,Yes,Credit card (automatic),76.19,4675.05,No
4228-53790,Female,0,No,No,29,Yes,Yes,Fiber optic,No,Yes,No,No,Yes,No,One year,Yes,Bank transfer (automatic),110.73,3323.59,Yes
9154-67509,Male,0,No,No,27,Yes,Yes,DSL,No,No,Yes,No,No,Yes,One year,No,Mailed check,67.22,1834.23,No
3254-59437,Male,0,Yes,Yes,69,No,No phone service,DSL,No,No,Yes,No,No,No,Two year,Yes,Mailed check,45.7,3079.09,No
6477-99573,Female,0,Yes,No,54,No,No phone service,No,No internet service,No internet service,No internet service,No internet service,No internet service,No internet service,Month-to-month,Yes,Electronic check,22.24,1195.42,No
7549-52686,Male,0,No,No,20,Yes,No,DSL,Yes,Yes,Yes,Yes,Yes,Yes,Month-to-month,No,Bank transfer (automatic),78.51,1514.32,Yes
2853-71894,Male,0,No,No,24,Yes,No,No,No internet service,No internet service,No internet service,No internet service,No internet service,No internet service,Month-to-month,Yes,Credit card (automatic),26.2,651.18,No
2539-75499,Male,0,No,No,13,No,No phone service,Fiber optic,No,No,Yes,No,Yes,Yes,One year,No,Credit card (automatic),100.78,1333.33,No
5837-85844,Female,0,Yes,No,62,Yes,Yes,Fiber optic,No,No,Yes,No,Yes,Yes,Month-to-month,Yes,Credit card (automatic),107.6,6833.03,No
6890-70912,Male,0,No,No,30,Yes,No,Fiber optic,No,No,No,No,No,No,Month-to-month,Yes,Credit card (automatic),91.43,2824.74,Yes
3032-94763,Male,0,No,No,14,Yes,No,No,No internet service,No internet service,No internet service,No internet service,No internet service,No internet service,Month-to-month,No,Bank transfer (automatic),29.39,407.16,No
5076-85762,Male,1,No,No,10,Yes,No,No,No internet service,No internet service,No internet service,No internet service,No internet service,No internet service,Month-to-month,No,Electronic check,22.88,227.66,No
9808-87647,Female,1,Yes,No,6,Yes,Yes,No,No internet service,No internet service,No internet service,No internet service,No internet service,No internet service,Month-to-month,Yes,Electronic check,31.21,186.38,No
8915-96685,Male,1,No,No,7,Yes,No,DSL,No,No,No,No,Yes,No,Month-to-month,Yes,Credit card (automatic),56.1,386.4,Yes
4652-38612,Male,1,No,No,45,Yes,No,DSL,No,Yes,No,Yes,No,Yes,Two year,Yes,Credit card (automatic),62.71,2921.6,No
4013-63900,Male,0,No,No,6,Yes,No,No,No internet service,No internet service,No internet service,No internet service,No internet service,No internet service,One year,No,Mailed check,21.21,127.12,No
1195-17706,Female,0,No,Yes,1,Yes,No,Fiber optic,No,Yes,No,No,Yes,Yes,Month-to-month,Yes,Bank transfer (automatic),118.47,119.91,Yes
5894-63990,Female,0,No,Yes,15,Yes,No,Fiber optic,No,No,No,No,No,No,Two year,Yes,Mailed check,70.0,1076.02,No
8307-25147,Female,0,Yes,No,28,Yes,No,Fiber optic,No,Yes,No,No,No,No,Two year,No,Electronic check,92.48,2590.66,No
4080-56979,Male,0,No,Yes,0,Yes,No,Fiber optic,No,Yes,No,No,No,No,Month-to-month,Yes,Credit card (automatic),91.69,,Yes
7378-31422,Male,1,No,Yes,51,Yes,No,Fiber optic,No,Yes,No,No,Yes,No,One year,No,Bank transfer (automatic),114.35,5801.52,Yes
8739-92753,Female,0,Yes,Yes,20,No,No phone service,Fiber optic,No,No,No,No,Yes,No,Month-to-month,Yes,Credit card (automatic),108.73,2103.72,Yes
4526-19688,Female,0,Yes,No,30,Yes,No,Fiber optic,Yes,No,Yes,Yes,No,Yes,Month-to-month,No,Electronic check,119.0,3654.84,Yes
1496-53109,Female,0,No,No,51,Yes,Yes,DSL,No,No,No,No,Yes,Yes,One year,No,Credit card (automatic),78.93,4168.31,No
1428-80085,Male,0,Yes,No,40,Yes,No,Fiber optic,No,Yes,No,No,No,Yes,Month-to-month,Yes,Credit card (automatic),86.23,3343.63,No
5350-47105,Male,0,No,No,16,Yes,No,DSL,No,No,No,Yes,Yes,No,Month-to-month,No,Electronic check,74.53,1199.31,Yes
5483-51421,Female,0,Yes,No,14,Yes,No,DSL,Yes,No,No,No,No,No,Month-to-month,Yes,Mailed check,73.93,1020.87,Yes
8880-84825,Female,0,Yes,No,41,Yes,No,Fiber optic,No,Yes,No,No,Yes,Yes,Month-to-month,Yes,Mailed check,101.86,4290.59,No
3208-56994,Male,0,Yes,No,31,Yes,No,No,No internet service,No internet service,No internet service,No internet service,No internet service,No internet service,Month-to-month,No,Mailed check,27.62,859.84,No
9567-70816,Female,1,No,No,20,Yes,No,DSL,No,No,Yes,No,Yes,Yes,Two year,No,Bank transfer (automatic),59.03,1202.59,No
2313-25852,Female,0,No,No,34,Yes,Yes,No,No internet service,No internet service,No internet service,No internet service,No internet service,No internet service,Month-to-month,No,Electronic check,32.22,1125.12,No
6592-93015,Male,0,Yes,No,8,Yes,No,Fiber optic,No,Yes,Yes,No,Yes,Yes,Month-to-month,Yes,Credit card (automatic),113.36,898.27,Yes
3948-72554,Female,0,Yes,Yes,26,Yes,Yes,No,No internet service,No internet service,No internet service,No internet service,No internet service,No internet service,Two year,No,Bank transfer (automatic),28.36,728.11,No
5720-97814,Male,0,Yes,Yes,2,Yes,No,Fiber optic,No,No,No,No,No,Yes,Month-to-month,Yes,Credit card (automatic),100.04,202.74,No
1802-86033,Male,0,No,No,59,Yes,No,Fiber optic,No,No,Yes,No,No,No,One year,No,Mailed check,80.17,4660.38,No
9240-89115,Female,1,No,No,27,Yes,Yes,Fiber optic,No,No,No,No,No,Yes,Month-to-month,Yes,Credit card (automatic),97.25,2659.23,Yes
2998-61498,Female,0,No,No,20,Yes,No,No,No internet service,No internet service,No internet service,No internet service,No internet service,No internet service,Month-to-month,Yes,Bank transfer (automatic),28.58,577.9,No
1179-68990,Male,0,Yes,Yes,12,Yes,No,DSL,No,No,Yes,No,Yes,Yes,Month-to-month,No,Bank transfer (automatic),58.41,728.85,Yes
8273-70164,Female,0,No,No,48,Yes,No,DSL,Yes,No,No,No,Yes,No,Month-to-month,Yes,Bank transfer (automatic),61.38,2921.61,No
9040-56179,Male,0,Yes,No,8,No,No phone service,No,No internet service,No internet service,No internet service,No internet service,No internet service,No internet service,One year,Yes,Mailed check,19.79,160.31,No
3329-56217,Female,0,Yes,No,26,Yes,Yes,DSL,No,Yes,Yes,Yes,No,Yes,One year,No,Bank transfer (automatic),88.68,2311.44,No
8697-88392,Male,0,Yes,No,7,Yes,No,No,No internet service,No internet service,No internet service,No internet service,No internet service,No internet service,Month-to-month,No,Bank transfer (automatic),26.65,184.11,No
6348-54487,Female,1,Yes,No,13,Yes,No,DSL,Yes,Yes,Yes,No,No,No,Month-to-month,Yes,Credit card (automatic),76.96,1019.64,No
6052-40078,Female,0,Yes,No,46,Yes,No,DSL,No,Yes,Yes,No,No,No,Two year,No,Credit card (automatic),66.25,3095.59,No
9986-54538,Female,0,No,No,37,Yes,No,DSL,No,Yes,No,No,No,Yes,Month-to-month,No,Mailed check,66.61,2424.45,No
2315-84318,Female,0,Yes,No,26,Yes,No,Fiber optic,Yes,No,No,No,Yes,Yes,Month-to-month,No,Mailed check,114.17,3070.65,No
7288-72830,Male,0,No,No,39,Yes,No,Fiber optic,No,No,Yes,No,No,No,One year,Yes,Bank transfer (automatic),80.45,3142.32,No
8340-12973,Female,1,No,No,47,Yes,Yes,No,No internet service,No internet service,No internet service,No internet service,No internet service,No internet service,Month-to-month,No,Bank transfer (automatic),29.87,1403.12,No
5695-65157,Male,0,No,Yes,71,Yes,Yes,Fiber optic,No,No,No,No,Yes,No,Two year,Yes,Credit card (automatic),84.01,6083.92,No
9754-77729,Female,0,No,No,26,Yes,No,Fiber optic,No,No,No,No,No,No,Month-to-month,No,Mailed check,84.05,2248.93,Yes
9902-79496,Female,0,No,No,58,Yes,Yes,Fiber optic,No,No,No,No,Yes,Yes,Two year,Yes,Credit card (automatic),96.42,5612.01,No
6709-18924,Male,0,Yes,Yes,20,Yes,No,Fiber optic,No,Yes,Yes,No,No,No,Month-to-month,No,Mailed check,91.29,1801.86,Yes
1302-74105,Female,0,Yes,No,13,Yes,No,Fiber optic,No,No,No,No,Yes,No,Month-to-month,Yes,Electronic check,98.89,1318.74,Yes
8973-20630,Female,0,No,No,61,Yes,Yes,No,No internet service,No internet service,No internet service,No internet service,No internet service,No internet service,Month-to-month,No,Mailed check,32.19,1919.37,No
8106-47085,Male,0,No,Yes,38,Yes,Yes,No,No internet service,No internet service,No internet service,No internet service,No internet service,No internet service,Two year,Yes,Bank transfer (automatic),28.83,1077.24,No
1849-82260,Male,0,No,No,53,Yes,Yes,DSL,Yes,No,No,No,No,No,Month-to-month,Yes,Mailed check,54.18,2792.96,No
9914-55262,Male,0,No,Yes,3,Yes,Yes,Fiber optic,Yes,No,No,No,Yes,Yes,Month-to-month,Yes,Electronic check,93.16,281.62,Yes
1707-46647,Male,0,No,No,41,Yes,Yes,Fiber optic,No,Yes,No,No,No,Yes,Two year,Yes,Credit card (automatic),80.84,3314.02,No
9936-48494,Male,0,No,No,0,Yes,Yes,Fiber optic,No,No,No,No,Yes,No,Month-to-month,No,Mailed check,95.94,,Yes
8347-67608,Female,0,No,No,45,Yes,No,DSL,No,No,No,No,No,No,Month-to-month,Yes,Mailed check,65.41,2913.69,No
1709-18050,Female,0,No,No,62,Yes,No,No,No internet service,No internet service,No internet service,No internet service,No internet service,No internet service,Month-to-month,Yes,Mailed check,25.34,1589.53,No
9294-70905,Male,0,No,Yes,43,No,No phone service,Fiber optic,No,No,No,No,No,No,Two year,Yes,Bank transfer (automatic),86.22,3685.14,No
7253-96848,Female,0,No,No,61,Yes,No,DSL,No,No,No,Yes,No,No,Month-to-month,Yes,Credit card (automatic),56.97,3536.1,No
6950-32556,Female,0,No,Yes,29,Yes,No,Fiber optic,No,No,No,No,No,Yes,Month-to-month,Yes,Mailed check,77.01,2294.93,Yes
9201-37088,Male,0,No,No,37,Yes,Yes,Fiber optic,No,No,No,No,Yes,No,Two year,Yes,Electronic check,108.5,3945.6,No
8345-86208,Female,1,Yes,No,53,Yes,Yes,No,No internet service,No internet service,No internet service,No internet service,No internet service,No internet service,One year,Yes,Mailed check,29.58,1541.88,No
3470-77639,Female,0,Yes,Yes,16,Yes,No,DSL,No,Yes,No,No,Yes,No,Month-to-month,No,Bank transfer (automatic),65.72,1042.39,Yes
8154-67071,Female,0,No,No,25,Yes,Yes,DSL,No,Yes,No,No,No,No,One year,No,Electronic check,51.24,1306.04,No
3823-38874,Female,0,Yes,No,45,Yes,No,No,No internet service,No internet service,No internet service,No internet service,No internet service,No internet service,Month-to-month,No,Credit card (automatic),20.1,902.36,No
9858-37816,Female,0,Yes,No,48,Yes,No,Fiber optic,No,Yes,No,No,No,Yes,Month-to-month,Yes,Mailed check,87.84,4157.03,Yes
5033-67066,Male,0,No,Yes,0,Yes,No,DSL,No,Yes,No,No,No,Yes,Month-to-month,No,Bank transfer (automatic),54.64,,No
6954-91103,Female,0,No,No,9,Yes,No,Fiber optic,No,No,No,No,Yes,Yes,One year,No,Credit card (automatic),103.38,910.14,No
2197-54397,Female,0,No,Yes,55,Yes,Yes,No,No internet service,No internet service,No internet service,No internet service,No internet service,No internet service,One year,Yes,Mailed check,33.73,1798.63,No
1667-97652,Male,0,No,No,9,Yes,No,No,No internet service,No internet service,No internet service,No internet service,No internet service,No internet service,Month-to-month,Yes,Credit card (automatic),19.21,170.51,No
4055-56246,Female,1,Yes,No,30,Yes,Yes,No,No internet service,No internet service,No internet service,No internet service,No internet service,No internet service,Month-to-month,Yes,Credit card (automatic),30.37,882.16,No
6564-44313,Male,0,Yes,No,16,Yes,No,DSL,No,Yes,No,Yes,Yes,Yes,Month-to-month,Yes,Credit card (automatic),79.84,1262.62,No
1802-88862,Male,0,No,No,5,Yes,Yes,No,No internet service,No internet service,No internet service,No internet service,No internet service,No internet service,One year,Yes,Bank transfer (automatic),24.1,119.1,No
8624-60885,Male,1,Yes,No,48,Yes,Yes,DSL,No,No,Yes,No,Yes,Yes,Two year,Yes,Mailed check,87.73,4348.01,No
2153-47947,Female,1,No,No,69,No,No phone service,Fiber optic,Yes,No,No,No,No,Yes,Two year,No,Electronic check,85.75,6130.95,No
5471-10753,Male,0,No,No,18,No,No phone service,DSL,Yes,No,No,No,No,Yes,Two year,Yes,Electronic check,58.7,1029.09,No
1951-49815,Male,0,No,No,33,Yes,Yes,Fiber optic,No,No,Yes,Yes,No,Yes,Two year,Yes,Electronic check,100.73,3314.07,No
8326-10726,Male,0,No,No,16,Yes,No,DSL,No,No,No,No,Yes,No,Two year,No,Bank transfer (automatic),52.0,820.15,No
2072-96931,Female,0,No,No,43,No,No phone service,No,No internet service,No internet service,No internet service,No internet service,No internet service,No internet service,One year,Yes,Credit card (automatic),28.6,1207.68,No
4960-82582,Female,0,No,Yes,0,Yes,Yes,No,No internet service,No internet service,No internet service,No internet service,No internet service,No internet service,Month-to-month,Yes,Credit card (automatic),33.28,,No
7978-87552,Male,0,Yes,No,22,Yes,Yes,DSL,Yes,Yes,Yes,No,Yes,No,One year,Yes,Credit card (automatic),80.27,1829.3,No
8538-71467,Male,0,No,No,23,Yes,No,DSL,No,Yes,Yes,Yes,No,No,Month-to-month,Yes,Bank transfer (automatic),79.51,1850.64,No
7767-39052,Female,0,Yes,No,31,Yes,No,DSL,Yes,No,Yes,No,No,No,Month-to-month,Yes,Mailed check,48.68,1554.87,No
3449-54010,Male,0,No,No,49,Yes,No,Fiber optic,No,No,No,No,No,Yes,Month-to-month,No,Bank transfer (automatic),86.58,4202.56,No
6647-37649,Female,0,Yes,Yes,64,Yes,No,No,No internet service,No internet service,No internet service,No internet service,No internet service,No internet service,Month-to-month,No,Credit card (automatic),25.41,1598.4,No
9573-93712,Male,0,No,Yes,1,Yes,No,Fiber optic,No,No,No,No,No,Yes,One year,No,Bank transfer (automatic),99.28,101.2,No
4588-22255,Female,0,No,No,39,Yes,No,Fiber optic,No,No,No,No,Yes,Yes,Month-to-month,Yes,Credit card (automatic),94.4,3622.35,Yes
3513-83741,Male,1,Yes,No,21,No,No phone service,No,No internet service,No internet service,No internet service,No internet service,No internet service,No internet service,Month-to-month,Yes,Electronic check,24.45,507.73,No
9740-49724,Male,0,No,No,63,Yes,No,Fiber optic,No,No,No,No,Yes,Yes,Two year,Yes,Electronic check,87.95,5727.87,No
2628-91928,Female,0,Yes,No,32,Yes,Yes,Fiber optic,No,No,No,No,Yes,Yes,One year,Yes,Credit card (automatic),106.22,3497.49,No
3887-26622,Male,0,Yes,Yes,33,Yes,No,Fiber optic,No,No,No,No,Yes,No,Month-to-month,Yes,Bank transfer (automatic),100.83,3239.51,No
6609-11177,Female,0,Yes,No,48,No,No phone service,Fiber optic,No,Yes,No,Yes,No,Yes,Month-to-month,Yes,Electronic check,90.2,4290.04,No
2139-74058,Female,0,Yes,No,40,Yes,No,Fiber optic,No,No,Yes,No,Yes,No,Month-to-month,No,Mailed check,111.45,4439.25,Yes
9224-58950,Female,0,No,No,24,Yes,No,DSL,No,Yes,Yes,Yes,No,No,Two year,No,Credit card (automatic),72.88,1769.6,No
9802-34581,Female,0,No,Yes,34,Yes,No,Fiber optic,No,No,No,No,No,No,Month-to-month,Yes,Electronic check,69.22,2269.99,Yes
7570-89643,Female,0,No,No,51,No,No phone service,DSL,No,No,No,No,No,No,Two year,Yes,Mailed check,41.19,2079.67,No
9344-77927,Male,0,No,No,41,Yes,Yes,Fiber optic,No,No,No,Yes,No,Yes,Month-to-month,Yes,Electronic check,84.36,3341.63,Yes
3442-97324,Male,0,No,No,15,Yes,Yes,Fiber optic,Yes,No,No,No,No,Yes,Two year,No,Electronic check,103.45,1569.21,No
4731-10005,Male,0,No,No,56,No,No phone service,Fiber optic,Yes,No,No,No,Yes,No,Month-to-month,Yes,Mailed check,113.17,6487.39,No
4307-12796,Female,1,No,Yes,39,Yes,Yes,DSL,No,No,No,No,Yes,No,Month-to-month,Yes,Electronic check,71.16,2793.21,Yes
3558-58021,Male,0,Yes,No,49,Yes,Yes,No,No internet service,No internet service,No internet service,No internet service,No internet service,No internet service,Month-to-month,Yes,Mailed check,30.27,1481.89,No
6772-45238,Male,0,No,Yes,48,Yes,Yes,DSL,No,No,No,No,No,Yes,Month-to-month,No,Electronic check,71.46,3382.66,Yes
9366-31005,Male,0,No,No,41,Yes,No,DSL,No,No,Yes,No,Yes,No,Two year,No,Mailed check,69.29,2856.29,No
5722-90382,Male,0,Yes,No,23,Yes,No,DSL,No,No,Yes,No,No,No,One year,Yes,Electronic check,48.75,1119.84,No
6830-23875,Male,0,Yes,Yes,12,No,No phone service,DSL,No,No,No,No,No,No,Month-to-month,Yes,Mailed check,57.49,697.93,Yes
3342-87825,Male,0,Yes,No,27,Yes,No,Fiber optic,No,Yes,No,No,No,Yes,One year,No,Credit card (automatic),115.87,3063.58,No
9618-25062,Female,0,Yes,Yes,21,Yes,No,Fiber optic,No,No,Yes,Yes,No,No,Month-to-month,No,Mailed check,93.57,1952.83,No
7349-83023,Female,0,No,No,66,Yes,No,No,No internet service,No internet service,No internet service,No internet service,No internet service,No internet service,Two year,Yes,Bank transfer (automatic),20.87,1381.3,No
1669-18556,Female,0,Yes,Yes,34,Yes,Yes,Fiber optic,No,No,No,No,Yes,No,Month-to-month,Yes,Bank transfer (automatic),117.18,4078.98,No
6072-19592,Male,0,No,No,3,Yes,Yes,DSL,No,No,Yes,Yes,No,No,Month-to-month,Yes,Bank transfer (automatic),61.33,191.32,Yes
6823-99091,Female,0,No,No,62,Yes,Yes,No,No internet service,No internet service,No internet service,No internet service,No internet service,No internet service,Month-to-month,Yes,Mailed check,29.17,1795.78,No
4572-86250,Male,0,Yes,Yes,13,Yes,Yes,No,No internet service,No internet service,No internet service,No internet service,No internet service,No internet service,Month-to-month,No,Credit card (automatic),24.93,328.13,No
5690-10832,Female,1,No,No,70,Yes,Yes,DSL,Yes,Yes,Yes,No,Yes,Yes,Two year,No,Mailed check,82.61,5687.91,No
8259-65085,Female,0,No,Yes,42,Yes,No,Fiber optic,No,No,No,No,No,Yes,Month-to-month,Yes,Mailed check,77.57,3298.41,Yes
3989-79690,Female,0,No,No,30,Yes,No,No,No internet service,No internet service,No internet service,No internet service,No internet service,No internet service,Month-to-month,No,Electronic check,22.28,649.35,No
8506-18005,Male,0,No,Yes,21,Yes,Yes,No,No internet service,No internet service,No internet service,No internet service,No internet service,No internet service,Two year,Yes,Credit card (automatic),30.31,623.97,No
3596-40212,Male,0,No,No,19,Yes,No,Fiber optic,No,No,Yes,No,No,No,Month-to-month,Yes,Electronic check,103.26,1957.97,Yes
4417-15605,Female,0,Yes,Yes,59,Yes,No,Fiber optic,No,No,No,No,No,No,Month-to-month,No,Mailed check,85.88,4988.29,Yes
3039-36700,Male,0,Yes,Yes,11,Yes,Yes,Fiber optic,No,No,Yes,No,Yes,Yes,One year,No,Mailed check,93.17,999.67,No
3208-44806,Male,0,Yes,Yes,34,Yes,No,Fiber optic,No,Yes,Yes,Yes,Yes,No,Month-to-month,Yes,Electronic check,96.74,3352.36,No
5438-96394,Male,0,Yes,No,52,Yes,No,No,No internet service,No internet service,No internet service,No internet service,No internet service,No internet service,Two year,Yes,Mailed check,26.0,1358.86,No
3884-91323,Male,0,No,No,41,Yes,No,Fiber optic,No,No,Yes,No,Yes,No,One year,No,Credit card (automatic),97.98,4149.98,Yes
4820-11353,Male,1,Yes,No,26,Yes,Yes,DSL,No,Yes,Yes,Yes,No,No,Month-to-month,Yes,Mailed check,79.88,1995.12,No
8583-50704,Male,0,No,No,31,Yes,No,Fiber optic,No,No,No,No,Yes,Yes,Month-to-month,Yes,Credit card (automatic),92.32,2791.55,Yes
1753-96810,Female,1,Yes,Yes,31,Yes,No,No,No internet service,No internet service,No internet service,No internet service,No internet service,No internet service,Month-to-month,Yes,Electronic check,20.78,646.6,No
2765-72724,Female,0,No,No,21,Yes,Yes,No,No internet service,No internet service,No internet service,No internet service,No internet service,No internet service,Month-to-month,No,Electronic check,27.82,580.92,No
3459-31338,Female,1,No,No,18,Yes,Yes,DSL,No,No,No,No,No,Yes,One year,Yes,Credit card (automatic),53.44,1000.14,No
5629-17986,Male,0,No,No,25,Yes,Yes,No,No internet service,No internet service,No internet service,No internet service,No internet service,No internet service,Two year,Yes,Bank transfer (automatic),25.48,640.69,No
8965-71970,Female,0,No,No,37,Yes,Yes,DSL,No,No,No,No,No,Yes,Month-to-month,Yes,Credit card (automatic),59.39,2125.6,No
7524-94346,Male,0,Yes,No,56,Yes,Yes,No,No internet service,No internet service,No internet service,No internet service,No internet service,No internet service,Two year,No,Electronic check,27.14,1512.4,No
5419-70423,Male,1,No,Yes,42,Yes,No,Fiber optic,No,No,No,No,Yes,Yes,Month-to-month,No,Bank transfer (automatic),96.4,3943.63,Yes
3507-71023,Male,0,Yes,No,44,Yes,No,DSL,No,No,No,No,No,Yes,Two year,Yes,Bank transfer (automatic),66.48,2855.17,No
7567-82733,Male,0,No,Yes,17,Yes,No,DSL,No,No,Yes,No,Yes,Yes,Month-to-month,Yes,Credit card (automatic),66.58,1114.06,No
8897-30252,Female,0,No,No,60,Yes,Yes,DSL,No,Yes,Yes,No,No,No,Two year,No,Credit card (automatic),59.44,3644.58,No
7601-19540,Male,1,Yes,Yes,12,Yes,No,DSL,Yes,No,Yes,No,No,No,Month-to-month,Yes,Mailed check,64.19,774.26,No
8697-46440,Female,0,Yes,No,68,Yes,No,DSL,No,No,No,No,Yes,No,Month-to-month,Yes,Bank transfer (automatic),74.45,5121.94,No
9721-78046,Male,0,Yes,No,11,Yes,Yes,No,No internet service,No internet service,No internet service,No internet service,No internet service,No internet service,Month-to-month,Yes,Credit card (automatic),25.39,276.19,No
1853-41525,Female,0,No,No,66,Yes,No,DSL,Yes,No,No,No,No,Yes,Two year,Yes,Credit card (automatic),61.87,4154.1,No
7586-54196,Male,1,No,No,33,Yes,No,No,No internet service,No internet service,No internet service,No internet service,No internet service,No internet service,Two year,Yes,Mailed check,19.61,661.29,No
9682-44041,Male,0,Yes,No,10,Yes,No,DSL,Yes,No,Yes,No,Yes,No,One year,Yes,Credit card (automatic),63.87,634.86,No
9505-56169,Female,0,Yes,No,44,No,No phone service,Fiber optic,No,No,No,No,No,No,Month-to-month,Yes,Credit card (automatic),93.19,3986.34,No
7201-88993,Female,0,Yes,No,24,Yes,No,Fiber optic,No,No,No,No,Yes,No,One year,No,Electronic check,92.48,2291.71,Yes
6419-11190,Male,1,No,No,33,Yes,Yes,DSL,No,No,No,No,Yes,No,Month-to-month,Yes,Bank transfer (automatic),57.47,1902.02,No
9834-91145,Female,1,Yes,Yes,12,Yes,Yes,Fiber optic,No,Yes,No,No,Yes,No,One year,No,Electronic check,103.9,1230.43,No
7703-24712,Male,0,Yes,No,46,No,No phone service,Fiber optic,No,No,Yes,No,No,No,Month-to-month,Yes,Electronic check,95.36,4387.14,Yes
9327-21598,Female,0,No,No,14,Yes,No,DSL,Yes,Yes,No,No,Yes,No,Two year,Yes,Electronic check,63.24,900.53,No
4357-99030,Female,0,Yes,No,33,Yes,No,Fiber optic,No,No,No,No,No,Yes,One year,No,Credit card (automatic),88.6,2984.76,No
1948-61087,Male,1,No,Yes,54,Yes,Yes,Fiber optic,No,Yes,No,No,No,Yes,Month-to-month,No,Mailed check,102.73,5367.31,Yes
8943-41102,Female,0,No,No,32,Yes,No,DSL,No,Yes,No,No,Yes,No,One year,Yes,Credit card (automatic),64.64,2134.6,No
5895-83576,Male,0,Yes,No,4,Yes,No,DSL,No,Yes,Yes,No,No,No,Month-to-month,Yes,Credit card (automatic),52.07,213.43,No
4281-55080,Male,0,No,No,41,Yes,Yes,DSL,Yes,No,No,Yes,No,Yes,Month-to-month,Yes,Credit card (automatic),72.93,3072.64,No
1525-95059,Male,0,Yes,No,14,Yes,Yes,Fiber optic,No,No,No,No,Yes,No,Month-to-month,No,Credit card (automatic),90.91,1289.59,Yes
7308-98699,Male,0,Yes,Yes,16,Yes,No,No,No internet service,No internet service,No internet service,No internet service,No internet service,No internet service,Month-to-month,Yes,Mailed check,20.77,334.45,No
6046-33222,Female,0,No,No,13,Yes,Yes,DSL,Yes,No,No,Yes,Yes,Yes,Month-to-month,Yes,Credit card (automatic),87.5,1098.36,Yes
6050-94887,Male,1,No,No,48,Yes,No,Fiber optic,Yes,No,Yes,No,Yes,Yes,One year,No,Mailed check,116.83,5691.04,Yes
9867-15883,Male,0,No,No,59,Yes,No,DSL,No,No,No,No,No,No,One year,Yes,Electronic check,41.48,2418.26,No
6065-64927,Female,0,Yes,No,62,Yes,No,No,No internet service,No internet service,No internet service,No internet service,No internet service,No internet service,Month-to-month,Yes,Credit card (automatic),29.79,1887.61,No
6539-51036,Male,0,Yes,Yes,31,Yes,No,No,No internet service,No internet service,No internet service,No internet service,No internet service,No internet service,Two year,No,Credit card (automatic),25.36,807.01,No
3974-67815,Female,0,Yes,No,25,Yes,Yes,Fiber optic,No,Yes,No,No,No,No,Two year,Yes,Credit card (automatic),83.45,2109.75,No
5248-33125,Male,1,No,Yes,44,Yes,Yes,DSL,Yes,Yes,No,No,No,Yes,Month-to-month,Yes,Mailed check,67.1,2984.63,No
6152-88701,Female,0,No,No,48,Yes,No,Fiber optic,No,No,No,No,Yes,Yes,Month-to-month,Yes,Credit card (automatic),101.06,5000.71,Yes
1788-59418,Female,0,No,No,19,Yes,No,Fiber optic,No,No,No,No,Yes,Yes,Two year,Yes,Electronic check,85.23,1669.68,No
9696-97830,Female,0,No,Yes,3,Yes,No,Fiber optic,No,No,Yes,No,No,No,Month-to-month,Yes,Bank transfer (automatic),87.05,253.88,Yes
6487-68903,Male,0,Yes,No,44,No,No phone service,DSL,No,No,No,No,Yes,No,Month-to-month,No,Electronic check,71.1,3063.9,No
6325-42360,Male,0,No,No,55,Yes,No,DSL,No,No,No,No,No,No,Two year,No,Electronic check,44.96,2452.05,No
9221-36045,Female,0,Yes,No,67,Yes,Yes,DSL,Yes,No,No,No,Yes,No,Two year,No,Electronic check,52.16,3611.36,No
3190-54924,Male,0,Yes,Yes,43,Yes,No,Fiber optic,Yes,No,No,No,No,Yes,Two year,Yes,Credit card (automatic),86.98,3841.93,No
2948-47141,Female,0,No,No,44,Yes,No,Fiber optic,No,No,No,No,No,Yes,Two year,Yes,Electronic check,102.74,4409.44,No
9516-59160,Male,0,No,No,22,Yes,Yes,DSL,No,No,Yes,No,No,No,Month-to-month,No,Mailed check,70.19,1509.87,Yes
9945-26092,Female,0,Yes,No,6,Yes,Yes,No,No internet service,No internet service,No internet service,No internet service,No internet service,No internet service,One year,Yes,Credit card (automatic),29.74,174.1,No
2822-14788,Female,1,Yes,No,48,Yes,Yes,No,No internet service,No internet service,No internet service,No internet service,No internet service,No internet service,Two year,Yes,Bank transfer (automatic),32.27,1588.19,No
7474-93885,Male,0,No,No,34,No,No phone service,No,No internet service,No internet service,No internet service,No internet service,No internet service,No internet service,Month-to-month,Yes,Electronic check,26.23,879.21,No
7411-47490,Male,1,Yes,No,18,Yes,Yes,Fiber optic,Yes,No,No,No,No,Yes,Month-to-month,Yes,Electronic check,98.82,1818.57,No
4758-40474,Female,0,No,Yes,4,Yes,No,Fiber optic,No,Yes,Yes,No,No,Yes,Month-to-month,Yes,Electronic check,102.14,394.45,Yes
1890-27553,Male,0,No,Yes,3,Yes,Yes,Fiber optic,No,No,No,No,Yes,Yes,One year,No,Electronic check,83.53,259.11,Yes
4966-87145,Female,0,Yes,No,27,Yes,No,DSL,No,Yes,No,No,Yes,Yes,One year,Yes,Credit card (automatic),76.53,2014.69,No
1227-70082,Male,0,Yes,No,66,Yes,No,Fiber optic,No,No,No,No,No,No,Two year,Yes,Bank transfer (automatic),102.99,6618.61,No
3710-41562,Female,0,Yes,No,20,Yes,Yes,Fiber optic,No,No,No,No,No,Yes,Month-to-month,No,Mailed check,113.68,2265.7,Yes
7334-56351,Female,0,No,Yes,5,Yes,Yes,Fiber optic,No,No,No,Yes,Yes,No,One year,Yes,Mailed check,105.46,542.22,Yes
9353-51778,Male,0,Yes,Yes,16,Yes,Yes,Fiber optic,No,Yes,No,No,Yes,No,Month-to-month,No,Bank transfer (automatic),103.91,1670.43,Yes
4314-12254,Female,0,No,No,13,Yes,No,Fiber optic,No,Yes,Yes,No,No,No,Two year,Yes,Credit card (automatic),118.78,1534.53,Yes
4797-47285,Male,0,Yes,Yes,52,Yes,No,Fiber optic,No,No,No,Yes,Yes,No,One year,No,Bank transfer (automatic),117.87,6088.97,No
1900-67776,Female,1,No,No,49,Yes,Yes,DSL,No,Yes,No,No,No,No,One year,No,Credit card (automatic),51.98,2511.18,No
6262-45606,Male,1,Yes,No,0,Yes,No,No,No internet service,No internet service,No internet service,No internet service,No internet service,No internet service,Month-to-month,No,Credit card (automatic),27.79,,No
1101-94482,Male,0,Yes,Yes,37,Yes,Yes,No,No internet service,No internet service,No internet service,No internet service,No internet service,No internet service,Month-to-month,Yes,Mailed check,35.43,1328.12,No
5425-45880,Male,0,No,No,43,No,No phone service,Fiber optic,No,Yes,No,No,Yes,Yes,Month-to-month,No,Bank transfer (automatic),92.87,3993.93,Yes
6008-97585,Male,0,No,No,44,Yes,Yes,Fiber optic,No,No,No,No,No,Yes,Two year,Yes,Credit card (automatic),97.96,4457.65,No
9201-42669,Male,0,Yes,No,37,Yes,No,DSL,No,Yes,Yes,No,No,No,Month-to-month,Yes,Credit card (automatic),74.52,2731.8,No
9469-19699,Female,0,Yes,Yes,64,Yes,No,No,No internet service,No internet service,No internet service,No internet service,No internet service,No internet service,Two year,Yes,Mailed check,20.44,1265.74,No
3269-10502,Male,0,No,No,12,Yes,No,DSL,No,No,Yes,No,No,No,Month-to-month,No,Credit card (automatic),54.73,648.66,No
7578-63389,Female,0,Yes,No,31,Yes,Yes,No,No internet service,No internet service,No internet service,No internet service,No internet service,No internet service,Month-to-month,Yes,Credit card (automatic),26.64,817.64,No
7306-73967,Male,1,Yes,No,31,Yes,Yes,Fiber optic,No,No,No,Yes,Yes,No,Month-to-month,No,Electronic check,109.06,3362.48,Yes
1443-55702,Male,0,Yes,Yes,29,Yes,Yes,No,No internet service,No internet service,No internet service,No internet service,No internet service,No internet service,Month-to-month,No,Bank transfer (automatic),23.72,702.36,No
7263-17008,Female,0,Yes,Yes,39,Yes,No,Fiber optic,No,No,No,No,Yes,Yes,Month-to-month,Yes,Credit card (automatic),109.92,4254.11,No
7442-17816,Female,1,No,No,18,Yes,No,Fiber optic,No,Yes,No,No,Yes,Yes,Month-to-month,Yes,Mailed check,89.63,1596.75,Yes
7724-58498,Male,0,No,No,58,Yes,Yes,DSL,Yes,No,Yes,No,No,Yes,Month-to-month,Yes,Bank transfer (automatic),83.04,4846.35,No
5110-99357,Male,0,No,No,26,Yes,No,No,No internet service,No internet service,No internet service,No internet service,No internet service,No internet service,One year,Yes,Mailed check,19.48,517.56,No
4904-21945,Female,1,No,No,23,No,No phone service,Fiber optic,No,No,No,Yes,No,Yes,Month-to-month,Yes,Credit card (automatic),94.05,2207.03,No
4761-22604,Female,1,Yes,No,58,Yes,No,Fiber optic,Yes,No,No,Yes,Yes,Yes,One year,Yes,Electronic check,119.0,7023.71,No
7760-27225,Female,0,No,No,32,Yes,No,DSL,Yes,Yes,No,No,No,No,One year,Yes,Credit card (automatic),78.15,2568.8,No
1166-83360,Male,0,Yes,Yes,33,Yes,No,Fiber optic,No,Yes,No,No,No,Yes,Month-to-month,Yes,Bank transfer (automatic),94.6,3047.95,Yes
2490-79227,Male,0,Yes,Yes,21,Yes,No,Fiber optic,Yes,No,No,No,No,No,Month-to-month,Yes,Mailed check,111.83,2287.97,No
8997-30677,Female,0,No,Yes,15,Yes,No,Fiber optic,No,Yes,No,No,Yes,No,Month-to-month,Yes,Mailed check,92.58,1370.97,Yes
8654-30964,Female,0,Yes,No,2,Yes,No,Fiber optic,No,No,Yes,No,No,No,Month-to-month,Yes,Bank transfer (automatic),92.6,191.02,Yes
8472-64889,Male,0,Yes,Yes,55,Yes,Yes,Fiber optic,No,No,No,No,No,No,Month-to-month,Yes,Mailed check,81.6,4342.4,Yes
1759-84180,Male,0,Yes,No,33,Yes,Yes,No,No internet service,No internet service,No internet service,No internet service,No internet service,No internet service,One year,Yes,Credit card (automatic),32.28,1031.1,No
9659-16317,Male,0,No,No,1,No,No phone service,Fiber optic,No,Yes,No,No,Yes,Yes,Month-to-month,No,Credit card (automatic),85.55,86.56,Yes
2031-50096,Female,0,Yes,No,21,Yes,Yes,No,No internet service,No internet service,No internet service,No internet service,No internet service,No internet service,Two year,Yes,Mailed check,33.95,723.06,No
8548-99597,Male,0,No,No,47,Yes,No,DSL,Yes,No,Yes,No,No,No,One year,No,Credit card (automatic),65.32,3100.49,No
3340-83042,Male,0,No,Yes,23,Yes,Yes,Fiber optic,No,No,No,No,Yes,Yes,Month-to-month,Yes,Credit card (automatic),91.15,2062.37,Yes
3344-15197,Male,0,No,No,34,Yes,No,Fiber optic,No,Yes,Yes,No,Yes,No,One year,No,Mailed check,106.85,3693.21,No
7051-72610,Female,0,Yes,No,30,Yes,Yes,No,No internet service,No internet service,No internet service,No internet service,No internet service,No internet service,Month-to-month,Yes,Electronic check,34.14,1054.45,No
5749-98392,Male,0,No,No,23,Yes,No,Fiber optic,No,No,Yes,No,No,No,Month-to-month,No,Bank transfer (automatic),77.98,1802.69,Yes
1115-52427,Male,0,Yes,No,47,Yes,No,Fiber optic,No,No,Yes,No,No,No,Two year,Yes,Bank transfer (automatic),96.46,4392.78,No
1949-98012,Male,0,No,No,25,Yes,Yes,Fiber optic,No,No,No,No,Yes,Yes,Month-to-month,Yes,Mailed check,92.83,2361.19,Yes
2694-82644,Male,0,No,No,13,Yes,Yes,No,No internet service,No internet service,No internet service,No internet service,No internet service,No internet service,Month-to-month,No,Bank transfer (automatic),33.39,439.79,No
9269-12949,Female,0,Yes,Yes,12,Yes,Yes,No,No internet service,No internet service,No internet service,No internet service,No internet service,No internet service,Two year,Yes,Mailed check,32.66,385.94,No
4574-61594,Male,0,No,No,62,No,No phone service,Fiber optic,Yes,No,No,No,Yes,Yes,Two year,Yes,Bank transfer (automatic),113.09,6918.78,No
3186-62169,Male,0,No,No,12,Yes,No,No,No internet service,No internet service,No internet service,No internet service,No internet service,No internet service,Month-to-month,No,Credit card (automatic),23.31,290.65,No
2916-79160,Female,0,Yes,Yes,43,No,No phone service,No,No internet service,No internet service,No internet service,No internet service,No internet service,No internet service,One year,Yes,Electronic check,22.18,946.0,No
2516-98272,Male,1,Yes,Yes,51,Yes,No,Fiber optic,No,Yes,No,No,Yes,Yes,Two year,Yes,Bank transfer (automatic),82.1,4055.93,No
9551-76904,Female,0,No,No,15,Yes,Yes,Fiber optic,No,Yes,No,Yes,Yes,Yes,One year,Yes,Electronic check,112.63,1659.39,No
1759-13892,Female,0,No,No,42,No,No phone service,DSL,Yes,Yes,No,No,No,Yes,Month-to-month,Yes,Bank transfer (automatic),68.37,2852.51,No
5804-31401,Male,0,No,Yes,70,Yes,No,DSL,No,No,No,No,No,No,Two year,No,Mailed check,43.53,3055.31,No
6769-17095,Female,0,Yes,No,59,Yes,No,DSL,No,No,Yes,No,No,Yes,Month-to-month,Yes,Credit card (automatic),58.4,3432.73,Yes
2772-80779,Male,0,No,No,8,Yes,Yes,DSL,No,No,No,No,No,Yes,Month-to-month,No,Credit card (automatic),52.25,427.59,No
2401-63465,Female,0,No,No,10,Yes,No,Fiber optic,No,No,No,No,No,No,Month-to-month,Yes,Mailed check,105.76,1087.23,Yes
5359-36792,Male,0,No,No,17,Yes,Yes,No,No internet service,No internet service,No internet service,No internet service,No internet service,No internet service,Month-to-month,Yes,Bank transfer (automatic),33.02,571.62,No
9629-33692,Female,0,No,No,35,Yes,No,DSL,No,Yes,Yes,No,Yes,Yes,Month-to-month,Yes,Mailed check,80.18,2779.51,Yes
9102-49115,Female,0,Yes,Yes,3,Yes,No,DSL,No,Yes,No,No,No,No,Month-to-month,No,Electronic check,56.68,167.06,Yes
3740-97938,Female,0,No,No,36,Yes,No,DSL,Yes,Yes,No,Yes,No,No,Month-to-month,Yes,Mailed check,82.06,3048.51,Yes
3546-93836,Male,1,Yes,Yes,30,Yes,No,Fiber optic,Yes,No,No,No,Yes,No,Two year,Yes,Credit card (automatic),111.64,3354.6,No
8741-30802,Male,0,Yes,No,0,Yes,No,Fiber optic,No,No,No,No,No,Yes,Month-to-month,No,Bank transfer (automatic),100.29,,Yes
3096-97431,Male,0,No,No,42,Yes,Yes,Fiber optic,No,Yes,No,No,Yes,Yes,Month-to-month,No,Credit card (automatic),94.18,3821.62,Yes
9331-79042,Male,0,Yes,No,56,Yes,No,DSL,No,No,No,No,No,No,Two year,No,Electronic check,46.0,2525.45,No
1045-15661,Female,0,Yes,No,2,Yes,Yes,Fiber optic,Yes,No,No,No,Yes,Yes,Month-to-month,Yes,Credit card (automatic),87.78,181.4,Yes
2364-49494,Male,0,Yes,No,31,Yes,Yes,Fiber optic,No,No,Yes,No,Yes,No,One year,No,Mailed check,96.68,3093.13,No
4318-59750,Female,0,No,No,41,Yes,No,No,No internet service,No internet service,No internet service,No internet service,No internet service,No internet service,Month-to-month,No,Bank transfer (automatic),19.81,830.6,No
3677-12695,Female,0,No,Yes,49,No,No phone service,Fiber optic,No,No,Yes,No,Yes,Yes,One year,Yes,Credit card (automatic),114.36,5661.96,No
5595-70130,Male,0,Yes,No,47,Yes,Yes,No,No internet service,No internet service,No internet service,No internet service,No internet service,No internet service,Month-to-month,Yes,Electronic check,29.36,1376.61,No
8993-30650,Male,1,Yes,No,39,Yes,Yes,DSL,Yes,Yes,Yes,Yes,Yes,No,Month-to-month,Yes,Bank transfer (automatic),89.47,3616.68,Yes
2409-50287,Female,0,No,No,59,No,No phone service,Fiber optic,No,No,Yes,No,Yes,Yes,One year,Yes,Credit card (automatic),107.27,6314.89,No
5887-52830,Male,0,Yes,No,50,No,No phone service,Fiber optic,No,No,No,No,Yes,Yes,Month-to-month,No,Electronic check,105.88,5430.05,Yes
1089-56002,Male,0,No,No,22,Yes,Yes,No,No internet service,No internet service,No internet service,No internet service,No internet service,No internet service,Month-to-month,Yes,Credit card (automatic),28.55,624.92,No
5098-17031,Female,0,No,No,32,Yes,Yes,Fiber optic,No,No,No,No,No,No,Month-to-month,Yes,Credit card (automatic),94.85,3144.01,Yes
5503-37354,Female,0,Yes,No,12,Yes,No,Fiber optic,No,No,No,No,Yes,Yes,One year,Yes,Mailed check,79.85,954.6,Yes
3766-73039,Male,0,No,Yes,53,Yes,Yes,No,No internet service,No internet service,No internet service,No internet service,No internet service,No internet service,Month-to-month,Yes,Electronic check,30.9,1575.04,No
5505-60841,Male,0,Yes,No,3,Yes,No,DSL,No,Yes,Yes,No,No,Yes,One year,No,Credit card (automatic),64.22,191.46,No
1777-10891,Male,0,No,No,36,Yes,No,DSL,No,No,Yes,Yes,Yes,No,One year,No,Electronic check,73.7,2703.04,No
8596-96756,Female,0,Yes,No,0,Yes,No,DSL,No,No,Yes,Yes,No,No,Month-to-month,Yes,Credit card (automatic),53.75,,No
5838-47531,Female,0,No,No,58,Yes,No,DSL,Yes,No,Yes,Yes,Yes,Yes,Two year,Yes,Credit card (automatic),91.47,5319.17,No
9178-48096,Female,0,No,No,13,Yes,Yes,Fiber optic,No,Yes,No,No,No,Yes,Two year,No,Credit card (automatic),116.38,1480.16,No
3483-97580,Female,0,No,No,42,Yes,Yes,DSL,No,No,No,Yes,No,No,Month-to-month,Yes,Bank transfer (automatic),61.52,2521.85,No
6218-10203,Female,0,No,No,35,No,No phone service,DSL,Yes,Yes,No,No,No,Yes,Month-to-month,No,Mailed check,68.38,2446.27,No
7963-29500,Male,0,Yes,No,66,Yes,Yes,DSL,No,Yes,No,No,No,Yes,Month-to-month,No,Electronic check,63.84,4321.43,No
7251-59177,Male,0,No,No,58,Yes,No,DSL,No,No,No,Yes,No,No,Two year,Yes,Credit card (automatic),52.3,2954.99,No
2768-32891,Female,1,No,No,10,Yes,Yes,Fiber optic,No,No,No,No,No,Yes,Month-to-month,Yes,Bank transfer (automatic),94.46,952.33,Yes
3718-52663,Female,0,Yes,No,33,No,No phone service,Fiber optic,No,No,No,Yes,Yes,No,Month-to-month,Yes,Mailed check,112.71,3710.3,Yes
1268-67776,Female,0,Yes,Yes,55,Yes,Yes,DSL,Yes,No,No,No,No,No,Two year,Yes,Mailed check,60.44,3200.59,No
6518-77436,Male,0,Yes,No,4,Yes,Yes,No,No internet service,No internet service,No internet service,No internet service,No internet service,No internet service,One year,Yes,Credit card (automatic),28.46,110.49,Yes
5804-72744,Male,0,Yes,Yes,49,Yes,No,DSL,No,No,Yes,No,No,Yes,Month-to-month,Yes,Credit card (automatic),53.42,2579.77,Yes
8790-72955,Male,0,No,No,41,Yes,No,DSL,No,Yes,Yes,No,No,No,One year,Yes,Credit card (automatic),49.74,2054.06,No
7213-96800,Male,0,Yes,Yes,49,Yes,Yes,DSL,Yes,Yes,Yes,Yes,No,No,Two year,Yes,Credit card (automatic),80.61,4017.27,No
5661-56732,Female,0,No,No,7,Yes,No,DSL,Yes,No,No,No,No,No,Month-to-month,Yes,Electronic check,64.48,450.61,Yes
7298-15049,Female,0,No,No,46,Yes,Yes,No,No internet service,No internet service,No internet service,No internet service,No internet service,No internet service,Month-to-month,No,Credit card (automatic),32.11,1420.81,No
5166-24498,Male,0,Yes,No,26,Yes,No,Fiber optic,No,No,Yes,No,No,No,One year,Yes,Bank transfer (automatic),95.84,2525.51,No
9998-65798,Male,0,No,No,28,Yes,Yes,DSL,No,Yes,No,No,Yes,Yes,Month-to-month,No,Bank transfer (automatic),72.07,2090.85,Yes
1131-27586,Female,0,Yes,Yes,46,Yes,Yes,No,No internet service,No internet service,No internet service,No internet service,No internet service,No internet service,Two year,Yes,Electronic check,29.88,1373.31,No
5608-77741,Male,0,Yes,Yes,38,Yes,No,Fiber optic,No,Yes,No,No,No,Yes,Month-to-month,No,Electronic check,102.96,3971.7,Yes
9796-10740,Female,0,Yes,Yes,49,Yes,Yes,Fiber optic,No,No,No,No,No,No,One year,No,Mailed check,98.42,4757.52,Yes
2609-92443,Female,0,Yes,No,60,Yes,No,Fiber optic,No,Yes,No,No,Yes,No,Two year,Yes,Electronic check,115.22,6973.92,No
1898-28587,Male,0,Yes,No,7,Yes,No,DSL,Yes,Yes,No,No,No,No,Month-to-month,Yes,Mailed check,78.54,562.32,No
6250-88372,Male,0,Yes,No,5,Yes,Yes,Fiber optic,No,Yes,No,No,No,No,Month-to-month,No,Credit card (automatic),76.49,380.29,Yes
7068-44324,Female,0,Yes,No,18,Yes,No,Fiber optic,No,No,No,No,Yes,Yes,Two year,Yes,Credit card (automatic),80.69,1477.87,No
9989-52310,Female,0,Yes,Yes,10,No,No phone service,No,No internet service,No internet service,No internet service,No internet service,No internet service,No internet service,One year,Yes,Credit card (automatic),29.55,300.19,No
9994-87892,Male,0,No,No,33,Yes,Yes,DSL,No,Yes,Yes,Yes,Yes,No,Month-to-month,Yes,Bank transfer (automatic),84.16,2768.89,No
6962-77660,Female,1,Yes,No,14,Yes,Yes,DSL,No,No,Yes,No,No,No,Month-to-month,Yes,Bank transfer (automatic),70.14,1013.31,Yes
9653-52787,Female,0,No,No,18,Yes,Yes,Fiber optic,Yes,No,Yes,Yes,No,No,Month-to-month,Yes,Credit card (automatic),100.7,1740.59,Yes
6810-65373,Female,0,No,Yes,31,Yes,No,Fiber optic,No,Yes,No,No,Yes,No,Month-to-month,Yes,Bank transfer (automatic),80.36,2551.08,No
4216-10494,Male,0,No,No,11,Yes,Yes,Fiber optic,No,No,No,No,Yes,Yes,Month-to-month,No,Electronic check,112.41,1260.54,Yes
9159-32725,Female,0,No,No,3,Yes,No,Fiber optic,No,Yes,No,Yes,No,Yes,One year,Yes,Bank transfer (automatic),85.03,247.75,Yes
6802-50313,Female,0,No,Yes,17,Yes,Yes,Fiber optic,No,No,Yes,No,No,Yes,Month-to-month,No,Electronic check,93.75,1572.54,Yes
9016-50524,Male,0,No,No,13,Yes,Yes,DSL,No,No,Yes,No,No,Yes,One year,Yes,Credit card (automatic),80.02,1024.87,No
5131-97278,Male,0,No,No,35,Yes,No,No,No internet service,No internet service,No internet service,No internet service,No internet service,No internet service,Two year,No,Credit card (automatic),23.05,835.17,No
2990-22423,Female,0,No,No,28,Yes,No,Fiber optic,No,Yes,No,Yes,No,Yes,Two year,No,Bank transfer (automatic),105.53,2977.01,No
4521-51393,Male,0,Yes,No,63,Yes,No,No,No internet service,No internet service,No internet service,No internet service,No internet service,No internet service,Two year,Yes,Electronic check,29.67,1800.67,No
2378-21839,Male,1,No,No,18,No,No phone service,Fiber optic,No,No,No,No,Yes,Yes,Month-to-month,No,Bank transfer (automatic),118.82,2197.5,Yes
5943-88205,Male,0,No,No,17,Yes,No,No,No internet service,No internet service,No internet service,No internet service,No internet service,No internet service,Month-to-month,Yes,Credit card (automatic),25.25,434.12,No
3412-38979,Female,0,Yes,No,35,Yes,No,No,No internet service,No internet service,No internet service,No internet service,No internet service,No internet service,Month-to-month,No,Credit card (automatic),28.5,962.55,No
8824-44880,Female,1,No,No,7,Yes,Yes,Fiber optic,No,Yes,No,No,Yes,Yes,Month-to-month,No,Mailed check,114.13,809.76,Yes
5387-75044,Male,0,No,No,22,Yes,No,No,No internet service,No internet service,No internet service,No internet service,No internet service,No internet service,Two year,Yes,Electronic check,21.81,470.92,No
9846-34625,Female,0,No,No,4,Yes,Yes,DSL,Yes,No,Yes,No,No,Yes,One year,No,Credit card (automatic),75.41,305.0,No
8887-97858,Male,0,Yes,No,10,Yes,No,DSL,No,Yes,No,Yes,No,No,One year,No,Bank transfer (automatic),73.68,750.82,No
2495-20449,Female,1,Yes,No,45,Yes,No,Fiber optic,No,No,No,No,No,Yes,Month-to-month,No,Mailed check,109.01,4982.14,Yes
6192-29972,Female,0,Yes,No,59,Yes,No,DSL,No,Yes,No,Yes,Yes,No,Month-to-month,Yes,Credit card (automatic),74.87,4588.16,No
5758-28179,Female,0,No,Yes,15,No,No phone service,Fiber optic,No,No,No,Yes,No,Yes,Two year,Yes,Bank transfer (automatic),82.65,1254.42,No
1248-50910,Male,1,No,No,0,Yes,No,DSL,No,No,Yes,No,No,No,Month-to-month,Yes,Credit card (automatic),67.28,,Yes
4491-72875,Female,0,No,No,59,Yes,Yes,DSL,Yes,No,No,Yes,Yes,No,Month-to-month,Yes,Mailed check,66.58,3841.35,No
1258-45695,Male,1,Yes,Yes,46,Yes,No,Fiber optic,No,No,Yes,No,Yes,Yes,One year,Yes,Credit card (automatic),92.6,4120.92,No
2535-12611,Female,1,Yes,No,42,Yes,No,No,No internet service,No internet service,No internet service,No internet service,No internet service,No internet service,One year,No,Credit card (automatic),24.0,1030.07,No
7062-18521,Male,1,No,No,8,Yes,Yes,Fiber optic,No,No,No,No,Yes,Yes,Month-to-month,Yes,Credit card (automatic),111.81,905.74,Yes
8670-20453,Male,0,No,No,7,Yes,No,Fiber optic,No,No,No,No,Yes,No,Month-to-month,No,Bank transfer (automatic),86.77,601.3,Yes
7292-45509,Male,0,No,No,68,Yes,No,Fiber optic,No,No,No,Yes,No,No,Two year,No,Credit card (automatic),97.55,6391.72,No
6056-48032,Female,0,Yes,No,36,Yes,No,No,No internet service,No internet service,No internet service,No internet service,No internet service,No internet service,Two year,Yes,Credit card (automatic),28.57,1028.24,No
9755-83526,Male,0,Yes,No,35,Yes,No,DSL,No,No,Yes,Yes,No,Yes,Month-to-month,Yes,Electronic check,56.64,2043.86,No
8260-84361,Female,0,No,Yes,60,Yes,Yes,No,No internet service,No internet service,No internet service,No internet service,No internet service,No internet service,Two year,No,Credit card (automatic),30.36,1814.35,No
9617-70775,Male,1,No,No,12,Yes,No,Fiber optic,No,No,Yes,No,Yes,Yes,Month-to-month,No,Mailed check,117.3,1452.91,No
7582-52637,Male,0,Yes,No,38,Yes,Yes,Fiber optic,No,No,No,No,Yes,Yes,One year,No,Bank transfer (automatic),93.32,3653.36,No
3196-37736,Female,0,No,No,26,Yes,Yes,No,No internet service,No internet service,No internet service,No internet service,No internet service,No internet service,One year,Yes,Bank transfer (automatic),33.2,893.19,No
7265-50853,Male,0,No,No,26,Yes,No,No,No internet service,No internet service,No internet service,No internet service,No internet service,No internet service,Two year,Yes,Bank transfer (automatic),22.37,570.89,No
8012-73106,Female,0,No,No,54,Yes,No,Fiber optic,No,No,No,No,Yes,Yes,Two year,No,Mailed check,97.89,5204.61,No
9728-95471,Female,0,Yes,No,28,Yes,Yes,Fiber optic,Yes,No,No,No,Yes,Yes,Month-to-month,No,Mailed check,118.96,3372.76,No
5010-89102,Male,0,Yes,Yes,55,Yes,No,Fiber optic,No,No,No,No,Yes,No,Month-to-month,Yes,Mailed check,83.53,4631.3,Yes
2413-42455,Male,0,No,Yes,68,Yes,Yes,DSL,Yes,No,No,No,No,No,Two year,Yes,Credit card (automatic),68.95,4756.61,No
9448-81205,Male,0,No,No,33,Yes,Yes,Fiber optic,No,No,No,Yes,Yes,No,Month-to-month,Yes,Credit card (automatic),111.69,3744.21,No
3254-39368,Female,0,No,No,14,Yes,No,Fiber optic,No,Yes,Yes,No,Yes,No,One year,No,Bank transfer (automatic),116.35,1623.6,No
3634-18172,Female,0,No,Yes,33,Yes,No,Fiber optic,No,No,No,No,Yes,No,Month-to-month,Yes,Credit card (automatic),102.98,3419.17,Yes
9165-27806,Male,0,Yes,Yes,32,Yes,No,DSL,No,Yes,Yes,Yes,No,No,Month-to-month,Yes,Electronic check,54.82,1737.26,Yes
5849-53376,Male,0,Yes,No,51,No,No phone service,Fiber optic,No,No,Yes,No,Yes,No,One year,No,Credit card (automatic),91.66,4664.29,No
1595-74912,Male,1,Yes,Yes,1,Yes,No,DSL,Yes,No,No,No,No,No,Month-to-month,No,Electronic check,51.21,49.99,No
8099-72395,Male,0,No,Yes,58,Yes,Yes,Fiber optic,No,No,No,Yes,No,Yes,Two year,Yes,Credit card (automatic),107.14,6056.02,No
7958-68717,Female,0,Yes,Yes,43,Yes,No,No,No internet service,No internet service,No internet service,No internet service,No internet service,No internet service,Month-to-month,No,Bank transfer (automatic),20.79,877.91,No
7371-80443,Female,0,No,No,29,Yes,No,DSL,No,Yes,No,Yes,Yes,Yes,Month-to-month,Yes,Electronic check,66.06,1908.29,Yes
3435-67544,Male,0,No,No,12,Yes,Yes,No,No internet service,No internet service,No internet service,No internet service,No internet service,No internet service,Month-to-month,No,Credit card (automatic),23.81,279.35,No
1297-19531,Female,1,No,No,5,Yes,Yes,Fiber optic,No,No,No,No,Yes,Yes,Month-to-month,Yes,Credit card (automatic),110.93,549.04,Yes
5821-85479,Male,0,No,No,53,No,No phone service,DSL,No,Yes,No,Yes,No,Yes,One year,Yes,Credit card (automatic),72.58,3755.67,No
2204-57354,Male,0,No,Yes,24,No,No phone service,DSL,No,No,Yes,No,No,No,Month-to-month,Yes,Mailed check,50.53,1189.71,Yes
2754-51643,Female,0,No,No,35,Yes,Yes,DSL,Yes,No,No,No,Yes,No,Month-to-month,Yes,Credit card (automatic),59.64,2103.85,Yes
9924-39099,Female,0,No,No,29,Yes,No,No,No internet service,No internet service,No internet service,No internet service,No internet service,No internet service,Two year,No,Credit card (automatic),21.11,598.54,No
2658-80325,Female,0,Yes,No,1,Yes,No,DSL,No,No,No,Yes,Yes,Yes,Month-to-month,No,Bank transfer (automatic),84.14,83.14,Yes
6345-79790,Male,0,Yes,No,14,Yes,Yes,Fiber optic,No,Yes,Yes,No,Yes,Yes,Month-to-month,Yes,Credit card (automatic),119.0,1730.11,No
2441-77115,Male,0,No,No,48,Yes,Yes,Fiber optic,No,No,No,No,No,Yes,Two year,Yes,Credit card (automatic),76.64,3708.54,No
9578-26894,Male,0,No,No,16,No,No phone service,DSL,Yes,No,No,No,Yes,No,One year,Yes,Electronic check,79.1,1280.51,No
7948-32088,Male,1,No,No,47,No,No phone service,Fiber optic,No,No,No,No,No,Yes,Month-to-month,No,Electronic check,81.23,3907.33,Yes
8526-66035,Female,0,Yes,Yes,62,Yes,Yes,DSL,Yes,No,No,No,Yes,Yes,Two year,Yes,Bank transfer (automatic),62.4,3934.88,No
6678-44936,Female,1,No,Yes,5,Yes,No,No,No internet service,No internet service,No internet service,No internet service,No internet service,No internet service,Month-to-month,No,Mailed check,24.85,119.85,No
9632-11185,Male,0,No,No,55,Yes,No,No,No internet service,No internet service,No internet service,No internet service,No internet service,No internet service,Month-to-month,No,Credit card (automatic),23.04,1227.87,No
8022-15560,Female,0,No,No,56,Yes,No,No,No internet service,No internet service,No internet service,No internet service,No internet service,No internet service,Month-to-month,No,Electronic check,28.78,1602.38,No
3090-40234,Male,0,Yes,No,64,Yes,Yes,DSL,No,No,Yes,No,Yes,No,Two year,Yes,Credit card (automatic),58.21,3603.79,No
9251-33099,Female,0,No,Yes,25,Yes,Yes,Fiber optic,No,No,No,No,No,Yes,Month-to-month,Yes,Bank transfer (automatic),85.51,2076.92,Yes
6981-20311,Male,0,No,Yes,30,Yes,Yes,Fiber optic,No,No,No,No,No,No,Two year,Yes,Credit card (automatic),89.57,2768.96,Yes
9429-99691,Male,1,No,No,38,Yes,No,No,No internet service,No internet service,No internet service,No internet service,No internet service,No internet service,Month-to-month,No,Electronic check,24.22,955.95,No
1920-16324,Female,0,Yes,No,49,Yes,No,Fiber optic,Yes,Yes,No,No,Yes,Yes,Month-to-month,No,Mailed check,102.81,5139.69,Yes
1861-59290,Male,0,No,No,25,Yes,Yes,Fiber optic,Yes,Yes,No,Yes,Yes,Yes,Two year,Yes,Mailed check,118.1,2849.91,No
2882-46580,Male,0,Yes,No,38,Yes,No,Fiber optic,No,No,No,No,Yes,Yes,Two year,No,Credit card (automatic),79.9,2940.58,No
6922-91331,Male,0,Yes,No,30,Yes,Yes,No,No internet service,No internet service,No internet service,No internet service,No internet service,No internet service,Month-to-month,Yes,Credit card (automatic),26.87,822.18,No
2397-72330,Male,0,Yes,No,57,Yes,No,Fiber optic,No,No,No,No,Yes,No,Month-to-month,Yes,Credit card (automatic),111.38,6555.81,Yes
3311-20459,Male,0,No,No,54,Yes,No,DSL,No,No,Yes,No,No,Yes,One year,Yes,Bank transfer (automatic),71.64,3943.47,No
8095-88107,Male,0,No,Yes,4,Yes,Yes,No,No internet service,No internet service,No internet service,No internet service,No internet service,No internet service,Month-to-month,No,Electronic check,27.89,112.7,No
2381-43694,Female,0,Yes,No,37,Yes,Yes,Fiber optic,No,No,Yes,No,No,Yes,Month-to-month,Yes,Credit card (automatic),88.13,3171.75,Yes
1020-13976,Female,0,Yes,No,28,Yes,Yes,DSL,No,No,No,No,No,Yes,Month-to-month,Yes,Bank transfer (automatic),57.62,1633.96,Yes
8002-58478,Male,0,Yes,No,27,Yes,Yes,Fiber optic,No,No,No,No,Yes,No,Two year,Yes,Credit card (automatic),86.94,2426.9,No
2499-43182,Male,0,Yes,No,38,Yes,No,DSL,Yes,No,No,Yes,No,No,Month-to-month,Yes,Electronic check,72.55,2708.79,No
1478-39159,Female,0,No,Yes,49,Yes,Yes,Fiber optic,No,No,No,No,Yes,No,Month-to-month,No,Credit card (automatic),109.97,5493.17,Yes
8526-74704,Female,0,Yes,No,41,Yes,No,Fiber optic,Yes,No,No,Yes,Yes,Yes,Month-to-month,Yes,Mailed check,115.71,4579.87,No
1024-38127,Female,0,Yes,No,25,Yes,No,No,No internet service,No internet service,No internet service,No internet service,No internet service,No internet service,Month-to-month,Yes,Credit card (automatic),26.9,677.54,No
5611-53989,Female,0,No,Yes,34,No,No phone service,DSL,Yes,No,No,No,No,Yes,Month-to-month,No,Credit card (automatic),68.97,2401.98,No
2830-83257,Female,1,Yes,No,63,Yes,Yes,Fiber optic,No,No,No,No,No,Yes,Month-to-month,No,Mailed check,113.96,7013.97,Yes
4953-60168,Male,0,No,Yes,38,Yes,Yes,DSL,No,No,No,Yes,Yes,Yes,One year,Yes,Mailed check,81.59,3193.3,No
8883-81720,Male,0,No,No,9,Yes,No,DSL,Yes,Yes,Yes,No,Yes,No,Month-to-month,No,Bank transfer (automatic),85.49,757.81,Yes
7243-79367,Female,1,No,No,15,Yes,No,Fiber optic,No,No,No,No,Yes,Yes,Month-to-month,Yes,Electronic check,106.16,1548.9,No
8383-66466,Female,0,No,Yes,55,Yes,Yes,Fiber optic,No,No,Yes,No,No,Yes,Two year,Yes,Mailed check,119.0,6364.81,No
5180-69638,Male,0,Yes,No,4,Yes,Yes,No,No internet service,No internet service,No internet service,No internet service,No internet service,No internet service,Month-to-month,Yes,Credit card (automatic),31.13,123.01,No
5742-97217,Female,1,No,No,18,No,No phone service,Fiber optic,No,No,No,No,Yes,Yes,Month-to-month,No,Mailed check,82.7,1511.73,Yes
1211-98719,Male,1,No,No,9,Yes,Yes,DSL,No,Yes,No,Yes,No,Yes,Month-to-month,Yes,Bank transfer (automatic),77.21,674.47,Yes
1739-89617,Female,0,Yes,No,21,No,No phone service,Fiber optic,Yes,No,No,No,No,Yes,One year,No,Credit card (automatic),116.36,2396.63,No
9898-99019,Female,0,No,Yes,48,Yes,Yes,Fiber optic,No,Yes,No,No,Yes,Yes,Two year,No,Mailed check,119.0,5919.64,Yes
7113-44614,Male,0,No,No,13,Yes,Yes,Fiber optic,No,No,Yes,No,Yes,Yes,One year,No,Credit card (automatic),84.79,1084.61,No
1417-27392,Male,1,No,No,41,Yes,No,DSL,Yes,No,No,No,Yes,No,Two year,Yes,Credit card (automatic),62.73,2634.08,No
3595-36314,Male,1,No,Yes,44,Yes,No,No,No internet service,No internet service,No internet service,No internet service,No internet service,No internet service,Month-to-month,Yes,Electronic check,28.34,1221.18,No
8861-17442,Female,0,Yes,No,61,Yes,Yes,No,No internet service,No internet service,No internet service,No internet service,No internet service,No internet service,Two year,No,Electronic check,29.13,1741.48,No
3921-48363,Female,0,No,Yes,42,Yes,Yes,No,No internet service,No internet service,No internet service,No internet service,No internet service,No internet service,Month-to-month,No,Credit card (automatic),27.0,1173.25,No
2465-18054,Male,0,No,Yes,36,Yes,No,DSL,No,No,No,No,Yes,Yes,Month-to-month,Yes,Credit card (automatic),52.55,1869.31,Yes
2043-67396,Male,0,No,No,20,Yes,Yes,Fiber optic,Yes,No,Yes,No,No,No,Month-to-month,Yes,Electronic check,93.93,1883.16,No
8731-27782,Female,0,Yes,No,0,Yes,No,Fiber optic,Yes,Yes,No,No,Yes,Yes,Month-to-month,Yes,Mailed check,105.36,,No
1128-99067,Male,0,No,No,46,Yes,No,DSL,No,No,No,No,Yes,Yes,Month-to-month,No,Mailed check,70.78,3340.85,Yes
8198-76587,Male,0,No,No,42,Yes,No,Fiber optic,No,Yes,Yes,No,No,Yes,Month-to-month,No,Credit card (automatic),86.86,3752.12,No
3985-43166,Male,0,Yes,Yes,36,Yes,Yes,Fiber optic,No,Yes,No,No,Yes,No,One year,No,Electronic check,90.04,3195.07,No
4211-78724,Female,0,No,No,1,Yes,No,DSL,No,Yes,Yes,Yes,No,No,One year,Yes,Credit card (automatic),80.77,79.3,No
6113-47717,Female,0,No,Yes,19,Yes,Yes,DSL,No,No,No,No,Yes,Yes,One year,Yes,Mailed check,75.38,1424.85,No
3350-25140,Male,0,No,Yes,1,Yes,No,DSL,No,No,No,No,No,Yes,Month-to-month,No,Mailed check,49.47,47.53,No
6059-25355,Female,0,No,Yes,7,Yes,No,DSL,No,Yes,Yes,No,Yes,No,Month-to-month,Yes,Electronic check,60.03,435.27,No
9628-44793,Female,1,Yes,Yes,25,Yes,No,Fiber optic,No,Yes,No,No,Yes,Yes,Two year,Yes,Electronic check,119.0,2903.1,No
9771-56002,Male,0,No,No,24,Yes,Yes,No,No internet service,No internet service,No internet service,No internet service,No internet service,No internet service,Month-to-month,Yes,Electronic check,32.37,754.63,No
9254-91194,Female,0,No,No,37,Yes,No,DSL,Yes,No,No,Yes,Yes,No,Month-to-month,Yes,Credit card (automatic),58.02,2195.1,No
7886-41823,Female,0,No,No,20,Yes,No,Fiber optic,No,Yes,Yes,No,No,No,Month-to-month,No,Credit card (automatic),101.62,2097.23,No
6868-82997,Male,0,Yes,No,38,Yes,Yes,DSL,Yes,No,Yes,No,Yes,Yes,Month-to-month,No,Mailed check,73.29,2746.66,No
7771-20767,Male,0,Yes,Yes,26,Yes,No,Fiber optic,No,No,No,No,No,No,Month-to-month,Yes,Credit card (automatic),81.84,2185.09,Yes
7522-79551,Female,0,No,No,42,Yes,No,DSL,Yes,No,No,No,No,Yes,One year,No,Electronic check,62.78,2729.91,No
1498-45265,Female,0,Yes,No,62,Yes,No,DSL,No,Yes,Yes,Yes,No,No,Two year,No,Mailed check,61.36,3742.25,No
7805-37852,Male,0,No,No,46,Yes,Yes,No,No internet service,No internet service,No internet service,No internet service,No internet service,No internet service,Two year,Yes,Bank transfer (automatic),27.08,1237.16,No
6780-57422,Female,0,No,No,44,Yes,No,No,No internet service,No internet service,No internet service,No internet service,No internet service,No internet service,Month-to-month,No,Electronic check,19.73,862.3,No
6074-80450,Female,0,No,Yes,69,Yes,Yes,Fiber optic,No,No,No,Yes,Yes,No,Month-to-month,Yes,Bank transfer (automatic),104.41,7452.01,No
2014-53514,Male,0,Yes,No,71,Yes,No,DSL,No,Yes,No,No,No,No,Two year,Yes,Bank transfer (automatic),56.11,3938.93,No
2589-48302,Female,0,No,No,15,Yes,No,Fiber optic,No,Yes,No,No,No,No,Month-to-month,Yes,Credit card (automatic),109.15,1574.01,Yes
6836-81479,Male,0,Yes,Yes,3,Yes,Yes,Fiber optic,No,Yes,No,No,Yes,No,Month-to-month,Yes,Mailed check,106.47,310.43,Yes
2313-80219,Female,0,No,No,30,Yes,No,Fiber optic,No,No,No,No,Yes,Yes,One year,Yes,Credit card (automatic),110.24,3218.58,Yes
2507-63566,Male,0,No,No,10,Yes,No,No,No internet service,No internet service,No internet service,No internet service,No internet service,No internet service,Month-to-month,Yes,Mailed check,22.81,228.58,No
8283-57765,Male,0,No,No,2,Yes,Yes,Fiber optic,No,No,No,No,Yes,Yes,Month-to-month,No,Credit card (automatic),119.0,231.3,Yes
6002-24888,Female,0,Yes,No,59,Yes,Yes,No,No internet service,No internet service,No internet service,No internet service,No internet service,No internet service,Month-to-month,Yes,Bank transfer (automatic),32.75,1857.25,No
7915-57766,Male,1,Yes,No,9,Yes,No,No,No internet service,No internet service,No internet service,No internet service,No internet service,No internet service,One year,Yes,Bank transfer (automatic),27.46,253.29,No
3868-18378,Female,1,No,No,52,Yes,No,No,No internet service,No internet service,No internet service,No internet service,No internet service,No internet service,Month-to-month,Yes,Electronic check,23.23,1196.67,No
4001-90982,Male,1,No,No,27,Yes,Yes,DSL,No,No,No,No,Yes,No,Month-to-month,Yes,Credit card (automatic),72.59,2034.49,Yes
8692-43964,Female,0,No,No,30,Yes,No,DSL,No,Yes,Yes,Yes,Yes,Yes,Month-to-month,Yes,Electronic check,65.9,1989.77,Yes
6107-53391,Female,0,No,Yes,48,Yes,Yes,Fiber optic,No,No,Yes,No,Yes,Yes,Two year,No,Credit card (automatic),100.02,4732.92,No
9932-45073,Female,0,No,No,58,Yes,Yes,Fiber optic,No,No,No,No,Yes,Yes,Two year,Yes,Bank transfer (automatic),110.73,6332.49,Yes
2996-75452,Male,0,Yes,No,23,No,No phone service,DSL,No,No,No,No,No,No,Two year,Yes,Credit card (automatic),40.19,961.15,No
8938-50021,Male,0,No,No,26,Yes,Yes,DSL,Yes,No,No,No,Yes,No,Two year,Yes,Bank transfer (automatic),77.1,2061.58,No
4180-84304,Female,0,No,No,19,Yes,No,Fiber optic,Yes,No,Yes,No,Yes,Yes,Month-to-month,No,Bank transfer (automatic),110.96,2062.75,Yes
4266-62142,Female,0,No,No,32,Yes,Yes,DSL,No,Yes,Yes,No,Yes,No,Month-to-month,No,Mailed check,73.69,2415.65,No
4486-16601,Female,0,Yes,No,28,Yes,Yes,No,No internet service,No internet service,No internet service,No internet service,No internet service,No internet service,Month-to-month,Yes,Bank transfer (automatic),31.21,889.48,No
7283-35330,Male,0,No,Yes,45,Yes,No,No,No internet service,No internet service,No internet service,No internet service,No internet service,No internet service,Month-to-month,No,Mailed check,29.14,1322.72,No
1963-91465,Female,0,Yes,Yes,10,Yes,Yes,DSL,No,Yes,Yes,No,No,Yes,One year,No,Credit card (automatic),65.89,656.66,No
6816-16001,Male,0,No,No,39,Yes,No,DSL,No,Yes,No,No,No,No,Month-to-month,No,Bank transfer (automatic),72.81,2795.79,Yes
7645-96310,Male,1,No,No,45,No,No phone service,Fiber optic,No,Yes,No,No,Yes,Yes,Two year,Yes,Electronic check,96.58,4291.7,No
6267-85982,Female,0,No,No,53,Yes,No,Fiber optic,No,No,No,No,Yes,No,Month-to-month,Yes,Credit card (automatic),97.59,5012.27,Yes
7005-81545,Male,0,Yes,No,42,Yes,No,Fiber optic,No,Yes,No,Yes,Yes,No,One year,No,Mailed check,79.14,3401.11,No
1466-85082,Female,0,Yes,No,26,Yes,No,Fiber optic,No,No,No,No,No,Yes,Two year,Yes,Credit card (automatic),109.74,2848.92,No
7868-69200,Male,0,Yes,No,39,Yes,Yes,Fiber optic,No,No,No,No,No,No,Month-to-month,No,Mailed check,107.57,4175.51,No
7638-18958,Male,0,Yes,No,51,Yes,No,DSL,Yes,No,No,Yes,Yes,No,One year,No,Credit card (automatic),78.98,3904.74,No
2588-57685,Male,0,Yes,No,42,No,No phone service,Fiber optic,Yes,No,No,No,Yes,Yes,One year,Yes,Bank transfer (automatic),103.27,4432.93,No
5195-60194,Female,0,No,Yes,14,Yes,No,No,No internet service,No internet service,No internet service,No internet service,No internet service,No internet service,Two year,Yes,Mailed check,28.77,406.01,No
1090-27700,Female,0,Yes,Yes,39,Yes,No,No,No internet service,No internet service,No internet service,No internet service,No internet service,No internet service,Two year,Yes,Bank transfer (automatic),24.97,1005.98,No
2841-92819,Female,0,Yes,No,30,Yes,Yes,Fiber optic,No,No,Yes,No,No,Yes,Month-to-month,No,Credit card (automatic),86.39,2568.03,Yes
9484-79057,Female,1,No,No,62,Yes,No,Fiber optic,No,No,No,No,Yes,No,Month-to-month,No,Credit card (automatic),82.04,5239.28,No
5762-71784,Female,0,Yes,No,28,Yes,Yes,No,No internet service,No internet service,No internet service,No internet service,No internet service,No internet service,Two year,No,Mailed check,26.24,713.23,No
5773-54458,Female,0,Yes,No,10,Yes,No,Fiber optic,Yes,No,No,No,No,Yes,One year,No,Mailed check,77.85,776.27,No
6360-99133,Female,0,No,No,41,Yes,No,Fiber optic,No,No,No,No,No,No,One year,No,Electronic check,76.59,3021.19,Yes
1717-27544,Male,0,Yes,Yes,26,Yes,Yes,DSL,Yes,No,No,No,No,Yes,Month-to-month,No,Mailed check,69.04,1825.02,No
6711-59503,Male,0,Yes,No,42,No,No phone service,Fiber optic,No,No,No,Yes,No,No,Month-to-month,Yes,Credit card (automatic),111.99,4652.1,No
2120-33231,Male,0,No,Yes,43,Yes,No,No,No internet service,No internet service,No internet service,No internet service,No internet service,No internet service,Month-to-month,Yes,Credit card (automatic),26.72,1154.14,No
9070-12211,Male,0,Yes,No,51,Yes,No,Fiber optic,No,No,No,No,Yes,Yes,Two year,Yes,Credit card (automatic),102.18,5150.46,No
5777-11119,Female,0,Yes,Yes,8,Yes,No,DSL,No,No,No,Yes,No,Yes,Month-to-month,Yes,Bank transfer (automatic),61.94,494.7,No
1384-96668,Male,0,Yes,No,49,Yes,No,Fiber optic,No,No,No,Yes,No,Yes,Month-to-month,Yes,Credit card (automatic),77.69,3720.3,Yes
6234-57912,Male,0,Yes,No,31,Yes,No,Fiber optic,Yes,No,No,Yes,Yes,Yes,Month-to-month,No,Credit card (automatic),102.02,3122.91,Yes
7421-80475,Female,1,No,No,44,No,No phone service,DSL,No,Yes,No,No,No,No,Month-to-month,Yes,Credit card (automatic),55.05,2457.08,Yes
6799-81464,Female,0,Yes,No,20,Yes,Yes,Fiber optic,No,No,No,No,No,No,Month-to-month,Yes,Electronic check,86.98,1709.6,Yes
9734-14820,Female,1,Yes,No,17,Yes,No,DSL,No,No,No,No,No,Yes,One year,No,Credit card (automatic),73.42,1289.67,No
5982-82853,Male,0,Yes,No,22,Yes,Yes,No,No internet service,No internet service,No internet service,No internet service,No internet service,No internet service,Month-to-month,Yes,Bank transfer (automatic),27.24,608.84,No
1342-53048,Male,0,No,No,64,Yes,No,Fiber optic,No,No,No,Yes,No,Yes,Month-to-month,No,Bank transfer (automatic),107.64,6729.19,Yes
8125-47562,Female,0,Yes,Yes,10,Yes,No,Fiber optic,No,No,Yes,Yes,No,No,Month-to-month,Yes,Bank transfer (automatic),96.3,999.49,No
2074-89174,Male,1,No,Yes,26,Yes,No,No,No internet service,No internet service,No internet service,No internet service,No internet service,No internet service,Month-to-month,Yes,Credit card (automatic),19.25,519.15,No
3970-89150,Male,0,Yes,Yes,47,Yes,No,Fiber optic,No,No,No,No,No,No,Two year,No,Bank transfer (automatic),85.5,3990.39,Yes
9066-79474,Male,0,No,Yes,43,Yes,No,Fiber optic,No,No,Yes,Yes,No,Yes,Two year,Yes,Electronic check,115.4,4862.66,No
3557-53241,Female,0,Yes,No,62,Yes,Yes,DSL,No,No,No,No,Yes,Yes,Two year,Yes,Credit card (automatic),77.13,4841.98,No
5663-43925,Female,0,Yes,No,16,Yes,No,No,No internet service,No internet service,No internet service,No internet service,No internet service,No internet service,Two year,Yes,Mailed check,25.49,411.34,No
4648-22789,Female,0,No,No,41,Yes,Yes,Fiber optic,No,No,No,No,No,No,Month-to-month,No,Electronic check,87.42,3710.1,No
9612-97536,Female,0,Yes,No,59,Yes,Yes,Fiber optic,No,No,No,No,Yes,No,Two year,Yes,Mailed check,113.25,6633.1,No
5306-10098,Female,0,No,No,37,Yes,Yes,Fiber optic,No,Yes,No,No,Yes,Yes,Month-to-month,Yes,Credit card (automatic),99.24,3740.38,Yes
8047-82063,Male,1,No,Yes,41,Yes,No,Fiber optic,Yes,No,Yes,Yes,No,Yes,Two year,Yes,Bank transfer (automatic),106.96,4508.48,No
2689-39632,Female,0,No,No,36,Yes,No,Fiber optic,No,No,No,No,Yes,No,One year,No,Electronic check,76.24,2786.72,Yes
2039-19953,Male,0,Yes,No,4,Yes,No,Fiber optic,No,Yes,No,Yes,Yes,No,Month-to-month,Yes,Credit card (automatic),112.25,445.99,Yes
1201-13983,Male,0,No,No,51,Yes,Yes,Fiber optic,No,No,No,No,Yes,No,Month-to-month,Yes,Credit card (automatic),96.92,5043.33,No
5982-22435,Female,0,Yes,Yes,31,Yes,Yes,Fiber optic,No,Yes,No,No,Yes,No,Month-to-month,No,Mailed check,114.91,3699.82,Yes
1818-18702,Male,0,No,No,29,Yes,Yes,Fiber optic,No,No,No,No,No,Yes,Month-to-month,Yes,Credit card (automatic),107.07,3051.83,No
7819-67679,Male,1,No,No,68,Yes,Yes,Fiber optic,No,No,No,No,No,Yes,Month-to-month,Yes,Credit card (automatic),86.52,5991.22,No
1052-80659,Male,0,No,No,54,Yes,No,No,No internet service,No internet service,No internet service,No internet service,No internet service,No internet service,Two year,No,Electronic check,20.91,1147.76,No
6527-15719,Female,0,No,Yes,37,Yes,Yes,Fiber optic,Yes,No,No,No,No,No,Month-to-month,Yes,Credit card (automatic),88.43,3237.23,No
9347-46703,Male,0,No,Yes,36,Yes,Yes,No,No internet service,No internet service,No internet service,No internet service,No internet service,No internet service,One year,No,Electronic check,28.44,996.48,No
9101-20554,Male,0,No,No,15,Yes,No,Fiber optic,No,No,No,No,No,No,Month-to-month,Yes,Mailed check,76.0,1137.53,Yes
8968-32612,Female,0,Yes,No,23,Yes,No,DSL,No,Yes,No,Yes,No,No,Month-to-month,No,Bank transfer (automatic),59.36,1375.92,No
3185-65743,Male,0,No,Yes,8,No,No phone service,Fiber optic,No,Yes,No,No,Yes,Yes,Month-to-month,No,Electronic check,83.78,660.22,No
1814-81658,Female,1,Yes,No,35,Yes,Yes,Fiber optic,Yes,Yes,No,No,Yes,No,Month-to-month,No,Bank transfer (automatic),119.0,4163.5,Yes
1068-20882,Female,0,Yes,No,42,Yes,No,DSL,Yes,No,Yes,No,Yes,No,Month-to-month,No,Mailed check,73.46,3096.09,Yes
2649-23757,Female,0,No,No,17,Yes,Yes,Fiber optic,No,No,No,Yes,No,Yes,Month-to-month,Yes,Electronic check,109.19,1873.92,No
5026-11079,Male,0,Yes,No,37,Yes,No,Fiber optic,No,Yes,No,No,Yes,Yes,Month-to-month,Yes,Bank transfer (automatic),119.0,4457.55,Yes
7424-36703,Male,0,No,No,46,Yes,No,Fiber optic,No,Yes,No,No,Yes,Yes,Month-to-month,Yes,Bank transfer (automatic),119.0,5630.96,Yes
5100-87900,Male,1,Yes,No,61,Yes,Yes,DSL,No,Yes,No,No,No,Yes,Two year,Yes,Credit card (automatic),81.2,4768.68,No
4252-47956,Female,0,Yes,No,30,Yes,Yes,Fiber optic,No,No,No,No,Yes,No,Two year,No,Credit card (automatic),102.19,3082.34,No
8575-79228,Male,1,No,Yes,44,Yes,Yes,Fiber optic,Yes,No,No,No,No,No,Month-to-month,No,Credit card (automatic),106.7,4642.5,No
4916-33971,Male,0,Yes,No,54,Yes,Yes,Fiber optic,No,No,No,No,Yes,Yes,One year,Yes,Electronic check,94.02,4879.42,No
3936-20683,Male,0,No,Yes,26,Yes,Yes,Fiber optic,No,No,No,No,No,Yes,Two year,Yes,Credit card (automatic),80.82,2101.7,Yes
1446-32588,Female,1,No,No,6,Yes,Yes,DSL,Yes,No,No,Yes,Yes,No,Month-to-month,Yes,Credit card (automatic),73.3,433.38,Yes
8942-10498,Male,0,No,No,40,Yes,Yes,DSL,Yes,No,No,No,No,No,Month-to-month,Yes,Credit card (automatic),75.24,3110.15,No
3249-93528,Female,0,Yes,No,28,Yes,Yes,Fiber optic,No,Yes,Yes,No,No,No,Month-to-month,Yes,Mailed check,117.03,3160.42,Yes
6789-82296,Male,0,No,No,5,Yes,Yes,DSL,No,No,No,Yes,No,Yes,Month-to-month,Yes,Credit card (automatic),55.21,267.26,No
3156-34440,Male,0,Yes,No,57,Yes,Yes,DSL,No,No,Yes,No,No,No,Two year,No,Credit card (automatic),68.49,4059.05,No
6530-97079,Male,0,Yes,Yes,50,Yes,Yes,No,No internet service,No internet service,No internet service,No internet service,No internet service,No internet service,Two year,No,Bank transfer (automatic),30.46,1490.7,No
2538-96560,Female,0,Yes,Yes,19,Yes,No,DSL,No,No,Yes,Yes,Yes,No,Month-to-month,No,Credit card (automatic),71.15,1306.52,No
2874-48366,Male,0,Yes,No,11,Yes,Yes,Fiber optic,No,No,No,No,Yes,Yes,Month-to-month,Yes,Mailed check,102.33,1088.62,Yes
6758-25944,Male,1,No,No,23,Yes,Yes,Fiber optic,No,No,No,No,No,Yes,Two year,No,Mailed check,117.43,2644.87,No
8529-96277,Female,0,Yes,No,12,Yes,No,DSL,No,No,No,No,Yes,No,Month-to-month,Yes,Mailed check,55.21,688.82,No
8503-72612,Female,0,Yes,No,47,Yes,Yes,DSL,No,No,Yes,No,Yes,No,Month-to-month,Yes,Bank transfer (automatic),61.6,2797.71,No
3719-23353,Female,0,No,No,20,Yes,Yes,DSL,No,No,No,No,No,Yes,Month-to-month,Yes,Electronic check,70.4,1437.86,No
9164-89491,Female,0,No,No,28,Yes,No,DSL,Yes,Yes,No,No,No,No,Two year,Yes,Bank transfer (automatic),59.84,1631.3,No
8480-53141,Male,0,Yes,No,50,Yes,Yes,Fiber optic,No,No,No,No,No,No,One year,Yes,Electronic check,86.02,4199.83,No
6546-42361,Female,0,Yes,No,5,Yes,No,Fiber optic,No,No,No,No,No,Yes,One year,No,Electronic check,93.7,459.61,Yes
2805-28778,Male,0,Yes,No,1,Yes,No,Fiber optic,No,Yes,No,No,No,Yes,One year,Yes,Credit card (automatic),114.8,114.74,No
5012-36970,Female,0,No,No,35,Yes,No,Fiber optic,No,No,No,No,Yes,No,Month-to-month,No,Mailed check,98.47,3310.9,No
5321-34082,Female,0,No,No,40,Yes,No,DSL,No,No,No,No,No,Yes,Month-to-month,Yes,Electronic check,71.7,2839.93,No
4509-46674,Female,0,No,Yes,64,Yes,Yes,No,No internet service,No internet service,No internet service,No internet service,No internet service,No internet service,Two year,No,Credit card (automatic),31.53,1992.89,No
8499-98707,Female,0,No,Yes,45,Yes,Yes,DSL,No,No,No,Yes,No,No,Two year,Yes,Electronic check,57.37,2550.72,No
8560-21213,Female,0,Yes,No,0,Yes,Yes,DSL,No,Yes,No,No,No,No,Month-to-month,Yes,Mailed check,74.47,,Yes
2263-95495,Female,0,No,No,32,Yes,Yes,Fiber optic,No,No,No,No,No,No,Month-to-month,No,Credit card (automatic),89.83,2831.75,No
3054-23181,Female,0,Yes,No,67,Yes,No,No,No internet service,No internet service,No internet service,No internet service,No internet service,No internet service,Two year,No,Credit card (automatic),22.89,1511.31,No
7901-54239,Male,0,Yes,No,7,Yes,No,Fiber optic,No,No,No,No,Yes,No,Month-to-month,Yes,Credit card (automatic),80.3,552.95,Yes
2066-10361,Male,0,Yes,No,0,Yes,Yes,DSL,Yes,No,Yes,No,Yes,No,Month-to-month,Yes,Credit card (automatic),74.45,,No
4583-19761,Male,1,Yes,No,4,Yes,No,DSL,No,No,No,No,Yes,No,Month-to-month,No,Mailed check,59.69,233.47,Yes
1253-11052,Female,0,No,No,2,Yes,Yes,Fiber optic,No,Yes,Yes,No,Yes,Yes,Month-to-month,Yes,Credit card (automatic),100.35,196.07,Yes
1571-17671,Male,0,Yes,No,56,Yes,No,No,No internet service,No internet service,No internet service,No internet service,No internet service,No internet service,One year,No,Credit card (automatic),25.12,1375.06,No
5247-82466,Male,0,Yes,No,19,Yes,Yes,DSL,Yes,No,Yes,No,Yes,No,One year,Yes,Electronic check,79.5,1533.92,Yes
7917-39291,Male,0,Yes,Yes,17,Yes,No,DSL,No,No,Yes,No,Yes,No,Month-to-month,Yes,Mailed check,79.47,1321.26,No
3786-31207,Female,0,No,Yes,41,Yes,No,DSL,No,No,No,No,No,No,Month-to-month,No,Mailed check,59.16,2512.76,Yes
3946-50844,Female,0,No,No,34,Yes,No,DSL,No,No,Yes,Yes,No,No,Month-to-month,Yes,Electronic check,56.58,1942.79,No
5158-33251,Female,0,No,No,22,Yes,No,DSL,Yes,No,No,No,No,No,Month-to-month,Yes,Mailed check,48.68,1109.89,No
4627-74548,Male,0,No,No,47,Yes,No,Fiber optic,No,Yes,No,Yes,Yes,Yes,Month-to-month,Yes,Bank transfer (automatic),91.83,4243.32,No
3096-68527,Male,0,No,No,24,Yes,No,DSL,Yes,No,No,Yes,No,No,Month-to-month,No,Mailed check,54.84,1318.56,Yes
4824-26227,Male,0,Yes,No,54,Yes,No,Fiber optic,No,No,No,No,Yes,No,Two year,Yes,Credit card (automatic),104.16,5838.94,No
8549-32377,Male,0,Yes,No,24,Yes,Yes,Fiber optic,No,Yes,No,Yes,No,Yes,Two year,Yes,Bank transfer (automatic),98.37,2426.85,No
4399-47037,Male,0,Yes,No,4,No,No phone service,Fiber optic,No,No,Yes,No,Yes,No,Month-to-month,No,Electronic check,100.57,390.54,Yes
1488-88772,Female,0,Yes,No,4,Yes,No,No,No internet service,No internet service,No internet service,No internet service,No internet service,No internet service,One year,Yes,Electronic check,21.66,86.12,No
6185-48736,Female,1,No,Yes,24,Yes,Yes,DSL,No,No,No,No,No,No,Two year,Yes,Electronic check,63.15,1480.2,No
9095-14307,Female,0,Yes,No,0,Yes,Yes,DSL,No,No,No,Yes,Yes,No,Month-to-month,No,Bank transfer (automatic),62.5,,Yes
4368-11389,Male,0,Yes,No,70,Yes,Yes,Fiber optic,No,No,Yes,No,No,No,Two year,Yes,Credit card (automatic),76.49,5329.09,Yes
1597-50371,Male,0,No,No,25,Yes,Yes,Fiber optic,Yes,No,No,Yes,Yes,Yes,Month-to-month,No,Bank transfer (automatic),119.0,3062.57,No
7751-99716,Female,0,Yes,No,12,Yes,No,Fiber optic,No,No,No,Yes,No,No,One year,No,Credit card (automatic),103.87,1269.67,Yes
1278-55226,Male,1,Yes,No,11,Yes,No,Fiber optic,No,Yes,No,No,No,No,Month-to-month,No,Bank transfer (automatic),89.56,978.6,No
5284-69538,Male,0,Yes,Yes,71,Yes,Yes,DSL,Yes,No,Yes,Yes,No,Yes,Month-to-month,No,Bank transfer (automatic),75.87,5318.48,No
3913-87187,Male,0,No,Yes,57,Yes,No,Fiber optic,No,No,No,No,Yes,No,Two year,No,Credit card (automatic),111.18,6563.25,Yes
5974-32948,Female,0,Yes,No,30,Yes,Yes,No,No internet service,No internet service,No internet service,No internet service,No internet service,No internet service,One year,Yes,Mailed check,27.63,837.55,No
6517-10952,Female,1,Yes,Yes,15,Yes,No,Fiber optic,No,No,No,Yes,Yes,Yes,Month-to-month,Yes,Electronic check,115.82,1756.05,Yes
3968-40414,Male,0,Yes,No,54,Yes,No,Fiber optic,No,No,No,No,No,No,One year,Yes,Electronic check,71.19,3771.21,No
8728-19020,Female,0,No,Yes,48,Yes,Yes,No,No internet service,No internet service,No internet service,No internet service,No internet service,No internet service,Two year,No,Bank transfer (automatic),30.56,1479.72,No
9406-35692,Female,0,Yes,Yes,53,Yes,Yes,Fiber optic,No,No,No,No,No,Yes,Two year,Yes,Mailed check,95.21,5072.84,No
7354-40765,Female,0,Yes,No,56,Yes,No,DSL,No,No,Yes,No,No,Yes,One year,No,Electronic check,69.39,3775.9,Yes
9361-15733,Female,0,No,Yes,44,Yes,No,Fiber optic,No,Yes,No,No,Yes,No,Month-to-month,Yes,Credit card (automatic),88.94,3799.34,Yes
6245-37513,Male,0,No,No,48,Yes,Yes,Fiber optic,Yes,Yes,Yes,No,Yes,No,Month-to-month,Yes,Electronic check,98.51,4751.69,No
5392-76621,Female,0,Yes,No,3,Yes,No,No,No internet service,No internet service,No internet service,No internet service,No internet service,No internet service,Month-to-month,No,Credit card (automatic),27.26,83.91,No
4559-69828,Male,0,Yes,No,37,Yes,Yes,No,No internet service,No internet service,No internet service,No internet service,No internet service,No internet service,Two year,Yes,Credit card (automatic),28.35,1034.69,No
6734-31261,Female,1,Yes,Yes,31,Yes,No,Fiber optic,No,Yes,No,No,Yes,Yes,Two year,Yes,Bank transfer (automatic),108.66,3376.23,No
6173-14009,Female,0,No,Yes,62,Yes,No,Fiber optic,No,No,No,No,Yes,No,Two year,Yes,Credit card (automatic),73.57,4509.34,No
6471-46027,Female,0,Yes,No,5,Yes,Yes,DSL,No,Yes,No,Yes,No,Yes,Month-to-month,No,Credit card (automatic),87.53,438.33,No
1171-57694,Female,1,No,No,66,Yes,No,Fiber optic,No,No,Yes,No,Yes,Yes,Two year,No,Credit card (automatic),117.25,7991.61,No
6088-13134,Female,0,No,No,67,Yes,No,DSL,Yes,No,Yes,Yes,No,Yes,Two year,Yes,Credit card (automatic),65.81,4524.28,No
5886-35857,Female,1,No,Yes,40,Yes,Yes,No,No internet service,No internet service,No internet service,No internet service,No internet service,No internet service,One year,Yes,Bank transfer (automatic),30.52,1259.87,No
9343-66259,Female,0,Yes,Yes,59,Yes,No,DSL,No,No,No,Yes,No,No,Two year,Yes,Electronic check,50.24,2904.15,No
5547-46517,Female,1,No,Yes,14,No,No phone service,Fiber optic,No,No,No,No,Yes,No,Month-to-month,Yes,Mailed check,87.72,1232.1,Yes
2624-64118,Male,0,No,No,37,Yes,Yes,Fiber optic,No,No,Yes,No,Yes,Yes,Month-to-month,Yes,Credit card (automatic),119.0,4246.06,Yes
7016-79077,Female,0,No,Yes,12,Yes,No,Fiber optic,No,No,No,No,Yes,Yes,Month-to-month,Yes,Bank transfer (automatic),79.39,918.23,Yes
9292-39870,Female,0,Yes,Yes,12,Yes,No,Fiber optic,Yes,No,No,No,Yes,Yes,Month-to-month,Yes,Electronic check,99.14,1162.73,No
6368-61103,Male,0,No,No,35,Yes,Yes,DSL,No,No,No,No,No,No,Month-to-month,No,Credit card (automatic),48.8,1645.32,Yes
8648-98465,Female,1,No,No,17,Yes,No,Fiber optic,Yes,No,No,No,No,No,One year,No,Bank transfer (automatic),86.7,1447.34,No
2294-69849,Female,0,No,No,30,No,No phone service,Fiber optic,No,Yes,No,No,Yes,Yes,Month-to-month,Yes,Electronic check,119.0,3596.3,Yes
5814-90942,Female,0,No,Yes,32,Yes,No,Fiber optic,No,No,No,No,Yes,Yes,Month-to-month,Yes,Credit card (automatic),101.59,3329.14,Yes
2793-75693,Female,0,No,No,32,No,No phone service,DSL,No,Yes,No,Yes,No,No,Month-to-month,Yes,Electronic check,60.3,1853.9,No
3739-95226,Male,0,Yes,Yes,43,Yes,No,Fiber optic,No,No,No,No,No,No,One year,Yes,Mailed check,102.98,4280.46,Yes
8360-66710,Female,0,No,No,65,Yes,No,Fiber optic,No,Yes,No,No,Yes,No,Two year,No,Bank transfer (automatic),93.86,5929.8,No
7069-99905,Male,0,No,No,31,Yes,No,DSL,No,Yes,Yes,No,No,No,Month-to-month,Yes,Mailed check,77.45,2478.35,Yes
8516-10557,Female,0,No,Yes,43,Yes,Yes,Fiber optic,No,No,No,No,No,No,Two year,No,Credit card (automatic),93.2,3907.17,No
1669-98611,Female,1,Yes,No,30,Yes,No,No,No internet service,No internet service,No internet service,No internet service,No internet service,No internet service,Two year,Yes,Electronic check,26.53,821.13,No
7564-98800,Male,0,Yes,No,51,Yes,Yes,DSL,No,No,No,No,Yes,No,One year,Yes,Bank transfer (automatic),61.06,3192.72,No
6573-22109,Male,0,No,No,25,Yes,No,DSL,Yes,No,No,No,Yes,No,One year,No,Mailed check,63.66,1565.98,No
5388-93087,Male,0,No,Yes,36,No,No phone service,DSL,No,No,No,No,Yes,No,One year,Yes,Mailed check,64.3,2351.85,No
5909-25025,Male,0,Yes,No,17,Yes,No,Fiber optic,No,No,No,No,Yes,No,Two year,Yes,Credit card (automatic),101.48,1753.91,No
7477-97329,Male,0,Yes,Yes,27,Yes,No,Fiber optic,No,No,No,No,Yes,Yes,Month-to-month,No,Bank transfer (automatic),97.14,2688.47,Yes
7261-50502,Male,0,No,No,30,Yes,No,Fiber optic,No,No,Yes,No,Yes,No,Two year,Yes,Mailed check,115.02,3361.47,No
2928-64352,Male,0,No,Yes,25,Yes,Yes,Fiber optic,Yes,No,No,No,No,No,Month-to-month,Yes,Credit card (automatic),92.67,2263.86,Yes
9486-42905,Male,0,Yes,No,38,Yes,No,No,No internet service,No internet service,No internet service,No internet service,No internet service,No internet service,Month-to-month,No,Credit card (automatic),19.52,733.97,No
7042-94844,Female,0,Yes,No,30,Yes,Yes,Fiber optic,No,Yes,No,No,Yes,No,One year,Yes,Credit card (automatic),117.09,3545.97,No
8776-63600,Male,0,Yes,No,38,Yes,No,Fiber optic,No,No,No,No,Yes,No,Two year,No,Electronic check,84.06,3235.08,No
4525-94380,Male,0,Yes,No,17,Yes,No,No,No internet service,No internet service,No internet service,No internet service,No internet service,No internet service,Two year,Yes,Bank transfer (automatic),28.73,478.39,No
8289-27970,Male,0,No,No,32,Yes,No,DSL,No,No,No,Yes,No,Yes,Two year,Yes,Credit card (automatic),76.94,2437.26,No
3758-51797,Female,0,No,No,52,No,No phone service,DSL,Yes,Yes,Yes,Yes,Yes,No,One year,Yes,Credit card (automatic),62.75,3338.9,No
2251-71661,Male,0,No,No,36,Yes,Yes,No,No internet service,No internet service,No internet service,No internet service,No internet service,No internet service,Month-to-month,Yes,Credit card (automatic),23.33,836.61,No
2973-33379,Female,0,No,No,68,Yes,No,Fiber optic,No,Yes,No,No,Yes,No,Two year,No,Electronic check,116.67,7998.31,No
8174-74607,Male,0,Yes,Yes,16,No,No phone service,Fiber optic,Yes,No,No,No,No,Yes,Month-to-month,No,Credit card (automatic),94.66,1552.31,No
1386-16124,Male,0,Yes,No,12,Yes,Yes,DSL,No,No,No,Yes,Yes,No,Month-to-month,Yes,Bank transfer (automatic),77.21,904.67,No
1612-10192,Male,0,Yes,Yes,56,No,No phone service,Fiber optic,No,No,Yes,No,Yes,No,Month-to-month,Yes,Electronic check,92.75,5064.2,No
7281-10231,Male,1,Yes,No,37,No,No phone service,Fiber optic,No,Yes,Yes,No,No,No,One year,No,Electronic check,99.03,3649.09,No
2470-70240,Female,0,No,No,3,Yes,Yes,Fiber optic,No,No,Yes,No,Yes,No,One year,No,Credit card (automatic),118.41,343.13,No
2802-69485,Male,0,Yes,Yes,28,Yes,No,DSL,No,No,No,Yes,No,No,Two year,Yes,Electronic check,51.31,1439.99,No
6443-10741,Male,0,No,No,0,Yes,Yes,DSL,No,No,No,No,Yes,Yes,Month-to-month,Yes,Bank transfer (automatic),59.38,,No
7213-48597,Female,0,Yes,No,35,Yes,Yes,No,No internet service,No internet service,No internet service,No internet service,No internet service,No internet service,Two year,Yes,Mailed check,34.34,1206.88,No
2652-62386,Female,0,Yes,No,53,Yes,No,Fiber optic,No,No,No,No,Yes,Yes,One year,Yes,Credit card (automatic),97.02,5286.13,No
8072-37123,Female,1,Yes,No,51,Yes,Yes,Fiber optic,No,Yes,No,No,Yes,No,Two year,Yes,Bank transfer (automatic),105.22,5264.87,No
7757-70513,Female,0,No,Yes,10,Yes,Yes,DSL,No,No,No,No,Yes,No,Month-to-month,Yes,Credit card (automatic),50.42,496.07,No
3177-62366,Female,0,No,Yes,34,Yes,Yes,DSL,No,No,Yes,No,No,No,One year,Yes,Mailed check,67.33,2213.34,No
2961-22923,Male,0,No,Yes,65,Yes,No,No,No internet service,No internet service,No internet service,No internet service,No internet service,No internet service,Two year,Yes,Electronic check,20.13,1263.68,No
7617-58539,Female,0,Yes,No,7,Yes,Yes,Fiber optic,No,Yes,No,No,Yes,No,Month-to-month,No,Credit card (automatic),105.17,738.16,Yes
5020-83893,Male,0,No,Yes,18,Yes,Yes,Fiber optic,Yes,Yes,No,No,No,No,Month-to-month,No,Credit card (automatic),119.0,2071.71,Yes
3865-80631,Male,0,No,No,10,Yes,No,DSL,Yes,Yes,No,No,No,Yes,Month-to-month,No,Mailed check,77.99,776.56,No
1595-19352,Female,0,Yes,No,25,Yes,No,Fiber optic,Yes,No,No,Yes,Yes,Yes,Month-to-month,No,Credit card (automatic),86.82,2121.74,Yes
4114-97338,Female,1,Yes,No,48,Yes,Yes,Fiber optic,No,No,No,No,Yes,Yes,Month-to-month,Yes,Electronic check,81.95,3990.14,Yes
1572-45297,Female,0,Yes,No,26,Yes,No,DSL,Yes,No,Yes,No,Yes,Yes,One year,Yes,Mailed check,69.39,1799.53,No
1740-37852,Male,1,Yes,No,12,Yes,No,DSL,No,No,Yes,No,No,Yes,One year,Yes,Electronic check,74.29,889.64,No
5131-72684,Female,0,No,No,42,Yes,No,DSL,Yes,Yes,No,No,No,No,One year,No,Electronic check,50.37,2185.48,No
6323-73427,Male,0,Yes,No,21,Yes,Yes,No,No internet service,No internet service,No internet service,No internet service,No internet service,No internet service,Month-to-month,Yes,Credit card (automatic),30.07,638.05,No
9533-81263,Female,0,No,No,48,Yes,Yes,No,No internet service,No internet service,No internet service,No internet service,No internet service,No internet service,Month-to-month,No,Bank transfer (automatic),27.46,1303.43,No
8266-57095,Female,0,No,No,68,Yes,Yes,DSL,Yes,Yes,No,Yes,No,Yes,Two year,No,Credit card (automatic),93.49,6485.76,No
6426-83682,Female,1,Yes,No,61,Yes,No,No,No internet service,No internet service,No internet service,No internet service,No internet service,No internet service,Two year,Yes,Mailed check,27.95,1729.5,No
7638-60244,Female,0,No,No,2,Yes,Yes,Fiber optic,No,Yes,No,No,No,Yes,One year,Yes,Bank transfer (automatic),110.27,226.12,No
9695-27490,Female,1,Yes,No,11,No,No phone service,No,No internet service,No internet service,No internet service,No internet service,No internet service,No internet service,One year,Yes,Credit card (automatic),29.2,327.01,No
6429-25655,Male,0,No,No,20,Yes,Yes,Fiber optic,No,No,No,Yes,No,Yes,Two year,Yes,Mailed check,118.63,2323.81,No
7350-13442,Male,0,Yes,No,18,Yes,No,DSL,No,Yes,No,No,Yes,No,Two year,Yes,Credit card (automatic),50.46,939.5,No
1051-65252,Male,0,Yes,Yes,42,Yes,Yes,No,No internet service,No internet service,No internet service,No internet service,No internet service,No internet service,One year,Yes,Credit card (automatic),32.71,1351.3,No
3694-35938,Female,0,Yes,No,66,Yes,Yes,No,No internet service,No internet service,No internet service,No internet service,No internet service,No internet service,Month-to-month,Yes,Credit card (automatic),24.42,1653.53,No
6883-27834,Male,1,No,Yes,38,No,No phone service,Fiber optic,No,No,No,No,No,No,Month-to-month,Yes,Credit card (automatic),87.63,3460.78,No
6481-47118,Male,0,No,No,17,No,No phone service,Fiber optic,No,Yes,No,No,No,Yes,One year,Yes,Bank transfer (automatic),113.37,1929.5,No
8059-35565,Female,0,No,Yes,6,Yes,No,Fiber optic,No,No,No,Yes,Yes,No,Month-to-month,Yes,Credit card (automatic),96.79,590.23,Yes
4133-37676,Female,0,Yes,No,30,Yes,Yes,DSL,Yes,Yes,No,No,No,No,Month-to-month,No,Mailed check,82.29,2557.04,Yes
1795-34441,Female,0,No,Yes,37,Yes,Yes,No,No internet service,No internet service,No internet service,No internet service,No internet service,No internet service,Month-to-month,No,Electronic check,35.04,1312.51,No
7612-95536,Female,0,Yes,Yes,57,Yes,Yes,No,No internet service,No internet service,No internet service,No internet service,No internet service,No internet service,Two year,Yes,Electronic check,30.64,1730.94,No
7170-53349,Female,0,No,No,33,Yes,No,DSL,No,Yes,Yes,No,No,No,Month-to-month,No,Mailed check,76.73,2470.38,Yes
9324-47338,Male,0,No,No,66,Yes,Yes,DSL,Yes,Yes,No,Yes,Yes,No,Two year,No,Bank transfer (automatic),73.0,4757.89,No
3412-73476,Female,0,No,Yes,49,No,No phone service,DSL,No,Yes,No,No,Yes,No,Two year,Yes,Credit card (automatic),64.37,3135.32,No
2718-30834,Female,0,Yes,Yes,45,Yes,No,No,No internet service,No internet service,No internet service,No internet service,No internet service,No internet service,One year,Yes,Credit card (automatic),20.35,895.18,No
5590-62769,Female,0,No,Yes,34,Yes,Yes,Fiber optic,No,No,Yes,Yes,Yes,Yes,Month-to-month,Yes,Bank transfer (automatic),114.72,3944.07,No
2354-64407,Male,0,No,No,67,Yes,Yes,Fiber optic,No,No,No,No,Yes,No,Two year,Yes,Electronic check,99.17,6566.39,No
7320-62721,Female,0,Yes,No,16,Yes,No,No,No internet service,No internet service,No internet service,No internet service,No internet service,No internet service,One year,No,Bank transfer (automatic),21.99,348.58,No
3604-13852,Female,1,No,No,30,Yes,No,No,No internet service,No internet service,No internet service,No internet service,No internet service,No internet service,Month-to-month,No,Bank transfer (automatic),26.95,822.13,No
1560-52397,Female,0,Yes,No,45,Yes,No,No,No internet service,No internet service,No internet service,No internet service,No internet service,No internet service,One year,Yes,Bank transfer (automatic),21.86,989.81,No
8450-19806,Male,0,No,No,29,Yes,Yes,Fiber optic,No,No,No,Yes,No,Yes,Month-to-month,Yes,Mailed check,114.73,3311.88,Yes
9575-88641,Female,0,No,No,41,Yes,Yes,No,No internet service,No internet service,No internet service,No internet service,No internet service,No internet service,One year,Yes,Bank transfer (automatic),24.82,996.34,No
9843-56726,Female,0,No,No,52,Yes,No,DSL,Yes,No,No,No,Yes,No,Two year,Yes,Credit card (automatic),81.59,4305.41,No
1091-95915,Female,0,Yes,Yes,32,Yes,No,DSL,No,No,Yes,No,Yes,No,Month-to-month,No,Bank transfer (automatic),66.41,2142.4,No
3101-99984,Male,0,Yes,No,33,No,No phone service,Fiber optic,No,No,No,No,No,No,Two year,Yes,Bank transfer (automatic),78.85,2691.03,No
3376-60618,Female,0,No,No,17,Yes,Yes,DSL,No,No,No,No,No,Yes,Month-to-month,Yes,Electronic check,67.58,1144.64,Yes
5135-80175,Female,0,Yes,No,63,Yes,Yes,DSL,No,No,No,Yes,Yes,No,Two year,Yes,Bank transfer (automatic),70.08,4316.08,No
9478-70109,Male,0,No,No,58,Yes,Yes,DSL,No,Yes,Yes,No,No,No,Two year,Yes,Bank transfer (automatic),78.96,4409.21,No
6006-50652,Female,0,Yes,No,10,Yes,No,Fiber optic,No,No,No,No,Yes,Yes,Month-to-month,Yes,Electronic check,81.26,827.17,Yes
4655-31884,Male,0,No,No,34,Yes,Yes,Fiber optic,No,No,No,No,No,Yes,Two year,Yes,Credit card (automatic),85.53,2824.4,No
7957-21607,Female,0,Yes,No,47,Yes,Yes,No,No internet service,No internet service,No internet service,No internet service,No internet service,No internet service,Two year,Yes,Electronic check,29.72,1366.2,No
1951-17012,Male,0,Yes,Yes,45,Yes,Yes,Fiber optic,No,No,No,No,Yes,Yes,Month-to-month,No,Credit card (automatic),87.69,4071.01,No
4903-46690,Female,0,Yes,No,47,Yes,No,Fiber optic,No,Yes,No,No,Yes,Yes,Two year,No,Credit card (automatic),112.51,5340.05,No
9393-61333,Female,0,Yes,No,48,Yes,No,No,No internet service,No internet service,No internet service,No internet service,No internet service,No internet service,Month-to-month,Yes,Bank transfer (automatic),20.04,964.16,No
1030-99336,Female,0,Yes,Yes,46,Yes,No,No,No internet service,No internet service,No internet service,No internet service,No internet service,No internet service,Month-to-month,No,Electronic check,27.21,1272.3,No
3923-70525,Female,0,Yes,No,37,Yes,No,DSL,No,No,No,No,No,Yes,Month-to-month,Yes,Bank transfer (automatic),47.85,1778.05,No
4332-75638,Female,0,No,Yes,11,Yes,Yes,Fiber optic,No,Yes,No,Yes,No,No,Month-to-month,Yes,Credit card (automatic),84.78,902.26,No
2016-81800,Male,0,Yes,Yes,11,Yes,No,No,No internet service,No internet service,No internet service,No internet service,No internet service,No internet service,Month-to-month,No,Credit card (automatic),25.22,277.28,No
1236-66573,Male,0,No,No,15,Yes,Yes,No,No internet service,No internet service,No internet service,No internet service,No internet service,No internet service,Month-to-month,Yes,Bank transfer (automatic),30.74,464.72,No
4202-58346,Female,1,No,No,18,Yes,No,DSL,No,No,Yes,No,No,Yes,Two year,Yes,Mailed check,65.49,1167.7,No
7942-14483,Female,0,No,No,25,Yes,Yes,Fiber optic,No,No,No,No,No,No,Month-to-month,No,Credit card (automatic),82.49,2014.08,No
5918-13432,Male,0,Yes,No,28,Yes,No,Fiber optic,No,Yes,No,No,Yes,No,Two year,No,Bank transfer (automatic),100.2,2833.0,No
8410-31288,Male,0,Yes,Yes,11,Yes,No,DSL,No,Yes,Yes,No,No,No,Month-to-month,No,Credit card (automatic),60.84,651.39,Yes
7433-52582,Female,0,Yes,No,39,Yes,Yes,Fiber optic,No,No,No,No,No,Yes,Month-to-month,Yes,Bank transfer (automatic),105.01,4211.17,Yes
1187-46922,Female,0,No,Yes,25,Yes,No,DSL,No,Yes,No,No,No,No,Two year,Yes,Credit card (automatic),62.57,1529.83,No
4454-96806,Male,0,No,Yes,4,Yes,Yes,DSL,No,Yes,Yes,No,No,No,Month-to-month,Yes,Mailed check,60.97,247.93,No
7036-45848,Male,1,Yes,No,52,Yes,Yes,DSL,Yes,No,Yes,No,No,Yes,Month-to-month,Yes,Bank transfer (automatic),90.29,4827.63,No
7645-41846,Male,0,Yes,No,29,Yes,No,DSL,No,Yes,No,No,Yes,Yes,Two year,Yes,Mailed check,74.69,2223.98,No
8515-80817,Female,0,Yes,Yes,22,Yes,No,DSL,Yes,No,No,No,No,No,Month-to-month,No,Electronic check,73.21,1628.17,Yes
8935-52362,Male,0,Yes,Yes,50,Yes,Yes,No,No internet service,No internet service,No internet service,No internet service,No internet service,No internet service,Month-to-month,Yes,Credit card (automatic),30.37,1470.45,No
8686-72278,Female,0,No,No,44,Yes,Yes,DSL,No,No,No,No,No,Yes,One year,Yes,Credit card (automatic),61.75,2621.35,No
8988-58045,Male,1,Yes,Yes,22,Yes,No,DSL,No,Yes,No,Yes,No,Yes,Month-to-month,No,Electronic check,67.84,1528.39,No
5322-64750,Male,0,Yes,No,45,Yes,No,Fiber optic,No,No,No,No,Yes,Yes,One year,No,Credit card (automatic),86.95,3861.07,No
3538-63500,Female,0,Yes,No,24,Yes,No,Fiber optic,No,No,No,No,No,No,Month-to-month,Yes,Bank transfer (automatic),89.79,2099.32,No
6185-17988,Female,0,Yes,Yes,35,No,No phone service,Fiber optic,No,No,No,No,No,Yes,Month-to-month,No,Mailed check,112.14,3774.06,Yes
1756-34617,Female,0,Yes,No,15,Yes,No,No,No internet service,No internet service,No internet service,No internet service,No internet service,No internet service,Month-to-month,Yes,Credit card (automatic),29.27,445.22,No
3863-72964,Female,0,Yes,No,15,Yes,No,Fiber optic,No,No,No,Yes,No,Yes,Month-to-month,Yes,Bank transfer (automatic),113.26,1755.44,No
8997-18752,Female,0,Yes,No,48,Yes,Yes,Fiber optic,Yes,No,Yes,No,No,No,One year,No,Electronic check,119.0,5839.31,No
4462-23483,Female,1,Yes,No,44,Yes,No,Fiber optic,Yes,No,No,No,No,No,Two year,Yes,Bank transfer (automatic),100.51,4554.54,No
7187-39104,Female,0,No,No,43,Yes,Yes,Fiber optic,No,Yes,No,No,No,Yes,Two year,No,Mailed check,87.17,3610.63,No
2032-21582,Male,0,No,No,18,Yes,Yes,Fiber optic,No,No,No,No,Yes,No,Month-to-month,No,Credit card (automatic),86.95,1581.25,Yes
3927-86161,Male,0,Yes,No,64,Yes,No,Fiber optic,No,No,Yes,No,Yes,No,Two year,No,Mailed check,101.01,6357.06,No
8068-25141,Female,0,No,No,12,Yes,No,DSL,No,Yes,No,No,No,No,Two year,Yes,Credit card (automatic),53.79,639.18,Yes
3662-20210,Male,0,Yes,Yes,7,Yes,No,Fiber optic,No,No,No,No,No,No,Month-to-month,Yes,Electronic check,75.97,511.43,Yes
2628-63808,Female,0,No,No,11,Yes,No,Fiber optic,No,Yes,No,No,Yes,No,Month-to-month,No,Credit card (automatic),111.34,1253.96,Yes
3954-72016,Female,0,No,Yes,20,Yes,No,DSL,No,Yes,Yes,No,Yes,No,Month-to-month,No,Electronic check,79.57,1545.28,Yes
4590-76499,Male,0,Yes,No,41,Yes,No,Fiber optic,Yes,No,No,Yes,No,Yes,Month-to-month,No,Credit card (automatic),86.26,3498.59,No
6836-35072,Female,1,Yes,No,20,Yes,Yes,No,No internet service,No internet service,No internet service,No internet service,No internet service,No internet service,Month-to-month,Yes,Mailed check,29.25,565.36,No
9231-17174,Male,0,No,No,20,Yes,Yes,DSL,No,No,Yes,No,No,No,Month-to-month,Yes,Mailed check,58.26,1119.21,Yes
1269-98501,Female,0,Yes,Yes,62,Yes,Yes,Fiber optic,Yes,No,No,No,No,Yes,Two year,Yes,Credit card (automatic),84.25,5322.09,No
2811-31942,Male,0,Yes,No,0,No,No phone service,DSL,Yes,No,No,Yes,No,No,Month-to-month,Yes,Bank transfer (automatic),62.95,,No
4320-42833,Male,0,No,No,23,Yes,Yes,Fiber optic,No,No,No,No,Yes,No,Month-to-month,Yes,Credit card (automatic),86.96,1929.21,Yes
4323-26591,Female,0,No,No,27,No,No phone service,DSL,No,Yes,No,No,No,No,Two year,No,Credit card (automatic),70.22,1872.05,No
2967-19726,Female,0,No,No,56,Yes,No,No,No internet service,No internet service,No internet service,No internet service,No internet service,No internet service,Month-to-month,Yes,Credit card (automatic),23.61,1307.36,No
7653-78008,Male,0,No,No,72,Yes,No,DSL,Yes,No,No,No,No,No,Month-to-month,Yes,Electronic check,61.28,4580.63,No
5944-74198,Female,1,No,No,19,Yes,No,No,No internet service,No internet service,No internet service,No internet service,No internet service,No internet service,Month-to-month,No,Bank transfer (automatic),22.77,447.77,No
1710-91740,Female,0,No,No,23,Yes,No,DSL,Yes,No,No,No,Yes,No,One year,No,Credit card (automatic),64.57,1527.02,No
6408-41892,Male,0,No,Yes,26,Yes,Yes,Fiber optic,No,Yes,Yes,No,Yes,No,Month-to-month,Yes,Credit card (automatic),86.31,2169.7,Yes
3029-54830,Female,0,No,No,29,Yes,Yes,DSL,No,Yes,Yes,Yes,No,No,One year,No,Mailed check,68.91,1988.87,No
4470-42104,Female,1,No,No,33,Yes,No,Fiber optic,No,No,No,No,No,Yes,Two year,Yes,Mailed check,76.14,2568.41,No
2473-90930,Male,0,No,Yes,5,Yes,No,No,No internet service,No internet service,No internet service,No internet service,No internet service,No internet service,One year,Yes,Mailed check,25.86,125.15,No
4946-19151,Female,1,No,No,21,Yes,No,No,No internet service,No internet service,No internet service,No internet service,No internet service,No internet service,Two year,Yes,Mailed check,20.94,456.41,No
6841-98584,Female,1,No,No,21,No,No phone service,No,No internet service,No internet service,No internet service,No internet service,No internet service,No internet service,One year,No,Bank transfer (automatic),27.09,578.06,No
9084-30161,Female,0,No,Yes,28,Yes,Yes,Fiber optic,No,No,No,No,Yes,No,One year,No,Electronic check,87.18,2515.13,Yes
4218-21156,Female,0,Yes,No,3,No,No phone service,Fiber optic,Yes,Yes,No,Yes,Yes,No,Month-to-month,No,Bank transfer (automatic),85.93,263.86,No
9229-13882,Female,0,No,No,16,Yes,No,No,No internet service,No internet service,No internet service,No internet service,No internet service,No internet service,Month-to-month,No,Mailed check,28.28,459.2,No
8898-81612,Male,0,Yes,No,33,Yes,No,No,No internet service,No internet service,No internet service,No internet service,No internet service,No internet service,Month-to-month,Yes,Electronic check,21.63,692.64,No
5661-75313,Female,0,Yes,No,23,Yes,Yes,Fiber optic,No,No,No,No,No,No,Month-to-month,Yes,Electronic check,112.34,2654.95,Yes
4398-82752,Male,0,Yes,No,35,Yes,No,Fiber optic,No,No,Yes,Yes,Yes,No,Month-to-month,No,Credit card (automatic),110.56,3957.93,Yes
5353-85481,Female,0,No,No,47,Yes,No,DSL,No,Yes,Yes,No,Yes,No,One year,No,Credit card (automatic),72.09,3304.82,No
4872-65460,Male,0,No,Yes,57,Yes,Yes,Fiber optic,No,No,No,No,Yes,Yes,Month-to-month,Yes,Bank transfer (automatic),94.98,5565.97,Yes
7683-13890,Male,1,Yes,Yes,55,No,No phone service,Fiber optic,No,No,No,No,No,No,One year,Yes,Credit card (automatic),86.17,4571.26,No
5009-14614,Male,0,Yes,Yes,68,No,No phone service,No,No internet service,No internet service,No internet service,No internet service,No internet service,No internet service,Month-to-month,Yes,Mailed check,19.02,1255.8,No
1241-94316,Female,0,Yes,Yes,12,Yes,Yes,DSL,Yes,Yes,No,No,No,No,Two year,Yes,Mailed check,78.13,915.48,No
2331-93200,Male,1,Yes,Yes,24,Yes,No,DSL,Yes,Yes,No,No,No,No,Month-to-month,No,Bank transfer (automatic),61.46,1480.99,No
5833-62452,Male,0,Yes,No,40,Yes,No,DSL,Yes,No,Yes,No,No,No,One year,Yes,Electronic check,65.74,2671.06,No
7638-84855,Female,0,No,No,8,Yes,Yes,DSL,No,No,No,No,No,No,One year,No,Credit card (automatic),73.5,564.5,No
1396-91173,Female,0,Yes,Yes,3,Yes,No,No,No internet service,No internet service,No internet service,No internet service,No internet service,No internet service,Month-to-month,No,Bank transfer (automatic),27.5,80.77,No
1875-16538,Male,1,Yes,No,19,Yes,No,DSL,No,Yes,Yes,Yes,Yes,Yes,Two year,No,Electronic check,68.58,1296.76,No
7538-18845,Female,0,Yes,Yes,25,Yes,No,No,No internet service,No internet service,No internet service,No internet service,No internet service,No internet service,Two year,No,Mailed check,21.86,536.22,No
9283-85522,Male,0,No,No,35,Yes,No,DSL,Yes,Yes,No,No,Yes,No,Two year,Yes,Bank transfer (automatic),70.3,2425.45,No
6432-12607,Male,0,No,No,31,No,No phone service,No,No internet service,No internet service,No internet service,No internet service,No internet service,No internet service,Two year,No,Bank transfer (automatic),27.86,858.05,No
4054-32360,Female,0,Yes,No,62,Yes,Yes,DSL,No,Yes,Yes,No,Yes,Yes,Month-to-month,Yes,Credit card (automatic),69.32,4466.67,No
2488-30778,Male,0,Yes,Yes,18,Yes,No,Fiber optic,Yes,No,No,No,Yes,Yes,Two year,Yes,Mailed check,98.08,1784.93,No
8926-29084,Female,0,No,No,32,Yes,No,Fiber optic,No,No,No,No,Yes,No,Two year,No,Credit card (automatic),94.82,2918.34,No
2033-69566,Female,1,Yes,No,21,Yes,No,DSL,Yes,No,Yes,No,Yes,No,Two year,Yes,Mailed check,72.89,1487.47,No
7971-72924,Female,0,No,Yes,53,Yes,No,Fiber optic,No,No,Yes,No,Yes,Yes,Two year,No,Bank transfer (automatic),109.22,5927.62,No
9062-41969,Male,1,No,No,13,Yes,No,Fiber optic,Yes,Yes,No,No,No,Yes,One year,Yes,Mailed check,118.86,1487.14,No
1655-20476,Female,0,No,No,47,Yes,Yes,DSL,No,No,No,No,No,No,Month-to-month,Yes,Credit card (automatic),57.38,2657.01,No
8703-77951,Female,1,No,Yes,33,Yes,No,Fiber optic,No,No,No,No,No,No,One year,No,Credit card (automatic),74.32,2386.36,No
9082-48810,Male,0,Yes,No,8,Yes,Yes,Fiber optic,No,No,No,No,Yes,No,Month-to-month,Yes,Credit card (automatic),111.68,923.29,Yes
4613-44559,Male,0,Yes,No,27,Yes,No,Fiber optic,No,No,No,Yes,Yes,No,One year,Yes,Bank transfer (automatic),117.05,3185.82,Yes
1547-27770,Male,0,Yes,No,48,Yes,No,Fiber optic,No,No,No,Yes,Yes,No,Month-to-month,No,Electronic check,77.23,3827.56,No
3232-40074,Female,0,Yes,No,56,Yes,No,Fiber optic,Yes,Yes,No,No,Yes,No,One year,Yes,Bank transfer (automatic),86.9,4871.17,No
9312-74250,Female,0,Yes,No,0,Yes,Yes,No,No internet service,No internet service,No internet service,No internet service,No internet service,No internet service,Month-to-month,Yes,Bank transfer (automatic),28.52,,No
7320-41465,Male,0,Yes,Yes,65,Yes,No,Fiber optic,No,No,No,No,Yes,No,Month-to-month,Yes,Electronic check,76.98,5013.43,Yes
3915-73830,Female,0,No,Yes,46,Yes,Yes,DSL,No,No,No,Yes,No,Yes,Month-to-month,No,Electronic check,58.01,2666.3,Yes
8011-65424,Female,0,Yes,No,69,Yes,Yes,DSL,Yes,No,Yes,No,No,No,Month-to-month,No,Mailed check,67.81,4602.41,Yes
3239-18786,Female,0,No,No,11,No,No phone service,Fiber optic,No,Yes,No,No,Yes,Yes,One year,Yes,Bank transfer (automatic),107.82,1177.57,Yes
4449-91689,Male,0,Yes,No,13,Yes,No,Fiber optic,No,Yes,No,No,No,No,Month-to-month,No,Credit card (automatic),107.02,1351.93,No
8148-71872,Male,0,Yes,Yes,40,Yes,Yes,DSL,No,Yes,No,No,No,No,Month-to-month,No,Electronic check,52.7,2114.42,No
9466-30300,Male,0,Yes,No,17,Yes,No,Fiber optic,Yes,No,No,No,Yes,Yes,Month-to-month,Yes,Electronic check,98.28,1674.98,No
1549-99584,Female,0,No,No,58,No,No phone service,No,No internet service,No internet service,No internet service,No internet service,No internet service,No internet service,Month-to-month,Yes,Credit card (automatic),27.9,1626.2,No
2126-52240,Female,1,No,No,5,Yes,Yes,No,No internet service,No internet service,No internet service,No internet service,No internet service,No internet service,Month-to-month,No,Credit card (automatic),27.72,138.01,Yes
4191-98466,Female,0,No,No,31,Yes,No,DSL,No,No,No,Yes,No,No,Month-to-month,No,Credit card (automatic),60.33,1845.5,No
2404-14610,Male,0,Yes,Yes,35,No,No phone service,Fiber optic,No,No,No,No,Yes,Yes,One year,No,Credit card (automatic),86.29,2967.41,No
1965-41804,Male,0,Yes,Yes,47,Yes,No,Fiber optic,No,No,No,No,Yes,No,One year,No,Bank transfer (automatic),99.02,4550.24,No
4422-21844,Male,0,No,Yes,52,Yes,No,DSL,No,No,No,Yes,Yes,No,Two year,No,Bank transfer (automatic),77.76,4112.6,No
5532-74425,Female,0,Yes,No,25,Yes,Yes,DSL,No,No,No,No,No,No,Month-to-month,Yes,Electronic check,51.52,1335.51,No
1606-76234,Male,1,Yes,No,40,Yes,Yes,No,No internet service,No internet service,No internet service,No internet service,No internet service,No internet service,Month-to-month,No,Credit card (automatic),30.66,1267.88,No
4081-11795,Female,0,Yes,No,36,Yes,Yes,Fiber optic,No,No,No,Yes,No,Yes,Month-to-month,Yes,Credit card (automatic),119.0,4331.53,Yes
9997-64888,Female,0,Yes,No,27,Yes,No,No,No internet service,No internet service,No internet service,No internet service,No internet service,No internet service,One year,Yes,Credit card (automatic),19.5,522.78,No
8901-25078,Male,0,Yes,No,22,Yes,No,Fiber optic,No,No,Yes,No,No,Yes,Month-to-month,Yes,Credit card (automatic),102.48,2297.52,No
6845-27516,Male,0,Yes,No,34,Yes,No,Fiber optic,No,No,No,Yes,Yes,Yes,Month-to-month,Yes,Credit card (automatic),113.64,3939.28,Yes
9601-70887,Male,0,No,No,15,Yes,No,Fiber optic,Yes,No,No,No,No,No,One year,No,Mailed check,84.68,1314.0,Yes
7122-90285,Female,0,No,No,21,Yes,No,Fiber optic,No,No,No,No,Yes,Yes,Month-to-month,Yes,Credit card (automatic),117.99,2392.17,Yes
7641-17979,Female,0,Yes,No,42,No,No phone service,DSL,Yes,Yes,No,Yes,No,No,Month-to-month,No,Credit card (automatic),67.37,2836.2,Yes
2024-35813,Male,1,Yes,Yes,8,Yes,Yes,DSL,Yes,No,No,No,Yes,No,One year,Yes,Credit card (automatic),53.69,418.62,Yes
4465-28022,Male,0,No,Yes,15,No,No phone service,Fiber optic,No,No,No,Yes,Yes,No,Two year,No,Credit card (automatic),106.02,1528.93,No
3363-12040,Female,1,Yes,Yes,27,No,No phone service,DSL,No,No,Yes,Yes,No,No,Month-to-month,No,Mailed check,75.42,2092.68,No
2154-77021,Male,0,No,No,14,Yes,Yes,No,No internet service,No internet service,No internet service,No internet service,No internet service,No internet service,Month-to-month,No,Bank transfer (automatic),24.32,347.84,No
7739-41540,Male,0,Yes,No,43,Yes,Yes,Fiber optic,No,Yes,Yes,Yes,No,No,Month-to-month,No,Electronic check,86.07,3834.67,No
4373-13923,Male,0,No,No,15,Yes,Yes,No,No internet service,No internet service,No internet service,No internet service,No internet service,No internet service,Month-to-month,Yes,Electronic check,34.62,536.77,No
2936-24060,Male,0,No,Yes,47,Yes,No,Fiber optic,No,No,Yes,No,Yes,Yes,Month-to-month,Yes,Credit card (automatic),109.08,5084.46,No
9416-24933,Male,0,Yes,No,47,Yes,Yes,Fiber optic,No,No,No,No,No,Yes,Month-to-month,Yes,Credit card (automatic),93.36,4344.36,Yes
1311-60653,Female,0,No,No,27,Yes,Yes,DSL,No,Yes,No,No,No,No,Month-to-month,Yes,Electronic check,58.61,1570.49,Yes
4100-99352,Female,0,No,No,22,No,No phone service,DSL,No,No,No,No,No,No,Month-to-month,Yes,Electronic check,61.83,1413.44,No
6646-19588,Female,0,No,No,38,Yes,No,Fiber optic,No,No,Yes,No,Yes,Yes,One year,No,Electronic check,93.62,3436.59,No
4627-21545,Female,0,Yes,Yes,51,Yes,Yes,DSL,Yes,No,Yes,No,No,No,Two year,No,Mailed check,74.68,3670.75,No
6206-47932,Female,1,Yes,Yes,13,Yes,No,No,No internet service,No internet service,No internet service,No internet service,No internet service,No internet service,Month-to-month,Yes,Credit card (automatic),24.68,324.47,No
8534-91981,Male,1,Yes,No,38,Yes,No,DSL,Yes,No,No,Yes,Yes,Yes,One year,Yes,Mailed check,78.91,2967.85,No
4297-79816,Male,0,No,Yes,67,Yes,Yes,No,No internet service,No internet service,No internet service,No internet service,No internet service,No internet service,Two year,Yes,Bank transfer (automatic),27.9,1874.5,No
3773-47033,Female,1,Yes,No,41,Yes,Yes,Fiber optic,No,No,No,No,No,Yes,Month-to-month,No,Mailed check,84.93,3490.66,Yes
4488-95224,Male,0,Yes,No,45,No,No phone service,Fiber optic,No,Yes,No,No,Yes,Yes,One year,Yes,Electronic check,93.13,4047.83,No
8644-62650,Female,0,No,Yes,13,Yes,Yes,No,No internet service,No internet service,No internet service,No internet service,No internet service,No internet service,Month-to-month,Yes,Bank transfer (automatic),27.1,347.82,No
4650-65645,Female,1,Yes,No,69,Yes,No,Fiber optic,Yes,No,No,Yes,Yes,Yes,Two year,No,Bank transfer (automatic),96.98,6610.51,No
7741-42431,Male,0,No,Yes,30,Yes,No,DSL,Yes,No,No,No,No,Yes,Month-to-month,Yes,Mailed check,63.26,1898.6,No
2689-81360,Female,0,Yes,No,40,Yes,Yes,DSL,No,Yes,Yes,No,Yes,Yes,Month-to-month,No,Mailed check,71.74,2981.04,No
8114-93126,Female,0,No,No,15,Yes,Yes,DSL,No,No,No,Yes,Yes,No,Two year,Yes,Mailed check,58.01,844.33,No
7889-77356,Male,0,Yes,No,51,Yes,Yes,Fiber optic,No,No,No,No,No,No,One year,Yes,Electronic check,78.33,4120.12,No
7896-44995,Male,0,Yes,Yes,71,Yes,No,Fiber optic,No,Yes,No,No,No,No,Month-to-month,Yes,Credit card (automatic),90.78,6400.4,No
5667-13737,Female,0,No,No,68,Yes,No,No,No internet service,No internet service,No internet service,No internet service,No internet service,No internet service,Two year,No,Bank transfer (automatic),20.66,1440.5,No
1022-19383,Female,0,Yes,No,36,Yes,Yes,DSL,No,No,Yes,Yes,No,No,Two year,Yes,Credit card (automatic),51.46,1806.77,No
5341-41186,Male,0,Yes,No,8,Yes,No,DSL,Yes,Yes,No,Yes,Yes,No,Month-to-month,Yes,Credit card (automatic),83.61,655.82,Yes
6423-84475,Female,0,Yes,No,47,Yes,Yes,DSL,Yes,No,No,No,No,Yes,Month-to-month,No,Credit card (automatic),85.3,4075.6,Yes
4207-87199,Male,0,No,No,49,Yes,No,No,No internet service,No internet service,No internet service,No internet service,No internet service,No internet service,Month-to-month,No,Mailed check,25.63,1276.35,No
2188-98531,Female,1,Yes,No,65,Yes,Yes,No,No internet service,No internet service,No internet service,No internet service,No internet service,No internet service,Two year,No,Electronic check,32.53,2121.62,No
7975-14849,Female,0,Yes,No,16,Yes,No,Fiber optic,No,No,Yes,No,Yes,No,Month-to-month,Yes,Bank transfer (automatic),111.24,1742.24,Yes
8488-60371,Male,1,Yes,No,11,Yes,No,Fiber optic,No,No,Yes,Yes,Yes,Yes,Month-to-month,No,Bank transfer (automatic),92.61,997.62,Yes
5871-56891,Female,0,Yes,No,32,Yes,No,No,No internet service,No internet service,No internet service,No internet service,No internet service,No internet service,Month-to-month,No,Bank transfer (automatic),23.69,734.19,No
3404-98930,Female,0,No,No,29,Yes,No,Fiber optic,No,No,Yes,No,No,Yes,Month-to-month,Yes,Credit card (automatic),83.62,2487.52,No
1316-45008,Female,0,Yes,Yes,39,Yes,Yes,No,No internet service,No internet service,No internet service,No internet service,No internet service,No internet service,Month-to-month,Yes,Credit card (automatic),24.38,935.93,No
5567-90355,Male,0,No,No,10,Yes,Yes,No,No internet service,No internet service,No internet service,No internet service,No internet service,No internet service,Month-to-month,Yes,Credit card (automatic),31.32,323.27,No
4055-96782,Male,0,No,Yes,28,Yes,No,Fiber optic,Yes,Yes,No,Yes,No,No,Month-to-month,Yes,Bank transfer (automatic),104.15,2810.21,Yes
7932-55624,Male,0,No,Yes,13,Yes,No,Fiber optic,No,Yes,Yes,No,Yes,No,Month-to-month,Yes,Credit card (automatic),116.79,1548.77,No
8481-92059,Male,1,No,No,27,Yes,No,DSL,Yes,No,No,No,No,No,Month-to-month,Yes,Bank transfer (automatic),67.1,1840.4,No
1024-43558,Male,0,Yes,Yes,66,Yes,No,DSL,No,No,No,Yes,No,No,Month-to-month,Yes,Mailed check,69.29,4668.13,No
7815-39236,Female,1,No,Yes,13,Yes,No,No,No internet service,No internet service,No internet service,No internet service,No internet service,No internet service,Month-to-month,Yes,Credit card (automatic),26.3,342.44,No
5550-15772,Female,0,No,No,60,Yes,No,DSL,Yes,Yes,Yes,No,No,No,One year,No,Credit card (automatic),64.86,3776.11,No
3383-29436,Female,0,No,No,28,Yes,No,DSL,No,No,Yes,No,Yes,No,Month-to-month,No,Mailed check,73.33,1995.98,No
6166-94239,Male,0,Yes,Yes,49,Yes,Yes,No,No internet service,No internet service,No internet service,No internet service,No internet service,No internet service,Month-to-month,No,Mailed check,25.74,1278.31,No
3195-27869,Male,0,Yes,No,12,Yes,Yes,DSL,No,Yes,No,No,No,No,One year,No,Electronic check,74.48,916.91,No
3675-82148,Female,0,No,Yes,26,Yes,Yes,Fiber optic,No,No,No,Yes,No,Yes,One year,No,Mailed check,94.07,2540.01,No
3849-67740,Male,0,Yes,No,20,Yes,Yes,Fiber optic,No,No,No,No,Yes,Yes,One year,Yes,Electronic check,95.38,1958.57,Yes
6270-60492,Female,1,No,No,24,Yes,No,DSL,No,Yes,No,No,No,Yes,Two year,No,Mailed check,63.11,1544.4,No
9808-85575,Female,0,Yes,Yes,26,Yes,No,DSL,No,No,No,No,No,Yes,Month-to-month,No,Mailed check,56.62,1439.01,No
5493-48482,Male,0,No,No,7,Yes,No,DSL,Yes,No,No,No,No,No,Month-to-month,Yes,Bank transfer (automatic),57.3,398.79,No
2275-50146,Male,0,Yes,No,57,Yes,No,DSL,No,Yes,Yes,Yes,No,No,Month-to-month,No,Bank transfer (automatic),58.12,3345.87,No
6280-45659,Male,0,Yes,No,22,Yes,No,DSL,Yes,No,No,No,No,Yes,Month-to-month,No,Credit card (automatic),62.41,1414.09,No
4820-55972,Male,0,Yes,No,54,Yes,No,No,No internet service,No internet service,No internet service,No internet service,No internet service,No internet service,Two year,Yes,Bank transfer (automatic),29.79,1552.97,No
4190-69856,Male,0,No,No,53,Yes,Yes,No,No internet service,No internet service,No internet service,No internet service,No internet service,No internet service,One year,No,Credit card (automatic),23.74,1245.37,No
5767-21166,Female,0,No,No,60,No,No phone service,DSL,No,No,Yes,Yes,No,No,Two year,No,Mailed check,80.17,4856.56,No
2382-65766,Female,0,No,No,28,Yes,No,Fiber optic,No,No,Yes,No,Yes,Yes,Two year,No,Electronic check,107.27,3056.89,Yes
3807-22930,Female,0,No,No,56,Yes,Yes,Fiber optic,No,No,Yes,No,Yes,No,Two year,No,Mailed check,93.68,5142.36,No
8574-88650,Female,0,No,No,35,Yes,Yes,Fiber optic,No,No,No,No,Yes,Yes,Month-to-month,No,Electronic check,93.56,3284.68,Yes
2633-55712,Female,0,No,Yes,22,Yes,No,No,No internet service,No internet service,No internet service,No internet service,No internet service,No internet service,Two year,Yes,Credit card (automatic),25.13,534.08,No
3299-18097,Male,0,No,No,1,Yes,No,DSL,Yes,No,Yes,No,No,No,Month-to-month,No,Mailed check,72.39,75.02,No
7034-40751,Male,0,No,No,35,Yes,Yes,No,No internet service,No internet service,No internet service,No internet service,No internet service,No internet service,Month-to-month,No,Bank transfer (automatic),24.49,876.71,No
5084-52301,Female,0,No,No,34,Yes,No,DSL,No,No,Yes,No,No,Yes,Month-to-month,Yes,Electronic check,56.38,1884.21,No
4654-21300,Male,1,Yes,No,55,Yes,No,Fiber optic,No,Yes,No,No,Yes,No,Two year,Yes,Mailed check,85.23,4723.62,No
1246-79810,Male,0,No,No,69,Yes,No,No,No internet service,No internet service,No internet service,No internet service,No internet service,No internet service,Two year,Yes,Mailed check,28.15,1910.75,No
1028-30012,Female,0,Yes,Yes,0,Yes,No,Fiber optic,No,No,No,No,Yes,Yes,Month-to-month,Yes,Bank transfer (automatic),115.21,,Yes
2350-52923,Female,0,Yes,Yes,30,Yes,Yes,Fiber optic,No,No,No,No,No,Yes,Two year,No,Mailed check,106.15,3250.73,No
6763-78973,Female,0,No,No,23,Yes,No,DSL,No,No,No,No,No,No,Month-to-month,Yes,Bank transfer (automatic),40.22,920.66,No
2610-40800,Female,0,No,No,8,No,No phone service,Fiber optic,No,No,No,No,Yes,No,One year,No,Electronic check,106.6,832.58,No
9262-96564,Male,1,Yes,No,23,Yes,No,DSL,No,Yes,No,Yes,No,No,Month-to-month,Yes,Mailed check,74.96,1702.53,Yes
7752-98312,Female,1,Yes,No,60,Yes,No,Fiber optic,No,Yes,No,No,No,Yes,Month-to-month,No,Mailed check,111.56,6866.9,No
8292-55304,Female,0,No,No,30,Yes,No,DSL,Yes,Yes,No,No,No,Yes,Month-to-month,Yes,Mailed check,80.19,2424.07,Yes
5698-44244,Female,0,Yes,No,70,Yes,No,Fiber optic,No,No,Yes,No,Yes,Yes,Two year,No,Credit card (automatic),114.96,8342.51,No
3437-37153,Female,0,Yes,No,52,Yes,No,Fiber optic,No,No,No,No,Yes,No,Two year,Yes,Credit card (automatic),80.98,4055.68,Yes
1965-69202,Female,0,No,Yes,34,Yes,Yes,DSL,No,Yes,No,Yes,No,No,Month-to-month,Yes,Credit card (automatic),63.92,2249.99,No
4444-38511,Male,0,No,No,45,Yes,No,Fiber optic,No,Yes,Yes,No,Yes,No,Month-to-month,Yes,Credit card (automatic),93.34,4034.28,No
7925-66210,Male,0,No,No,38,Yes,Yes,DSL,Yes,Yes,Yes,No,Yes,No,Month-to-month,No,Bank transfer (automatic),81.33,3076.62,Yes
6495-23228,Male,0,No,No,40,Yes,Yes,Fiber optic,No,No,No,No,No,Yes,One year,No,Mailed check,85.44,3416.6,No
5181-23387,Male,0,Yes,Yes,15,Yes,Yes,No,No internet service,No internet service,No internet service,No internet service,No internet service,No internet service,Month-to-month,No,Electronic check,30.47,469.55,No
4658-23761,Male,0,Yes,No,19,Yes,No,Fiber optic,No,No,No,No,Yes,Yes,One year,No,Credit card (automatic),84.24,1539.23,Yes
2053-56200,Male,0,No,No,48,Yes,Yes,Fiber optic,Yes,No,No,No,No,Yes,Month-to-month,Yes,Credit card (automatic),106.0,5167.75,Yes
9322-49308,Female,0,No,No,23,Yes,No,No,No internet service,No internet service,No internet service,No internet service,No internet service,No internet service,Month-to-month,Yes,Mailed check,19.75,457.81,No
6457-47139,Female,0,Yes,No,42,Yes,Yes,Fiber optic,No,No,No,No,Yes,No,Two year,No,Credit card (automatic),97.84,4257.12,No
6933-31872,Female,0,Yes,No,1,Yes,Yes,No,No internet service,No internet service,No internet service,No internet service,No internet service,No internet service,One year,Yes,Electronic check,25.88,25.26,No
9092-88088,Female,0,Yes,No,43,Yes,Yes,DSL,No,Yes,No,No,No,Yes,Month-to-month,Yes,Credit card (automatic),77.5,3219.73,No
2297-66413,Female,0,Yes,No,24,Yes,Yes,Fiber optic,No,No,No,No,Yes,Yes,Month-to-month,No,Electronic check,106.54,2656.4,Yes
2523-22600,Female,0,Yes,Yes,16,Yes,Yes,Fiber optic,No,No,No,No,No,No,Month-to-month,Yes,Credit card (automatic),85.34,1324.79,Yes
1668-86294,Male,0,Yes,No,36,Yes,No,Fiber optic,No,No,No,No,No,Yes,Month-to-month,No,Bank transfer (automatic),87.76,3091.28,No
9540-14912,Female,0,No,Yes,36,Yes,Yes,DSL,Yes,No,No,No,Yes,No,Month-to-month,No,Credit card (automatic),81.09,2895.93,No
2328-95799,Male,0,Yes,Yes,36,No,No phone service,DSL,Yes,Yes,No,No,Yes,No,One year,Yes,Mailed check,78.5,2919.84,No
6522-67794,Male,0,No,No,6,Yes,Yes,Fiber optic,No,No,Yes,No,No,No,Month-to-month,Yes,Bank transfer (automatic),89.18,528.14,Yes
9641-34488,Female,1,No,Yes,3,Yes,Yes,Fiber optic,No,No,No,No,Yes,No,Month-to-month,Yes,Bank transfer (automatic),83.92,250.53,Yes
6744-35413,Female,0,No,No,37,No,No phone service,Fiber optic,No,Yes,No,No,No,Yes,Month-to-month,Yes,Credit card (automatic),107.01,3893.1,No
6059-91797,Male,1,No,No,6,Yes,No,No,No internet service,No internet service,No internet service,No internet service,No internet service,No internet service,Month-to-month,No,Credit card (automatic),25.43,158.08,No
6485-26928,Male,0,Yes,No,22,Yes,Yes,Fiber optic,No,Yes,No,No,No,No,Month-to-month,No,Mailed check,93.89,2080.76,Yes
6146-11832,Male,0,Yes,Yes,31,Yes,Yes,No,No internet service,No internet service,No internet service,No internet service,No internet service,No internet service,Two year,No,Credit card (automatic),30.7,986.3,No
8232-43430,Male,0,No,No,22,Yes,No,DSL,No,No,Yes,No,No,No,Month-to-month,Yes,Credit card (automatic),48.77,1099.35,Yes
9721-68341,Male,0,Yes,No,45,No,No phone service,No,No internet service,No internet service,No internet service,No internet service,No internet service,No internet service,Two year,No,Credit card (automatic),20.0,932.61,No
6937-91308,Female,0,Yes,No,21,Yes,Yes,No,No internet service,No internet service,No internet service,No internet service,No internet service,No internet service,Month-to-month,Yes,Mailed check,30.91,644.12,No
3315-59187,Female,0,Yes,No,22,Yes,No,No,No internet service,No internet service,No internet service,No internet service,No internet service,No internet service,Month-to-month,No,Mailed check,25.42,570.76,No
1685-89617,Female,0,No,No,47,Yes,No,No,No internet service,No internet service,No internet service,No internet service,No internet service,No internet service,Month-to-month,No,Mailed check,24.86,1200.88,No
5363-87943,Female,0,Yes,No,24,Yes,No,No,No internet service,No internet service,No internet service,No internet service,No internet service,No internet service,One year,Yes,Credit card (automatic),23.13,562.55,No
8728-50588,Female,0,No,Yes,25,Yes,No,DSL,Yes,Yes,No,Yes,No,Yes,Month-to-month,No,Mailed check,79.79,1988.47,No
7731-78858,Female,0,Yes,No,72,Yes,No,No,No internet service,No internet service,No internet service,No internet service,No internet service,No internet service,Two year,Yes,Electronic check,21.23,1565.99,No
3281-53324,Male,0,No,No,43,Yes,No,DSL,No,No,No,Yes,No,No,Month-to-month,Yes,Credit card (automatic),52.05,2158.76,Yes
2941-21150,Male,0,Yes,No,42,No,No phone service,No,No internet service,No internet service,No internet service,No internet service,No internet service,No internet service,One year,Yes,Credit card (automatic),20.38,840.46,No
4147-22920,Female,0,No,No,23,Yes,No,Fiber optic,No,Yes,No,No,Yes,No,Month-to-month,Yes,Credit card (automatic),94.82,2249.28,No
5415-93881,Male,0,No,No,23,Yes,No,DSL,No,Yes,Yes,No,No,No,Month-to-month,No,Electronic check,54.9,1238.18,No
2010-61220,Male,0,Yes,No,24,Yes,Yes,DSL,No,Yes,No,No,Yes,Yes,One year,No,Electronic check,69.78,1735.25,No
3557-71051,Male,0,Yes,No,34,Yes,No,DSL,No,No,No,No,No,No,Month-to-month,No,Mailed check,45.43,1560.04,No
3434-48615,Female,0,No,No,11,Yes,Yes,Fiber optic,No,No,No,No,No,Yes,Month-to-month,Yes,Mailed check,113.57,1232.65,Yes
5480-48913,Male,0,No,No,12,No,No phone service,Fiber optic,No,Yes,No,No,Yes,No,One year,Yes,Credit card (automatic),100.22,1210.59,Yes
2638-95819,Female,0,Yes,Yes,8,Yes,No,Fiber optic,No,Yes,No,Yes,No,Yes,One year,Yes,Credit card (automatic),115.67,933.71,No
2621-86945,Male,0,Yes,No,11,Yes,No,Fiber optic,Yes,Yes,No,Yes,No,No,One year,No,Bank transfer (automatic),94.42,1046.94,No
8951-78259,Male,0,Yes,No,47,Yes,Yes,DSL,No,No,No,No,No,Yes,Month-to-month,Yes,Bank transfer (automatic),77.08,3706.22,Yes
4740-61289,Male,0,Yes,No,46,Yes,Yes,Fiber optic,No,No,No,No,No,Yes,Month-to-month,Yes,Credit card (automatic),112.45,5020.77,Yes
1541-51955,Male,1,Yes,No,8,Yes,Yes,Fiber optic,Yes,No,No,No,Yes,Yes,Month-to-month,Yes,Credit card (automatic),97.59,772.26,Yes
5561-93382,Female,0,Yes,No,7,Yes,No,Fiber optic,No,Yes,Yes,No,No,No,Month-to-month,Yes,Credit card (automatic),103.64,741.2,No
4241-13213,Male,0,Yes,No,45,Yes,Yes,DSL,No,Yes,No,Yes,Yes,Yes,Month-to-month,No,Electronic check,60.23,2633.55,No
9432-20349,Male,0,No,No,9,Yes,Yes,Fiber optic,No,No,No,No,No,Yes,Month-to-month,Yes,Credit card (automatic),93.83,818.13,No
1011-73898,Female,0,No,Yes,3,Yes,No,No,No internet service,No internet service,No internet service,No internet service,No internet service,No internet service,Month-to-month,No,Credit card (automatic),19.67,59.09,No
2156-13073,Female,0,No,No,40,Yes,No,No,No internet service,No internet service,No internet service,No internet service,No internet service,No internet service,Month-to-month,Yes,Electronic check,24.54,981.56,No
1964-62580,Male,0,No,Yes,49,Yes,No,DSL,Yes,Yes,Yes,No,No,Yes,Month-to-month,Yes,Mailed check,66.78,3171.55,No
7925-25369,Female,0,No,No,18,Yes,No,No,No internet service,No internet service,No internet service,No internet service,No internet service,No internet service,Month-to-month,Yes,Credit card (automatic),20.07,367.01,No
7827-32079,Female,0,Yes,No,49,No,No phone service,DSL,Yes,No,No,No,No,No,Month-to-month,No,Mailed check,73.97,3589.58,Yes
6819-23469,Male,0,No,Yes,19,Yes,Yes,DSL,No,No,No,Yes,No,No,Month-to-month,Yes,Mailed check,71.07,1317.26,Yes
5913-68548,Female,0,Yes,Yes,12,Yes,No,DSL,No,No,No,No,No,No,Two year,Yes,Bank transfer (automatic),55.53,656.82,No
1775-54213,Female,1,No,No,1,No,No phone service,Fiber optic,No,Yes,No,No,Yes,No,Month-to-month,Yes,Bank transfer (automatic),113.3,111.06,Yes
6262-17682,Female,1,No,Yes,12,Yes,Yes,No,No internet service,No internet service,No internet service,No internet service,No internet service,No internet service,Month-to-month,Yes,Credit card (automatic),31.5,383.2,No
7979-23113,Male,0,No,No,64,Yes,No,No,No internet service,No internet service,No internet service,No internet service,No internet service,No internet service,Two year,No,Electronic check,23.9,1543.57,No
1580-58651,Male,0,Yes,No,10,Yes,Yes,Fiber optic,No,Yes,No,No,Yes,Yes,Month-to-month,Yes,Credit card (automatic),118.99,1232.24,Yes
3291-36186,Male,0,No,Yes,50,Yes,Yes,Fiber optic,No,Yes,Yes,No,Yes,Yes,Month-to-month,No,Mailed check,90.45,4451.7,No
7851-50168,Female,0,Yes,No,27,Yes,Yes,DSL,Yes,Yes,No,Yes,Yes,Yes,One year,Yes,Bank transfer (automatic),99.29,2773.66,No
6965-40072,Female,0,Yes,No,17,Yes,No,No,No internet service,No internet service,No internet service,No internet service,No internet service,No internet service,One year,No,Bank transfer (automatic),24.5,415.22,No
7736-93879,Male,0,Yes,Yes,21,Yes,Yes,DSL,No,Yes,Yes,No,No,No,Two year,Yes,Credit card (automatic),62.58,1293.83,No
1960-60784,Male,1,Yes,No,65,No,No phone service,DSL,No,Yes,Yes,Yes,Yes,No,Two year,Yes,Bank transfer (automatic),65.51,4252.5,No
8031-20727,Female,1,No,No,7,Yes,Yes,No,No internet service,No internet service,No internet service,No internet service,No internet service,No internet service,One year,No,Mailed check,23.02,167.35,No
7444-99029,Female,0,Yes,No,21,Yes,Yes,DSL,No,No,No,No,Yes,Yes,Month-to-month,No,Mailed check,58.93,1194.97,No
8845-41306,Female,0,Yes,Yes,3,Yes,No,DSL,No,Yes,No,No,Yes,Yes,Month-to-month,Yes,Credit card (automatic),61.87,178.42,No
8069-16377,Male,0,No,No,14,Yes,No,No,No internet service,No internet service,No internet service,No internet service,No internet service,No internet service,Month-to-month,Yes,Mailed check,20.39,277.84,No
7162-82251,Female,0,No,No,23,No,No phone service,DSL,Yes,No,Yes,No,No,Yes,Month-to-month,Yes,Credit card (automatic),53.08,1250.34,No
4921-33492,Male,0,Yes,No,45,Yes,Yes,DSL,No,Yes,No,No,Yes,Yes,Two year,Yes,Bank transfer (automatic),60.35,2653.3,No
6355-87658,Female,0,No,No,67,Yes,No,Fiber optic,No,No,No,No,Yes,Yes,Month-to-month,Yes,Mailed check,81.4,5338.97,No
3132-97854,Male,0,No,No,66,Yes,No,DSL,No,No,No,No,Yes,No,Two year,Yes,Electronic check,63.54,4043.07,No
5922-72259,Male,0,Yes,No,20,Yes,No,No,No internet service,No internet service,No internet service,No internet service,No internet service,No internet service,Month-to-month,Yes,Credit card (automatic),24.4,471.71,No
3569-78229,Male,0,No,Yes,49,Yes,No,Fiber optic,No,No,No,No,Yes,Yes,Month-to-month,Yes,Bank transfer (automatic),101.35,5077.43,Yes
9509-81572,Female,0,No,No,23,No,No phone service,Fiber optic,No,No,No,No,No,Yes,Two year,Yes,Credit card (automatic),74.86,1733.92,No
3128-79812,Female,0,Yes,No,44,Yes,No,DSL,No,No,Yes,No,Yes,No,Month-to-month,Yes,Credit card (automatic),67.31,2895.62,No
4600-90664,Male,1,No,No,67,Yes,Yes,DSL,Yes,Yes,Yes,No,Yes,No,Month-to-month,No,Mailed check,76.0,5113.55,No
1578-18275,Female,0,Yes,No,28,Yes,No,No,No internet service,No internet service,No internet service,No internet service,No internet service,No internet service,Month-to-month,Yes,Credit card (automatic),19.24,525.88,No
1644-53663,Male,0,No,No,20,Yes,No,DSL,No,Yes,Yes,No,No,Yes,Month-to-month,No,Credit card (automatic),82.34,1701.08,No
3379-40121,Male,0,Yes,Yes,1,Yes,Yes,DSL,No,Yes,No,No,No,No,Month-to-month,Yes,Bank transfer (automatic),62.72,60.85,No
1352-47378,Male,0,Yes,No,20,Yes,Yes,DSL,No,No,Yes,No,No,Yes,One year,Yes,Mailed check,79.54,1627.6,Yes
7357-23644,Female,1,No,No,14,Yes,Yes,Fiber optic,No,Yes,No,No,Yes,No,Two year,No,Mailed check,85.39,1192.16,No
3408-66377,Male,0,No,No,51,Yes,Yes,No,No internet service,No internet service,No internet service,No internet service,No internet service,No internet service,One year,No,Electronic check,25.77,1339.11,No
9829-64610,Female,1,Yes,No,41,Yes,No,DSL,No,No,Yes,Yes,Yes,Yes,Two year,No,Bank transfer (automatic),67.85,2689.4,No
7425-13930,Male,0,Yes,Yes,59,Yes,No,DSL,Yes,No,Yes,No,No,Yes,Two year,No,Credit card (automatic),81.77,4677.02,No
6155-43771,Male,0,Yes,No,34,Yes,Yes,No,No internet service,No internet service,No internet service,No internet service,No internet service,No internet service,Month-to-month,Yes,Electronic check,31.4,1092.47,No
4947-38187,Male,0,No,No,60,Yes,Yes,DSL,No,Yes,No,Yes,No,No,Two year,No,Credit card (automatic),70.01,4291.31,No
2653-30649,Female,0,Yes,No,58,Yes,No,Fiber optic,No,No,No,Yes,No,No,Two year,Yes,Bank transfer (automatic),72.98,4360.93,Yes
4740-25728,Male,0,Yes,No,66,Yes,Yes,Fiber optic,No,Yes,No,No,Yes,Yes,Month-to-month,Yes,Electronic check,118.49,7934.51,No
3522-77322,Female,0,No,No,57,Yes,No,Fiber optic,No,No,No,No,Yes,No,Month-to-month,No,Bank transfer (automatic),110.49,6415.0,Yes
6482-37966,Female,0,Yes,Yes,51,Yes,Yes,DSL,No,No,Yes,Yes,Yes,Yes,One year,Yes,Credit card (automatic),77.91,3968.75,No
6632-40110,Male,0,Yes,No,60,Yes,No,No,No internet service,No internet service,No internet service,No internet service,No internet service,No internet service,Two year,Yes,Mailed check,29.58,1705.47,No
8047-14154,Female,1,No,No,59,No,No phone service,DSL,No,No,No,No,No,No,Two year,Yes,Credit card (automatic),51.88,2983.99,No
9008-15362,Female,0,Yes,No,43,Yes,Yes,Fiber optic,Yes,No,No,No,Yes,Yes,Month-to-month,Yes,Bank transfer (automatic),88.2,3655.74,No
2867-57438,Male,0,No,Yes,64,Yes,Yes,Fiber optic,No,Yes,No,No,Yes,No,Two year,Yes,Credit card (automatic),80.28,5115.21,Yes
2060-20968,Male,0,No,No,11,No,No phone service,No,No internet service,No internet service,No internet service,No internet service,No internet service,No internet service,Month-to-month,Yes,Credit card (automatic),23.63,252.36,No
2018-45714,Male,0,Yes,No,22,Yes,Yes,Fiber optic,No,Yes,No,No,Yes,Yes,Two year,No,Mailed check,107.23,2356.87,No
4012-72005,Female,1,No,No,22,Yes,Yes,Fiber optic,No,No,No,No,Yes,No,One year,No,Credit card (automatic),88.32,1936.21,No
5551-38390,Male,0,No,No,26,Yes,No,DSL,No,Yes,No,No,Yes,Yes,Two year,Yes,Bank transfer (automatic),72.5,1948.02,No
8003-91577,Female,0,No,No,12,Yes,No,Fiber optic,Yes,No,No,No,Yes,Yes,Two year,No,Bank transfer (automatic),102.54,1213.48,No
4104-61099,Female,0,No,No,22,Yes,Yes,Fiber optic,No,No,No,No,Yes,No,Month-to-month,No,Mailed check,85.48,1901.64,Yes
3213-13101,Female,0,Yes,No,38,Yes,No,Fiber optic,No,No,Yes,Yes,Yes,No,Two year,No,Bank transfer (automatic),97.28,3759.57,No
8633-57726,Male,0,Yes,No,32,Yes,Yes,Fiber optic,No,Yes,No,Yes,Yes,Yes,One year,Yes,Electronic check,98.35,3245.36,No
2793-46348,Female,0,No,No,35,Yes,Yes,Fiber optic,No,Yes,Yes,No,Yes,Yes,Month-to-month,Yes,Credit card (automatic),119.0,4003.95,Yes
9454-33703,Male,1,Yes,Yes,36,Yes,Yes,DSL,No,Yes,Yes,Yes,No,Yes,Month-to-month,No,Credit card (automatic),80.67,2949.06,No
5583-15624,Male,1,Yes,No,11,Yes,Yes,No,No internet service,No internet service,No internet service,No internet service,No internet service,No internet service,One year,Yes,Mailed check,30.25,344.18,No
2423-96573,Male,0,No,No,30,Yes,Yes,Fiber optic,Yes,No,No,No,No,No,Month-to-month,No,Mailed check,103.52,3157.06,Yes
2931-34367,Male,0,Yes,Yes,2,Yes,Yes,DSL,No,No,No,No,No,No,Month-to-month,Yes,Mailed check,46.49,92.96,No
2437-80176,Male,0,No,No,25,Yes,Yes,Fiber optic,No,No,No,No,No,Yes,One year,No,Mailed check,103.22,2567.43,No
4547-38368,Male,0,No,Yes,36,Yes,No,Fiber optic,No,No,No,No,Yes,Yes,Month-to-month,No,Mailed check,87.66,3256.31,Yes
1517-63472,Male,0,No,No,28,Yes,No,Fiber optic,No,No,No,No,No,Yes,Month-to-month,No,Credit card (automatic),102.22,2789.64,No
3908-91824,Male,1,Yes,No,28,Yes,No,Fiber optic,No,Yes,Yes,No,No,No,Two year,No,Electronic check,85.66,2344.57,No
2121-70513,Female,0,Yes,Yes,4,Yes,Yes,Fiber optic,No,No,No,No,Yes,Yes,Month-to-month,No,Credit card (automatic),96.97,377.21,Yes
9559-43425,Male,0,No,Yes,37,Yes,No,Fiber optic,Yes,No,No,No,Yes,Yes,One year,No,Credit card (automatic),104.69,3934.62,No
5558-50252,Female,0,Yes,Yes,26,Yes,Yes,Fiber optic,No,Yes,Yes,No,No,No,Month-to-month,Yes,Electronic check,94.0,2369.94,Yes
3919-87932,Female,0,No,Yes,50,Yes,Yes,DSL,Yes,Yes,No,No,No,No,Two year,Yes,Bank transfer (automatic),70.6,3398.02,No
8869-51197,Female,0,No,Yes,36,Yes,Yes,No,No internet service,No internet service,No internet service,No internet service,No internet service,No internet service,Month-to-month,No,Mailed check,25.24,913.11,No
5244-51998,Female,0,Yes,No,45,Yes,Yes,DSL,No,No,No,No,No,Yes,Two year,Yes,Electronic check,55.37,2572.89,No
9406-15202,Female,0,Yes,No,2,Yes,Yes,Fiber optic,No,No,No,No,No,No,One year,No,Mailed check,97.85,192.98,No
7263-90033,Female,0,No,No,47,No,No phone service,Fiber optic,No,No,Yes,No,Yes,No,Two year,Yes,Electronic check,109.43,5120.26,No
7445-22282,Female,0,Yes,Yes,46,Yes,No,No,No internet service,No internet service,No internet service,No internet service,No internet service,No internet service,Month-to-month,Yes,Credit card (automatic),29.68,1410.09,No
4066-57558,Female,0,No,Yes,34,No,No phone service,Fiber optic,No,No,No,No,No,No,Month-to-month,Yes,Electronic check,82.49,2887.5,Yes
3523-58117,Male,0,No,Yes,13,Yes,No,DSL,No,No,No,Yes,Yes,No,Month-to-month,Yes,Credit card (automatic),69.7,905.77,Yes
1494-16556,Male,0,Yes,Yes,34,Yes,Yes,DSL,No,No,No,No,Yes,Yes,Month-to-month,No,Electronic check,62.05,2094.41,No
6494-36414,Female,0,No,No,33,Yes,Yes,Fiber optic,No,No,Yes,No,Yes,Yes,Month-to-month,Yes,Bank transfer (automatic),119.0,3782.05,Yes
2517-54520,Male,1,Yes,Yes,52,Yes,Yes,Fiber optic,No,Yes,No,Yes,No,Yes,One year,No,Mailed check,86.91,4567.52,No
3582-66686,Female,0,Yes,No,9,Yes,Yes,Fiber optic,No,No,Yes,No,Yes,Yes,Month-to-month,Yes,Bank transfer (automatic),113.47,989.93,Yes
7039-53354,Male,0,No,No,41,Yes,Yes,No,No internet service,No internet service,No internet service,No internet service,No internet service,No internet service,Month-to-month,No,Credit card (automatic),30.13,1251.75,No
2856-39495,Male,0,No,Yes,8,Yes,Yes,Fiber optic,No,Yes,Yes,No,Yes,Yes,Month-to-month,No,Electronic check,104.06,821.21,Yes
6619-45271,Female,0,No,Yes,55,Yes,Yes,Fiber optic,No,Yes,No,No,Yes,No,One year,No,Bank transfer (automatic),111.74,6299.8,No
1073-80511,Female,0,No,No,57,Yes,No,DSL,Yes,No,No,No,Yes,No,One year,Yes,Bank transfer (automatic),67.05,3965.71,No
6516-99173,Female,0,No,No,37,Yes,No,No,No internet service,No internet service,No internet service,No internet service,No internet service,No internet service,Month-to-month,Yes,Credit card (automatic),21.62,784.76,No
2296-22680,Male,0,Yes,Yes,36,Yes,No,DSL,No,No,Yes,No,No,No,Month-to-month,Yes,Bank transfer (automatic),58.78,2077.94,Yes
9689-92661,Female,0,Yes,No,48,Yes,Yes,No,No internet service,No internet service,No internet service,No internet service,No internet service,No internet service,Month-to-month,Yes,Bank transfer (automatic),35.13,1721.48,No
2557-57760,Female,0,Yes,No,52,Yes,Yes,DSL,No,Yes,No,Yes,No,Yes,Two year,Yes,Credit card (automatic),83.5,4380.37,No
3187-93108,Female,0,Yes,No,72,Yes,No,Fiber optic,No,No,No,No,No,Yes,Two year,Yes,Credit card (automatic),73.23,5245.43,No
7750-77189,Female,1,Yes,No,32,Yes,No,Fiber optic,Yes,Yes,Yes,No,Yes,Yes,Month-to-month,No,Credit card (automatic),98.95,3162.14,Yes
7006-80076,Female,0,No,No,3,Yes,Yes,Fiber optic,No,No,No,No,Yes,No,Month-to-month,Yes,Electronic check,113.76,342.12,Yes
9553-21962,Female,0,Yes,No,13,Yes,No,No,No internet service,No internet service,No internet service,No internet service,No internet service,No internet service,One year,Yes,Credit card (automatic),21.6,280.17,No
9876-93422,Male,0,No,No,18,No,No phone service,Fiber optic,No,No,No,No,No,Yes,Two year,No,Bank transfer (automatic),94.48,1697.51,Yes
4472-39752,Female,0,No,No,49,Yes,Yes,DSL,No,No,No,No,No,No,Month-to-month,No,Credit card (automatic),72.11,3622.13,No
3192-87122,Female,0,No,No,19,No,No phone service,Fiber optic,No,Yes,No,No,Yes,Yes,Month-to-month,Yes,Credit card (automatic),101.93,1866.53,Yes
7699-74713,Female,0,Yes,No,22,Yes,Yes,DSL,Yes,Yes,Yes,No,No,No,Month-to-month,No,Electronic check,70.26,1550.24,Yes
5263-52293,Female,0,No,Yes,28,Yes,No,DSL,Yes,No,Yes,No,No,No,Two year,Yes,Credit card (automatic),57.69,1574.19,No
7260-42124,Female,0,No,No,43,Yes,Yes,DSL,Yes,Yes,No,No,Yes,No,Month-to-month,No,Electronic check,58.93,2539.76,No
1231-43114,Male,0,Yes,No,37,No,No phone service,Fiber optic,No,No,No,No,Yes,Yes,Two year,Yes,Bank transfer (automatic),81.76,3086.83,No
4970-28419,Female,0,Yes,No,54,Yes,Yes,No,No internet service,No internet service,No internet service,No internet service,No internet service,No internet service,One year,Yes,Electronic check,29.35,1546.45,No
3423-49184,Male,0,Yes,Yes,16,Yes,No,DSL,Yes,No,No,No,Yes,Yes,Two year,Yes,Credit card (automatic),61.91,990.98,No
7602-49117,Male,0,No,No,61,Yes,Yes,No,No internet service,No internet service,No internet service,No internet service,No internet service,No internet service,Two year,No,Mailed check,29.18,1743.08,No
2685-34956,Female,0,No,Yes,11,Yes,Yes,No,No internet service,No internet service,No internet service,No internet service,No internet service,No internet service,Month-to-month,Yes,Credit card (automatic),27.89,311.54,No
8629-66999,Female,1,No,No,7,Yes,No,Fiber optic,No,Yes,No,No,Yes,No,One year,Yes,Credit card (automatic),111.38,778.15,No
4404-13532,Male,0,No,No,53,Yes,Yes,Fiber optic,No,No,No,Yes,No,Yes,One year,No,Credit card (automatic),93.21,4832.17,No
2321-40813,Male,0,Yes,No,35,Yes,No,No,No internet service,No internet service,No internet service,No internet service,No internet service,No internet service,Two year,No,Credit card (automatic),28.4,957.31,No
8276-70742,Male,0,Yes,No,33,Yes,No,Fiber optic,Yes,No,No,Yes,No,No,Month-to-month,Yes,Credit card (automatic),91.04,3122.93,Yes
9241-60735,Male,0,No,Yes,38,Yes,No,No,No internet service,No internet service,No internet service,No internet service,No internet service,No internet service,Month-to-month,Yes,Bank transfer (automatic),20.03,758.89,No
2999-97271,Male,1,No,Yes,22,Yes,No,Fiber optic,No,No,No,No,Yes,No,Two year,Yes,Bank transfer (automatic),101.89,2254.72,Yes
9973-31396,Male,0,No,No,26,Yes,Yes,DSL,No,Yes,No,No,Yes,No,Month-to-month,Yes,Bank transfer (automatic),74.78,2007.5,Yes
2606-81726,Female,0,Yes,Yes,43,Yes,No,Fiber optic,No,Yes,No,No,No,Yes,Two year,Yes,Mailed check,101.57,4223.98,No
5237-40910,Female,0,Yes,No,37,Yes,No,DSL,No,No,Yes,Yes,No,No,Month-to-month,Yes,Credit card (automatic),60.29,2254.35,No
7246-45041,Female,1,Yes,No,35,No,No phone service,DSL,No,Yes,Yes,No,No,No,Month-to-month,Yes,Mailed check,76.07,2565.25,No
6667-71034,Male,0,Yes,Yes,23,Yes,Yes,DSL,No,No,Yes,No,No,No,Two year,Yes,Mailed check,69.48,1636.9,No
1602-25880,Male,0,Yes,No,9,Yes,No,Fiber optic,No,No,Yes,Yes,No,Yes,One year,Yes,Credit card (automatic),85.57,761.57,No
3140-32248,Male,0,No,No,21,Yes,No,DSL,No,Yes,No,No,No,No,One year,Yes,Bank transfer (automatic),56.63,1208.02,No
2045-72405,Female,0,No,No,26,Yes,No,DSL,Yes,No,No,No,No,Yes,Month-to-month,Yes,Credit card (automatic),73.18,1972.21,Yes
7255-55291,Male,0,Yes,No,4,Yes,No,DSL,No,No,Yes,No,No,No,Month-to-month,Yes,Mailed check,71.29,275.52,No
3379-66771,Male,0,Yes,No,37,Yes,Yes,Fiber optic,No,Yes,No,No,No,Yes,Month-to-month,No,Bank transfer (automatic),87.96,3145.07,No
8514-50213,Male,0,Yes,No,57,Yes,Yes,DSL,No,No,Yes,Yes,No,No,One year,Yes,Mailed check,75.18,4328.19,No
2739-10466,Female,0,Yes,Yes,40,Yes,Yes,Fiber optic,No,Yes,No,No,No,Yes,Month-to-month,Yes,Credit card (automatic),108.87,4223.94,No
7335-11820,Male,0,No,Yes,15,Yes,No,No,No internet service,No internet service,No internet service,No internet service,No internet service,No internet service,Month-to-month,Yes,Bank transfer (automatic),19.73,303.19,No
5228-94161,Male,0,Yes,No,40,Yes,No,Fiber optic,Yes,No,No,No,Yes,Yes,Month-to-month,No,Electronic check,93.01,3851.34,Yes
4110-23217,Female,0,No,Yes,35,Yes,No,DSL,No,No,Yes,No,No,Yes,Two year,Yes,Credit card (automatic),62.55,2213.53,No
6210-13084,Female,0,Yes,No,51,Yes,No,Fiber optic,No,No,No,No,No,No,Two year,Yes,Electronic check,105.1,5288.7,No
5784-68738,Male,0,Yes,No,56,Yes,No,DSL,Yes,No,Yes,No,No,Yes,Month-to-month,Yes,Mailed check,57.33,3316.03,No
8220-92377,Male,1,No,No,31,Yes,Yes,No,No internet service,No internet service,No internet service,No internet service,No internet service,No internet service,Two year,Yes,Credit card (automatic),34.79,1059.76,No
7589-66300,Female,0,Yes,No,8,Yes,Yes,DSL,No,Yes,No,No,No,No,Month-to-month,Yes,Mailed check,68.35,562.98,No
3231-44889,Female,0,Yes,Yes,39,Yes,No,DSL,Yes,No,No,Yes,Yes,Yes,Month-to-month,No,Mailed check,70.59,2751.33,No
7802-68302,Female,0,No,Yes,27,Yes,Yes,DSL,No,Yes,No,No,No,No,Month-to-month,Yes,Mailed check,52.93,1462.77,No
2504-61416,Male,0,Yes,No,62,Yes,No,No,No internet service,No internet service,No internet service,No internet service,No internet service,No internet service,Two year,Yes,Electronic check,27.31,1720.45,No
9409-33908,Male,0,Yes,No,14,Yes,No,DSL,No,Yes,No,No,No,Yes,Month-to-month,No,Mailed check,60.89,858.66,No
6531-89030,Female,0,Yes,No,34,No,No phone service,DSL,No,No,Yes,No,No,No,Month-to-month,Yes,Mailed check,61.49,2095.95,No
5564-59896,Male,0,Yes,Yes,27,Yes,Yes,DSL,No,Yes,Yes,No,Yes,No,Two year,No,Credit card (automatic),63.71,1763.68,No
3470-85681,Male,0,No,No,31,Yes,No,No,No internet service,No internet service,No internet service,No internet service,No internet service,No internet service,One year,No,Bank transfer (automatic),28.48,859.56,No
6484-69742,Female,0,Yes,No,19,Yes,Yes,Fiber optic,No,Yes,No,No,No,No,Two year,No,Electronic check,113.5,2241.81,Yes
8317-71815,Female,0,No,No,13,Yes,No,No,No internet service,No internet service,No internet service,No internet service,No internet service,No internet service,One year,Yes,Credit card (automatic),21.99,290.6,No
9543-11013,Male,1,No,Yes,23,No,No phone service,No,No internet service,No internet service,No internet service,No internet service,No internet service,No internet service,One year,Yes,Bank transfer (automatic),24.59,583.67,No
8515-81713,Female,0,Yes,No,68,Yes,No,Fiber optic,No,Yes,No,No,No,No,Month-to-month,Yes,Bank transfer (automatic),87.22,6023.54,No
9363-68681,Male,0,Yes,No,20,Yes,No,DSL,Yes,Yes,No,No,No,Yes,One year,No,Mailed check,66.48,1327.92,No
7930-70221,Female,1,Yes,No,21,Yes,Yes,No,No internet service,No internet service,No internet service,No internet service,No internet service,No internet service,Month-to-month,Yes,Bank transfer (automatic),29.85,641.5,No
8369-77379,Female,0,Yes,Yes,12,Yes,No,Fiber optic,Yes,No,Yes,Yes,No,No,Month-to-month,Yes,Bank transfer (automatic),110.44,1313.53,Yes
5068-97627,Male,0,Yes,No,38,No,No phone service,Fiber optic,No,No,No,No,No,No,Two year,No,Mailed check,80.14,2960.53,No
9061-69226,Female,0,No,No,45,Yes,Yes,Fiber optic,Yes,No,No,No,No,Yes,Month-to-month,Yes,Credit card (automatic),112.79,4968.57,Yes
9789-89810,Male,0,Yes,No,44,Yes,No,Fiber optic,No,No,Yes,No,No,Yes,Month-to-month,Yes,Credit card (automatic),113.87,4848.26,No
9192-43981,Female,0,No,No,17,Yes,Yes,No,No internet service,No internet service,No internet service,No internet service,No internet service,No internet service,Month-to-month,Yes,Credit card (automatic),31.19,541.38,No
1253-33041,Male,0,No,Yes,23,Yes,No,No,No internet service,No internet service,No internet service,No internet service,No internet service,No internet service,Two year,Yes,Electronic check,20.82,477.31,No
3579-59917,Male,0,No,No,54,Yes,Yes,Fiber optic,No,Yes,No,No,Yes,No,Two year,No,Mailed check,108.96,5775.14,No
1616-25215,Female,1,Yes,No,12,Yes,Yes,DSL,No,Yes,No,No,No,No,Month-to-month,Yes,Electronic check,75.6,904.33,Yes
6391-54508,Female,1,Yes,No,40,Yes,No,No,No internet service,No internet service,No internet service,No internet service,No internet service,No internet service,Month-to-month,Yes,Mailed check,20.96,863.5,No
1667-10366,Male,0,No,No,56,Yes,No,DSL,No,No,No,No,No,No,One year,Yes,Mailed check,50.43,2920.19,Yes
3103-83323,Female,0,Yes,No,25,Yes,No,Fiber optic,No,No,No,No,Yes,Yes,One year,Yes,Electronic check,96.32,2367.89,Yes
5493-72339,Female,0,No,Yes,47,Yes,No,DSL,Yes,No,No,Yes,No,No,Month-to-month,Yes,Bank transfer (automatic),69.77,3272.48,No
5922-13164,Male,1,No,No,42,Yes,No,Fiber optic,No,No,No,No,No,Yes,Month-to-month,No,Mailed check,105.82,4376.11,Yes
2956-48203,Female,0,No,No,6,Yes,No,Fiber optic,No,Yes,No,No,No,Yes,One year,Yes,Credit card (automatic),84.28,507.69,No
5668-95079,Female,1,Yes,Yes,56,Yes,Yes,Fiber optic,Yes,No,No,Yes,No,Yes,Month-to-month,Yes,Mailed check,119.0,6427.34,No
5137-82808,Male,0,Yes,No,10,Yes,No,No,No internet service,No internet service,No internet service,No internet service,No internet service,No internet service,One year,Yes,Mailed check,24.51,245.22,No
6142-32989,Male,0,No,Yes,36,No,No phone service,No,No internet service,No internet service,No internet service,No internet service,No internet service,No internet service,Month-to-month,No,Electronic check,27.47,994.64,No
3357-60270,Female,0,No,No,43,Yes,No,Fiber optic,No,No,No,No,No,No,Two year,Yes,Credit card (automatic),74.48,3278.03,No
6693-82525,Male,0,No,No,34,Yes,No,DSL,No,Yes,No,No,No,No,One year,Yes,Bank transfer (automatic),61.07,2077.11,No
1711-40111,Female,0,No,No,1,Yes,Yes,Fiber optic,No,No,No,Yes,No,Yes,One year,Yes,Mailed check,114.51,113.08,No
4080-99787,Female,1,No,No,21,No,No phone service,Fiber optic,Yes,No,No,No,Yes,Yes,Two year,Yes,Mailed check,96.25,2093.68,No
3229-87125,Male,0,No,Yes,10,Yes,No,Fiber optic,No,Yes,No,No,Yes,Yes,Month-to-month,Yes,Electronic check,97.75,950.73,Yes
7628-46211,Male,0,No,No,36,Yes,Yes,No,No internet service,No internet service,No internet service,No internet service,No internet service,No internet service,Month-to-month,Yes,Electronic check,31.85,1165.61,No
7902-70293,Female,0,Yes,No,27,Yes,No,Fiber optic,No,No,No,No,Yes,No,Month-to-month,Yes,Mailed check,102.88,2719.58,No
5024-90831,Male,0,Yes,Yes,32,Yes,No,DSL,Yes,No,No,No,No,Yes,Two year,No,Credit card (automatic),76.62,2354.52,No
5245-60826,Male,0,No,Yes,64,Yes,No,Fiber optic,No,No,Yes,No,Yes,Yes,Two year,No,Electronic check,85.45,5274.49,No
7745-93449,Female,1,No,No,6,Yes,Yes,DSL,No,Yes,Yes,No,No,No,Month-to-month,Yes,Electronic check,66.65,407.88,Yes
9081-97920,Female,1,Yes,No,61,Yes,Yes,DSL,Yes,Yes,Yes,No,No,No,Two year,Yes,Electronic check,66.07,4109.81,No
4691-47711,Female,0,No,Yes,47,Yes,Yes,Fiber optic,No,Yes,No,No,Yes,No,Month-to-month,No,Bank transfer (automatic),98.56,4791.84,No
4690-70926,Female,0,Yes,Yes,49,Yes,Yes,DSL,No,Yes,No,No,Yes,Yes,Month-to-month,No,Credit card (automatic),75.35,3650.68,No
1101-33668,Female,0,Yes,No,47,No,No phone service,Fiber optic,Yes,No,No,No,No,Yes,Month-to-month,No,Mailed check,76.37,3722.05,Yes
4578-35188,Male,1,No,No,51,Yes,No,No,No internet service,No internet service,No internet service,No internet service,No internet service,No internet service,Two year,Yes,Mailed check,29.95,1466.85,No
1934-58896,Female,0,Yes,No,34,Yes,No,DSL,Yes,Yes,Yes,No,No,No,Month-to-month,Yes,Electronic check,75.4,2520.19,Yes
1322-76547,Female,0,No,No,14,Yes,Yes,Fiber optic,No,No,Yes,No,No,Yes,Month-to-month,Yes,Mailed check,111.49,1608.4,Yes
8844-71994,Female,1,No,No,15,No,No phone service,Fiber optic,No,No,No,No,No,No,One year,Yes,Bank transfer (automatic),84.92,1254.66,No
9833-46529,Female,1,No,Yes,26,Yes,No,Fiber optic,No,Yes,No,No,Yes,Yes,Month-to-month,No,Credit card (automatic),119.0,3155.85,No
6977-21277,Male,0,Yes,No,65,Yes,No,No,No internet service,No internet service,No internet service,No internet service,No internet service,No internet service,Month-to-month,Yes,Credit card (automatic),29.51,1886.65,No
7910-97983,Female,0,No,No,53,Yes,No,No,No internet service,No internet service,No internet service,No internet service,No internet service,No internet service,Month-to-month,No,Bank transfer (automatic),19.01,979.66,No
2636-23902,Male,0,Yes,No,7,No,No phone service,DSL,No,No,Yes,No,No,No,Month-to-month,Yes,Bank transfer (automatic),72.4,497.35,No
9641-41067,Female,0,No,No,15,Yes,No,Fiber optic,No,Yes,No,No,No,No,Month-to-month,Yes,Bank transfer (automatic),93.14,1428.1,No
7141-66475,Male,0,Yes,No,69,Yes,No,DSL,Yes,Yes,Yes,No,No,No,Month-to-month,No,Mailed check,81.41,5637.46,No
1229-15198,Male,0,No,No,67,Yes,No,DSL,No,No,No,No,No,Yes,Two year,No,Mailed check,66.66,4393.23,No
3743-46831,Male,0,No,Yes,18,Yes,No,Fiber optic,No,No,No,No,No,Yes,Two year,Yes,Bank transfer (automatic),77.97,1439.41,No
8452-61414,Female,0,Yes,Yes,56,Yes,Yes,DSL,Yes,Yes,No,No,Yes,Yes,Two year,Yes,Electronic check,83.61,4575.59,No
9398-41612,Female,0,Yes,No,26,Yes,No,Fiber optic,No,No,No,No,No,Yes,Month-to-month,Yes,Credit card (automatic),96.74,2552.07,Yes
3366-86116,Male,0,Yes,No,16,Yes,Yes,Fiber optic,No,No,Yes,No,Yes,Yes,Month-to-month,Yes,Bank transfer (automatic),104.97,1633.18,Yes
3083-30944,Male,1,No,Yes,66,Yes,Yes,Fiber optic,No,No,No,No,Yes,No,Month-to-month,No,Bank transfer (automatic),90.25,5869.52,Yes
1797-98033,Male,0,No,No,46,Yes,No,No,No internet service,No internet service,No internet service,No internet service,No internet service,No internet service,Month-to-month,Yes,Mailed check,22.18,1002.34,No
2262-33522,Male,1,No,No,37,Yes,No,No,No internet service,No internet service,No internet service,No internet service,No internet service,No internet service,One year,No,Credit card (automatic),21.61,794.8,No
8181-69026,Female,0,No,No,23,Yes,No,Fiber optic,No,No,Yes,No,Yes,Yes,Month-to-month,No,Electronic check,111.55,2557.2,Yes
4581-48470,Male,0,Yes,No,52,Yes,Yes,Fiber optic,No,No,No,No,Yes,No,One year,Yes,Bank transfer (automatic),107.27,5707.65,No
8165-94305,Male,1,No,Yes,13,Yes,No,DSL,No,Yes,No,No,No,No,Two year,Yes,Mailed check,57.96,751.24,No
8453-66510,Male,0,Yes,No,31,Yes,Yes,DSL,Yes,No,No,Yes,No,No,Month-to-month,Yes,Mailed check,84.67,2700.62,No
8059-61204,Male,0,No,No,48,No,No phone service,DSL,No,Yes,No,No,No,No,Two year,Yes,Credit card (automatic),48.69,2415.04,No
7256-89541,Female,0,Yes,No,33,Yes,No,No,No internet service,No internet service,No internet service,No internet service,No internet service,No internet service,Month-to-month,No,Credit card (automatic),29.27,973.0,No
8012-62183,Female,0,No,No,15,Yes,Yes,Fiber optic,No,No,No,No,Yes,Yes,Two year,Yes,Credit card (automatic),90.17,1347.02,No
1617-62594,Male,0,Yes,Yes,6,Yes,Yes,Fiber optic,No,No,Yes,No,No,No,One year,No,Electronic check,85.41,507.41,No
4974-36384,Female,0,Yes,Yes,9,No,No phone service,Fiber optic,No,No,No,No,No,Yes,Month-to-month,No,Credit card (automatic),76.58,698.95,Yes
6483-14805,Male,0,Yes,Yes,3,Yes,Yes,Fiber optic,No,No,Yes,No,Yes,Yes,Month-to-month,Yes,Mailed check,112.99,333.42,No
4686-89540,Male,0,No,No,68,Yes,Yes,No,No internet service,No internet service,No internet service,No internet service,No internet service,No internet service,Month-to-month,Yes,Bank transfer (automatic),32.65,2218.78,No
4205-12517,Male,0,No,No,32,Yes,No,DSL,No,No,Yes,Yes,No,No,Two year,No,Bank transfer (automatic),78.47,2558.62,No
4227-92903,Male,0,Yes,No,15,Yes,No,No,No internet service,No internet service,No internet service,No internet service,No internet service,No internet service,Month-to-month,No,Mailed check,25.49,372.88,No
7731-82132,Male,0,Yes,No,17,Yes,Yes,Fiber optic,No,Yes,No,Yes,No,No,Two year,Yes,Mailed check,81.36,1334.61,No
1431-34595,Female,0,Yes,Yes,34,Yes,No,DSL,No,Yes,No,No,Yes,No,Month-to-month,Yes,Mailed check,74.92,2545.87,Yes
3561-18062,Female,0,No,No,27,Yes,No,Fiber optic,No,No,No,No,Yes,No,Two year,No,Bank transfer (automatic),104.94,2827.73,No
7032-97388,Female,0,No,No,32,Yes,No,Fiber optic,No,Yes,No,No,Yes,No,Month-to-month,Yes,Credit card (automatic),99.81,3294.65,Yes
5621-97658,Male,0,No,Yes,21,Yes,No,DSL,No,No,No,No,Yes,No,One year,Yes,Bank transfer (automatic),62.02,1286.38,No
3973-35718,Male,0,No,No,51,Yes,No,DSL,No,Yes,No,No,Yes,No,Two year,Yes,Credit card (automatic),55.8,2745.62,No
8298-87367,Male,0,Yes,No,64,Yes,No,Fiber optic,No,No,No,No,No,No,Month-to-month,No,Bank transfer (automatic),75.59,4825.07,No
7383-62277,Male,0,Yes,No,8,Yes,Yes,Fiber optic,No,Yes,No,No,Yes,Yes,Month-to-month,Yes,Credit card (automatic),118.53,946.1,Yes
9153-43453,Male,1,No,Yes,24,Yes,No,Fiber optic,No,No,Yes,No,Yes,No,One year,No,Mailed check,87.83,2173.35,No
4799-51514,Female,1,No,No,52,Yes,Yes,Fiber optic,No,No,No,Yes,Yes,Yes,One year,No,Bank transfer (automatic),115.42,6210.41,No
7571-39378,Female,0,Yes,No,59,Yes,No,Fiber optic,No,No,Yes,No,Yes,No,Two year,Yes,Mailed check,92.2,5630.15,No
2431-20568,Female,0,No,No,39,Yes,No,No,No internet service,No internet service,No internet service,No internet service,No internet service,No internet service,Month-to-month,No,Credit card (automatic),28.63,1082.7,No
4273-64837,Female,0,Yes,Yes,69,Yes,No,No,No internet service,No internet service,No internet service,No internet service,No internet service,No internet service,Two year,No,Mailed check,20.64,1382.86,No
6512-93492,Female,1,Yes,Yes,72,No,No phone service,DSL,No,Yes,No,Yes,No,No,Two year,Yes,Mailed check,61.99,4603.93,No
2675-58530,Female,0,Yes,No,20,Yes,No,DSL,No,Yes,No,No,Yes,No,Two year,Yes,Bank transfer (automatic),55.07,1061.27,No
2434-71534,Male,0,No,No,39,Yes,Yes,Fiber optic,No,No,No,No,No,No,Month-to-month,Yes,Credit card (automatic),97.52,3696.34,Yes
8979-43467,Female,0,No,Yes,45,Yes,No,DSL,Yes,No,No,No,No,Yes,Month-to-month,No,Credit card (automatic),69.94,3265.52,No
7017-57003,Female,0,No,No,68,Yes,No,No,No internet service,No internet service,No internet service,No internet service,No internet service,No internet service,Two year,No,Electronic check,25.19,1672.9,No
5742-50953,Female,1,No,Yes,48,Yes,Yes,DSL,No,No,No,Yes,No,Yes,One year,No,Electronic check,66.15,3273.11,No
8688-37264,Female,1,No,No,56,Yes,Yes,DSL,Yes,Yes,Yes,No,No,No,One year,No,Mailed check,65.99,3758.56,No
2742-72409,Male,0,Yes,No,29,Yes,Yes,No,No internet service,No internet service,No internet service,No internet service,No internet service,No internet service,Two year,Yes,Bank transfer (automatic),29.54,841.19,No
2635-20087,Female,0,No,No,17,Yes,No,DSL,No,Yes,No,No,Yes,No,Month-to-month,No,Mailed check,71.73,1204.78,Yes
2094-13444,Male,0,Yes,No,38,No,No phone service,DSL,No,Yes,Yes,Yes,No,Yes,One year,Yes,Credit card (automatic),79.35,2948.86,No
2597-98455,Female,0,No,No,11,Yes,No,No,No internet service,No internet service,No internet service,No internet service,No internet service,No internet service,One year,Yes,Credit card (automatic),29.99,341.16,No
6930-92845,Female,1,Yes,No,65,Yes,No,DSL,Yes,No,No,No,No,No,Two year,Yes,Electronic check,62.22,4010.37,No
8733-11300,Female,0,Yes,Yes,64,Yes,Yes,Fiber optic,No,Yes,No,No,No,Yes,Two year,No,Electronic check,102.19,6720.78,No
6124-32617,Male,0,No,No,20,Yes,Yes,Fiber optic,No,Yes,No,Yes,No,No,Month-to-month,Yes,Credit card (automatic),113.8,2268.56,Yes
4286-43723,Female,0,Yes,No,39,Yes,No,DSL,No,Yes,No,No,Yes,No,Month-to-month,No,Credit card (automatic),60.69,2387.19,No
9173-93327,Female,0,Yes,No,68,Yes,No,DSL,No,No,No,Yes,Yes,No,Two year,Yes,Credit card (automatic),57.21,4028.42,No
3264-45603,Male,0,No,No,42,No,No phone service,DSL,No,No,Yes,No,Yes,Yes,Two year,Yes,Credit card (automatic),56.87,2350.0,No
1744-74921,Male,0,No,Yes,9,Yes,Yes,Fiber optic,No,No,No,Yes,Yes,No,Month-to-month,No,Credit card (automatic),81.87,739.94,Yes
7063-99994,Female,1,Yes,Yes,57,Yes,No,No,No internet service,No internet service,No internet service,No internet service,No internet service,No internet service,Two year,No,Mailed check,24.5,1449.0,No
2897-84224,Female,0,Yes,No,4,Yes,No,Fiber optic,No,No,No,No,Yes,No,Month-to-month,No,Mailed check,96.89,378.18,Yes
3478-80913,Female,0,Yes,No,13,Yes,No,Fiber optic,No,No,No,No,No,No,Month-to-month,No,Credit card (automatic),78.42,991.38,No
7418-69196,Female,0,No,Yes,38,Yes,No,Fiber optic,No,No,No,Yes,No,No,Two year,Yes,Credit card (automatic),109.09,4042.59,No
8222-70205,Male,0,No,Yes,57,Yes,Yes,Fiber optic,No,No,Yes,No,Yes,No,One year,Yes,Electronic check,86.99,5110.0,No
8655-40288,Female,0,Yes,Yes,16,Yes,No,Fiber optic,No,No,No,No,Yes,No,Two year,Yes,Mailed check,90.25,1415.69,No
5858-13358,Male,0,No,No,40,Yes,Yes,No,No internet service,No internet service,No internet service,No internet service,No internet service,No internet service,Two year,Yes,Electronic check,33.44,1327.31,No
5746-24974,Female,0,No,Yes,9,Yes,No,Fiber optic,No,No,Yes,No,Yes,No,Month-to-month,No,Mailed check,92.73,862.93,Yes
5816-14421,Male,0,No,No,8,Yes,No,Fiber optic,No,Yes,Yes,No,No,No,Month-to-month,No,Credit card (automatic),82.21,666.18,Yes
8393-37832,Female,0,Yes,No,24,Yes,Yes,DSL,Yes,No,Yes,No,Yes,No,Two year,Yes,Mailed check,80.5,1903.27,No
7567-50536,Male,0,No,No,23,Yes,No,Fiber optic,No,No,No,No,Yes,Yes,Month-to-month,No,Electronic check,77.68,1724.13,No
4080-65281,Female,1,No,No,46,Yes,Yes,Fiber optic,Yes,No,No,Yes,No,No,One year,No,Electronic check,119.0,5291.83,Yes
6942-10281,Male,1,Yes,Yes,44,Yes,Yes,Fiber optic,No,No,Yes,Yes,Yes,No,Month-to-month,Yes,Electronic check,96.08,4273.62,Yes
8299-96942,Male,0,Yes,No,34,No,No phone service,No,No internet service,No internet service,No internet service,No internet service,No internet service,No internet service,Month-to-month,No,Mailed check,20.51,682.06,No
7687-81038,Female,0,Yes,No,13,Yes,No,DSL,No,No,No,No,No,No,Month-to-month,No,Bank transfer (automatic),43.91,570.81,No
4333-40861,Male,0,Yes,No,40,No,No phone service,Fiber optic,Yes,Yes,No,No,Yes,No,One year,Yes,Electronic check,92.17,3778.1,No
1137-97572,Female,1,No,No,18,Yes,Yes,No,No internet service,No internet service,No internet service,No internet service,No internet service,No internet service,Two year,Yes,Credit card (automatic),29.04,523.5,No
8767-65477,Female,0,No,No,21,No,No phone service,DSL,No,No,No,Yes,Yes,Yes,Month-to-month,Yes,Electronic check,58.76,1198.76,No
3297-92526,Female,0,Yes,Yes,23,Yes,Yes,Fiber optic,No,Yes,Yes,No,Yes,Yes,Month-to-month,No,Credit card (automatic),117.95,2794.58,No
6170-32991,Male,0,No,No,19,Yes,No,DSL,No,No,Yes,Yes,No,Yes,Month-to-month,No,Credit card (automatic),73.04,1366.9,No
3106-59544,Male,1,Yes,No,20,Yes,Yes,Fiber optic,No,No,No,No,No,Yes,Two year,Yes,Mailed check,115.11,2367.57,No
9828-40493,Male,0,No,No,48,Yes,No,No,No internet service,No internet service,No internet service,No internet service,No internet service,No internet service,Month-to-month,Yes,Mailed check,21.15,1051.32,No
5411-87837,Female,0,Yes,Yes,21,No,No phone service,Fiber optic,No,Yes,No,No,Yes,No,One year,No,Mailed check,107.48,2194.87,Yes
9001-46176,Female,0,No,Yes,48,Yes,No,Fiber optic,No,No,No,No,No,Yes,One year,Yes,Mailed check,78.09,3887.98,Yes
5905-60974,Female,0,No,Yes,47,Yes,Yes,Fiber optic,No,No,Yes,No,No,No,Month-to-month,No,Mailed check,81.87,3998.4,Yes
4884-24359,Female,1,No,No,25,Yes,No,DSL,No,Yes,Yes,Yes,No,No,One year,Yes,Bank transfer (automatic),61.71,1500.15,No
5391-77800,Male,0,No,No,25,Yes,No,DSL,No,No,No,No,No,Yes,Two year,Yes,Credit card (automatic),71.21,1849.12,No
4781-10238,Male,0,Yes,No,49,Yes,No,Fiber optic,No,No,No,No,Yes,Yes,Month-to-month,Yes,Electronic check,107.97,5468.88,No
5286-99921,Male,0,No,Yes,64,Yes,No,No,No internet service,No internet service,No internet service,No internet service,No internet service,No internet service,Month-to-month,No,Bank transfer (automatic),28.27,1847.74,No
6252-41123,Male,0,No,Yes,39,Yes,No,Fiber optic,No,Yes,No,No,Yes,Yes,Month-to-month,Yes,Credit card (automatic),109.6,4135.2,No
9630-10556,Male,0,Yes,Yes,20,Yes,No,Fiber optic,No,No,No,No,Yes,Yes,One year,Yes,Mailed check,82.36,1713.06,Yes
8085-26178,Male,0,No,Yes,60,Yes,Yes,DSL,No,No,No,No,Yes,Yes,Two year,Yes,Mailed check,80.22,4676.33,No
8111-57611,Male,1,Yes,No,17,Yes,No,DSL,No,No,Yes,No,No,No,One year,No,Bank transfer (automatic),55.6,940.86,No
8561-95348,Male,0,Yes,Yes,70,No,No phone service,DSL,Yes,Yes,Yes,No,Yes,No,Two year,Yes,Mailed check,72.89,5091.99,No
2473-51487,Female,0,No,No,40,Yes,No,No,No internet service,No internet service,No internet service,No internet service,No internet service,No internet service,One year,Yes,Credit card (automatic),22.67,928.14,No
3506-51483,Female,0,Yes,No,41,Yes,No,Fiber optic,No,Yes,No,No,No,Yes,Month-to-month,Yes,Credit card (automatic),117.91,4887.59,Yes
8139-47273,Female,0,Yes,No,69,Yes,No,No,No internet service,No internet service,No internet service,No internet service,No internet service,No internet service,Month-to-month,No,Mailed check,22.26,1578.68,No
4367-28833,Male,0,Yes,No,37,Yes,Yes,DSL,No,No,Yes,No,Yes,Yes,One year,Yes,Credit card (automatic),86.28,3258.95,No
7468-22723,Male,0,No,No,14,Yes,No,Fiber optic,No,Yes,No,No,Yes,Yes,One year,No,Mailed check,118.84,1611.75,Yes
8013-64772,Male,0,No,No,8,Yes,Yes,DSL,No,No,No,No,Yes,No,Month-to-month,Yes,Bank transfer (automatic),52.47,419.93,Yes
5202-72903,Male,0,Yes,Yes,47,Yes,No,No,No internet service,No internet service,No internet service,No internet service,No internet service,No internet service,Month-to-month,Yes,Credit card (automatic),29.03,1378.46,No
5887-79337,Female,0,No,No,31,Yes,Yes,DSL,Yes,No,No,Yes,No,No,Month-to-month,Yes,Credit card (automatic),70.54,2188.17,No
9442-74619,Female,0,No,Yes,39,Yes,No,DSL,No,Yes,No,Yes,No,No,Month-to-month,No,Bank transfer (automatic),76.73,2990.07,No
7873-12370,Male,0,No,No,21,Yes,Yes,DSL,Yes,No,Yes,Yes,Yes,No,One year,No,Electronic check,72.25,1554.94,No
8749-53334,Male,0,No,No,14,Yes,Yes,DSL,No,No,Yes,No,No,No,One year,No,Bank transfer (automatic),49.93,722.27,No
2937-87151,Male,1,No,No,63,Yes,No,DSL,Yes,No,Yes,No,No,No,Two year,Yes,Credit card (automatic),51.95,3326.71,No
1353-17611,Male,0,Yes,Yes,37,Yes,Yes,No,No internet service,No internet service,No internet service,No internet service,No internet service,No internet service,Month-to-month,Yes,Credit card (automatic),33.6,1286.04,No
4756-67819,Female,0,Yes,Yes,51,No,No phone service,No,No internet service,No internet service,No internet service,No internet service,No internet service,No internet service,Two year,Yes,Electronic check,19.52,966.09,No
4732-60705,Female,0,No,Yes,22,Yes,No,Fiber optic,No,No,No,No,No,Yes,Month-to-month,Yes,Bank transfer (automatic),83.36,1903.85,Yes
6242-80902,Female,0,Yes,No,12,Yes,No,No,No internet service,No internet service,No internet service,No internet service,No internet service,No internet service,Month-to-month,Yes,Mailed check,29.92,346.7,No
3114-49437,Female,0,Yes,No,65,Yes,No,Fiber optic,No,No,No,No,No,Yes,Two year,Yes,Credit card (automatic),93.88,6111.07,No
8995-75726,Female,0,Yes,No,29,Yes,No,No,No internet service,No internet service,No internet service,No internet service,No internet service,No internet service,Two year,Yes,Mailed check,26.31,782.87,No
6395-10090,Female,0,Yes,No,67,Yes,No,DSL,No,No,No,No,No,No,Two year,No,Credit card (automatic),53.25,3648.38,No
3753-45435,Female,0,No,Yes,3,No,No phone service,Fiber optic,No,No,No,No,Yes,No,Month-to-month,Yes,Bank transfer (automatic),80.94,249.99,Yes
5201-25638,Female,0,Yes,No,48,No,No phone service,DSL,Yes,Yes,Yes,Yes,No,No,Month-to-month,No,Mailed check,74.39,3644.58,No
1515-21212,Male,0,No,No,45,Yes,Yes,No,No internet service,No internet service,No internet service,No internet service,No internet service,No internet service,One year,Yes,Mailed check,30.96,1398.13,No
3056-67595,Female,0,No,No,69,Yes,No,DSL,No,No,Yes,No,No,No,Two year,No,Bank transfer (automatic),58.23,4133.75,No
6140-81234,Female,0,Yes,No,10,Yes,Yes,DSL,No,No,No,No,Yes,Yes,Month-to-month,No,Mailed check,61.06,630.19,No
1108-90388,Female,0,Yes,No,17,Yes,Yes,DSL,No,No,Yes,No,No,No,Month-to-month,Yes,Mailed check,59.84,1029.61,No
7057-20316,Female,0,Yes,Yes,22,Yes,Yes,Fiber optic,No,No,No,Yes,Yes,No,Month-to-month,Yes,Credit card (automatic),94.92,2140.72,Yes
3232-89081,Female,0,No,No,33,Yes,Yes,Fiber optic,No,Yes,No,No,No,Yes,Month-to-month,No,Mailed check,114.44,3875.4,Yes
8496-47242,Female,0,Yes,No,45,Yes,Yes,Fiber optic,No,No,No,No,Yes,Yes,Month-to-month,Yes,Electronic check,108.38,4701.74,Yes
7620-41470,Male,0,No,No,21,Yes,No,No,No internet service,No internet service,No internet service,No internet service,No internet service,No internet service,One year,No,Electronic check,20.24,437.55,No
9084-18152,Female,1,Yes,Yes,10,Yes,No,Fiber optic,No,Yes,No,Yes,No,Yes,Month-to-month,Yes,Credit card (automatic),107.48,1069.4,Yes
3262-22244,Female,0,Yes,No,47,Yes,No,Fiber optic,No,No,No,No,Yes,No,One year,No,Bank transfer (automatic),101.05,4586.46,No
5511-76489,Female,0,Yes,No,14,Yes,No,Fiber optic,No,Yes,No,No,No,No,One year,No,Credit card (automatic),96.64,1319.59,No
8308-44796,Male,1,Yes,Yes,16,Yes,No,No,No internet service,No internet service,No internet service,No internet service,No internet service,No internet service,Month-to-month,No,Credit card (automatic),19.46,305.34,No
6632-17844,Female,0,Yes,No,16,Yes,No,Fiber optic,Yes,Yes,Yes,No,No,Yes,Month-to-month,No,Credit card (automatic),100.13,1571.21,Yes
2183-24513,Male,0,No,No,21,Yes,Yes,DSL,No,No,Yes,Yes,No,No,Two year,Yes,Mailed check,62.46,1352.61,No
2531-41710,Male,0,Yes,No,24,Yes,No,Fiber optic,No,No,No,No,No,No,One year,No,Mailed check,71.84,1784.94,No
9672-20440,Female,0,No,Yes,36,Yes,No,Fiber optic,No,No,No,Yes,No,Yes,Two year,Yes,Electronic check,100.81,3695.74,No
6025-82560,Female,0,No,No,2,Yes,No,No,No internet service,No internet service,No internet service,No internet service,No internet service,No internet service,Month-to-month,Yes,Credit card (automatic),25.97,53.28,Yes
4922-86259,Female,0,No,No,2,Yes,Yes,Fiber optic,No,No,No,Yes,Yes,Yes,One year,No,Electronic check,96.58,189.23,No
9663-87662,Male,0,No,No,29,Yes,No,Fiber optic,Yes,Yes,No,No,Yes,Yes,Two year,No,Credit card (automatic),119.0,3374.66,No
8673-72088,Female,0,Yes,No,42,Yes,Yes,Fiber optic,No,No,No,No,Yes,No,Month-to-month,No,Credit card (automatic),89.02,3628.85,Yes
4276-26868,Female,0,No,No,27,Yes,Yes,Fiber optic,No,Yes,Yes,Yes,No,Yes,Month-to-month,Yes,Bank transfer (automatic),119.0,3201.42,Yes
5351-65038,Female,0,Yes,No,20,Yes,No,DSL,Yes,No,No,No,No,No,Two year,No,Bank transfer (automatic),46.05,928.24,No
3910-82694,Female,0,No,No,22,Yes,No,No,No internet service,No internet service,No internet service,No internet service,No internet service,No internet service,Month-to-month,No,Mailed check,23.1,501.11,No
3662-83523,Male,0,Yes,No,17,Yes,No,DSL,Yes,No,Yes,No,No,No,Month-to-month,Yes,Bank transfer (automatic),55.75,933.92,No
2153-43279,Female,0,No,No,22,Yes,No,DSL,No,No,No,No,No,No,Two year,Yes,Mailed check,65.43,1442.95,No
5561-92847,Male,1,No,Yes,45,Yes,No,Fiber optic,No,Yes,No,No,Yes,Yes,Month-to-month,No,Electronic check,115.73,5338.3,Yes
2136-61290,Female,0,No,No,1,Yes,No,DSL,No,No,No,No,No,Yes,One year,No,Credit card (automatic),52.09,50.1,No
6253-34248,Male,0,Yes,Yes,70,Yes,No,DSL,No,Yes,No,No,No,Yes,Two year,Yes,Electronic check,58.8,4128.24,No
9473-12431,Male,0,No,No,23,Yes,No,No,No internet service,No internet service,No internet service,No internet service,No internet service,No internet service,Two year,Yes,Electronic check,27.1,629.73,No
3712-64382,Female,0,No,Yes,12,Yes,Yes,Fiber optic,Yes,No,No,No,Yes,No,Month-to-month,No,Mailed check,119.0,1446.19,Yes
9032-91670,Female,0,No,No,67,No,No phone service,No,No internet service,No internet service,No internet service,No internet service,No internet service,No internet service,Month-to-month,No,Credit card (automatic),21.62,1423.92,No
8539-15639,Female,1,Yes,No,52,Yes,No,DSL,No,No,No,No,No,No,Two year,Yes,Credit card (automatic),40.42,2109.43,No
1456-62264,Female,0,Yes,No,65,Yes,Yes,DSL,Yes,No,Yes,No,No,No,Two year,Yes,Bank transfer (automatic),57.33,3770.44,No
1053-47084,Female,0,Yes,No,30,Yes,No,DSL,No,Yes,No,No,Yes,No,Month-to-month,Yes,Credit card (automatic),55.85,1616.43,No
5296-54552,Male,1,No,Yes,32,Yes,No,DSL,No,Yes,No,No,No,No,Month-to-month,No,Mailed check,67.75,2098.21,Yes
3866-55904,Male,0,Yes,No,13,Yes,No,Fiber optic,No,No,No,No,No,Yes,Month-to-month,No,Electronic check,99.29,1242.03,No
5964-45449,Male,1,No,No,48,No,No phone service,No,No internet service,No internet service,No internet service,No internet service,No internet service,No internet service,Month-to-month,Yes,Mailed check,23.69,1109.78,No
4342-55435,Male,0,No,No,57,Yes,No,Fiber optic,Yes,Yes,No,Yes,Yes,No,Two year,No,Credit card (automatic),113.17,6230.46,Yes
4604-40460,Male,0,No,No,39,Yes,No,Fiber optic,No,No,No,No,Yes,Yes,Two year,Yes,Mailed check,85.72,3316.46,Yes
5904-54938,Female,1,No,No,23,Yes,No,Fiber optic,No,Yes,No,No,Yes,No,Month-to-month,Yes,Credit card (automatic),98.42,2253.68,Yes
3922-50380,Female,0,No,Yes,13,Yes,Yes,DSL,No,No,No,No,No,No,Two year,No,Credit card (automatic),60.64,802.1,No
1369-45216,Female,0,No,Yes,37,Yes,No,DSL,No,Yes,No,Yes,Yes,Yes,Two year,No,Electronic check,66.14,2514.63,No
6979-68610,Male,0,Yes,No,2,Yes,No,Fiber optic,No,No,No,No,No,No,One year,Yes,Credit card (automatic),83.42,166.37,No
5525-40151,Female,0,No,No,29,Yes,Yes,DSL,No,No,Yes,Yes,Yes,No,Two year,No,Mailed check,86.31,2460.46,No
5745-79575,Female,0,No,No,25,Yes,Yes,Fiber optic,No,No,Yes,No,Yes,No,Month-to-month,Yes,Electronic check,100.51,2588.16,Yes
9789-33723,Female,0,Yes,No,64,Yes,Yes,Fiber optic,No,No,Yes,Yes,No,No,Two year,Yes,Credit card (automatic),110.28,7310.11,No
6383-98809,Male,0,No,No,68,Yes,No,DSL,No,Yes,No,Yes,No,No,Month-to-month,Yes,Credit card (automatic),54.06,3688.6,No
3045-95276,Male,0,No,No,23,Yes,No,DSL,No,Yes,No,No,No,No,Month-to-month,Yes,Credit card (automatic),49.91,1139.42,Yes
2073-37529,Female,0,No,No,4,Yes,No,Fiber optic,No,No,No,No,Yes,Yes,One year,Yes,Credit card (automatic),96.88,396.32,Yes
9746-14581,Male,0,No,Yes,34,Yes,No,Fiber optic,No,No,No,No,No,Yes,Month-to-month,Yes,Bank transfer (automatic),83.7,2860.93,Yes
4685-19592,Male,0,No,No,56,Yes,Yes,Fiber optic,No,Yes,No,No,No,Yes,One year,Yes,Credit card (automatic),114.52,6310.59,No
8698-83218,Male,0,Yes,No,46,No,No phone service,DSL,No,No,No,Yes,Yes,No,Month-to-month,Yes,Credit card (automatic),79.81,3601.13,Yes
8758-26086,Female,0,Yes,Yes,42,No,No phone service,Fiber optic,No,Yes,No,No,No,No,Month-to-month,Yes,Bank transfer (automatic),106.27,4542.51,Yes
5555-85402,Female,0,Yes,No,17,Yes,No,Fiber optic,Yes,Yes,Yes,No,No,Yes,One year,Yes,Credit card (automatic),119.0,2035.89,No
3538-77233,Male,0,No,No,7,Yes,No,No,No internet service,No internet service,No internet service,No internet service,No internet service,No internet service,Month-to-month,Yes,Mailed check,25.87,187.98,No
7214-22442,Male,0,Yes,No,48,Yes,No,Fiber optic,No,Yes,No,No,Yes,No,Month-to-month,Yes,Electronic check,89.98,4434.53,Yes
1591-53714,Female,0,No,Yes,54,Yes,Yes,Fiber optic,No,No,Yes,No,Yes,Yes,Month-to-month,No,Credit card (automatic),96.13,5045.99,Yes
9499-71419,Female,0,No,Yes,69,No,No phone service,Fiber optic,No,Yes,Yes,No,No,Yes,Two year,Yes,Bank transfer (automatic),116.81,8363.91,No
8546-49386,Female,1,No,No,26,Yes,No,DSL,Yes,Yes,Yes,No,No,Yes,Two year,Yes,Bank transfer (automatic),65.29,1758.45,No
7995-42032,Male,1,Yes,Yes,44,Yes,Yes,Fiber optic,No,No,No,No,Yes,No,Month-to-month,Yes,Credit card (automatic),93.77,4227.41,Yes
6562-96266,Female,0,Yes,Yes,32,Yes,Yes,Fiber optic,No,No,Yes,No,Yes,No,One year,Yes,Credit card (automatic),104.4,3287.55,No
1063-48753,Male,1,Yes,No,58,Yes,No,Fiber optic,Yes,No,No,No,Yes,No,One year,No,Electronic check,96.21,5505.75,No
3212-13516,Female,1,Yes,Yes,47,Yes,Yes,No,No internet service,No internet service,No internet service,No internet service,No internet service,No internet service,Month-to-month,Yes,Electronic check,29.71,1345.1,No
6198-71246,Male,0,Yes,No,44,Yes,Yes,Fiber optic,No,No,No,No,No,No,Month-to-month,No,Bank transfer (automatic),79.83,3414.29,Yes
1738-13101,Male,0,Yes,No,30,Yes,No,DSL,No,Yes,No,Yes,No,No,One year,No,Bank transfer (automatic),55.84,1669.68,No
1140-63875,Male,0,Yes,Yes,38,No,No phone service,DSL,No,No,No,Yes,No,No,Month-to-month,No,Electronic check,72.47,2677.35,Yes
9200-86688,Male,0,No,No,21,Yes,Yes,DSL,Yes,No,No,No,Yes,No,Two year,No,Mailed check,80.11,1642.88,No
6580-54833,Female,0,Yes,Yes,40,Yes,No,No,No internet service,No internet service,No internet service,No internet service,No internet service,No internet service,Month-to-month,No,Credit card (automatic),24.55,975.74,No
9835-57358,Male,0,Yes,Yes,24,Yes,Yes,DSL,No,Yes,No,No,Yes,No,One year,Yes,Electronic check,73.09,1770.24,No
3504-70390,Male,0,No,No,8,Yes,Yes,No,No internet service,No internet service,No internet service,No internet service,No internet service,No internet service,Month-to-month,Yes,Credit card (automatic),23.85,196.08,No
8664-84326,Male,1,No,No,44,Yes,No,Fiber optic,No,Yes,No,No,Yes,No,One year,No,Electronic check,77.85,3315.0,Yes
9741-60800,Female,0,No,No,62,No,No phone service,No,No internet service,No internet service,No internet service,No internet service,No internet service,No internet service,Two year,Yes,Credit card (automatic),24.64,1478.98,No
8194-49996,Female,0,No,No,41,Yes,Yes,Fiber optic,No,No,Yes,No,No,Yes,Month-to-month,Yes,Bank transfer (automatic),107.38,4305.79,Yes
5579-37110,Female,0,Yes,No,18,Yes,No,No,No internet service,No internet service,No internet service,No internet service,No internet service,No internet service,Month-to-month,Yes,Electronic check,21.74,394.13,No
9972-43755,Female,0,No,No,45,Yes,No,Fiber optic,No,Yes,No,Yes,Yes,Yes,One year,Yes,Bank transfer (automatic),119.0,5444.1,No
7281-91727,Female,1,No,No,27,Yes,No,DSL,Yes,No,Yes,Yes,No,No,Month-to-month,No,Bank transfer (automatic),77.57,2158.04,No
7566-84554,Female,0,No,No,12,Yes,No,Fiber optic,No,No,Yes,No,No,No,Month-to-month,No,Credit card (automatic),95.51,1160.06,Yes
1351-16535,Male,0,No,No,7,Yes,No,DSL,No,No,Yes,Yes,No,Yes,One year,Yes,Bank transfer (automatic),55.07,390.81,No
4219-71240,Female,0,Yes,Yes,3,Yes,Yes,DSL,No,No,No,No,Yes,Yes,Month-to-month,No,Mailed check,78.59,243.52,No
4921-83359,Female,0,No,No,59,Yes,Yes,DSL,No,Yes,No,Yes,No,No,Month-to-month,Yes,Mailed check,62.32,3744.6,No
3508-27086,Female,0,No,No,3,Yes,Yes,DSL,No,Yes,No,No,Yes,No,Month-to-month,Yes,Electronic check,83.61,243.58,Yes
2815-72420,Male,0,No,Yes,23,Yes,No,Fiber optic,No,No,No,No,Yes,No,Month-to-month,Yes,Mailed check,97.85,2331.59,Yes
7385-27304,Female,0,Yes,No,65,Yes,No,Fiber optic,No,No,Yes,No,No,No,Two year,Yes,Mailed check,74.85,4972.27,No
6913-40921,Male,0,Yes,No,9,Yes,Yes,No,No internet service,No internet service,No internet service,No internet service,No internet service,No internet service,Month-to-month,Yes,Credit card (automatic),25.36,222.46,No
5464-80783,Male,0,Yes,Yes,45,Yes,Yes,Fiber optic,No,Yes,Yes,No,Yes,No,Month-to-month,No,Mailed check,116.24,5299.16,Yes
3689-10830,Female,0,Yes,No,57,Yes,No,Fiber optic,No,Yes,Yes,No,No,Yes,One year,Yes,Electronic check,106.29,5964.29,No
2097-36328,Male,0,Yes,No,71,Yes,Yes,Fiber optic,Yes,No,No,No,No,Yes,Two year,Yes,Bank transfer (automatic),119.0,8583.8,No
4755-22802,Male,0,No,No,22,No,No phone service,Fiber optic,No,No,No,No,Yes,No,Month-to-month,Yes,Bank transfer (automatic),76.69,1739.36,No
1555-60807,Female,0,Yes,No,8,No,No phone service,Fiber optic,No,No,No,Yes,Yes,No,One year,No,Bank transfer (automatic),107.82,840.36,No
5063-82799,Male,0,Yes,No,21,Yes,No,No,No internet service,No internet service,No internet service,No internet service,No internet service,No internet service,One year,Yes,Electronic check,25.22,525.29,No
2124-67964,Female,1,Yes,No,34,Yes,No,DSL,No,Yes,No,Yes,No,Yes,Month-to-month,No,Bank transfer (automatic),84.13,2847.32,No
6410-66409,Male,0,No,No,47,Yes,No,DSL,No,No,No,No,Yes,Yes,Month-to-month,No,Electronic check,63.33,2927.82,No
9575-34477,Male,0,No,Yes,58,Yes,No,Fiber optic,No,Yes,No,No,Yes,No,One year,Yes,Bank transfer (automatic),81.56,4815.03,Yes
5358-94346,Female,0,No,Yes,34,Yes,No,DSL,No,No,Yes,No,Yes,No,Month-to-month,Yes,Bank transfer (automatic),55.79,1822.68,Yes
9193-79351,Female,0,No,No,8,Yes,Yes,DSL,No,No,Yes,Yes,Yes,No,Month-to-month,No,Bank transfer (automatic),59.3,456.3,No
6221-95066,Male,0,No,No,34,No,No phone service,DSL,Yes,Yes,Yes,Yes,Yes,No,One year,Yes,Mailed check,92.88,3280.69,No
3909-86179,Female,0,No,No,17,Yes,No,DSL,No,Yes,No,Yes,No,No,Month-to-month,No,Mailed check,76.79,1315.15,Yes
7823-94252,Female,0,No,Yes,26,Yes,Yes,DSL,No,Yes,No,No,No,No,Month-to-month,No,Electronic check,68.57,1727.34,Yes
1272-93445,Male,0,Yes,Yes,38,Yes,No,DSL,No,No,No,No,No,Yes,Month-to-month,Yes,Bank transfer (automatic),62.26,2337.77,No
4536-58083,Female,0,No,Yes,58,Yes,Yes,No,No internet service,No internet service,No internet service,No internet service,No internet service,No internet service,Two year,No,Electronic check,30.0,1725.27,No
5500-61574,Male,0,Yes,No,40,Yes,Yes,No,No internet service,No internet service,No internet service,No internet service,No internet service,No internet service,Two year,Yes,Credit card (automatic),30.02,1245.13,No
4653-18111,Female,0,No,Yes,49,Yes,No,DSL,Yes,No,No,No,Yes,Yes,Month-to-month,Yes,Electronic check,60.35,2860.43,Yes
6820-18299,Female,0,Yes,No,42,Yes,Yes,DSL,No,Yes,No,Yes,No,No,Month-to-month,Yes,Credit card (automatic),57.34,2317.44,Yes
1299-64881,Female,0,Yes,No,35,Yes,Yes,No,No internet service,No internet service,No internet service,No internet service,No internet service,No internet service,Two year,Yes,Electronic check,31.92,1147.34,No
7751-63722,Female,0,Yes,No,35,Yes,No,Fiber optic,No,Yes,No,No,Yes,No,One year,Yes,Electronic check,91.56,3195.23,No
5777-39346,Male,0,No,No,52,Yes,Yes,Fiber optic,No,No,Yes,No,No,Yes,One year,Yes,Electronic check,101.64,5141.0,No
4777-74172,Male,1,No,Yes,0,Yes,Yes,Fiber optic,No,No,No,No,No,No,Month-to-month,No,Bank transfer (automatic),93.05,,Yes
7822-61135,Male,0,Yes,No,23,Yes,Yes,DSL,Yes,No,No,No,No,No,Month-to-month,Yes,Electronic check,77.37,1713.89,No
8061-44223,Female,0,No,No,2,Yes,No,DSL,Yes,Yes,No,No,No,No,Month-to-month,Yes,Credit card (automatic),57.14,113.43,No
2076-63490,Female,0,Yes,Yes,15,Yes,No,Fiber optic,No,Yes,No,No,Yes,No,Two year,No,Mailed check,99.09,1501.91,No
3414-42329,Male,0,No,No,66,Yes,No,Fiber optic,Yes,No,No,No,No,No,Two year,Yes,Bank transfer (automatic),81.55,5509.72,No
2920-88333,Female,0,Yes,No,15,Yes,Yes,No,No internet service,No internet service,No internet service,No internet service,No internet service,No internet service,Month-to-month,No,Electronic check,23.97,345.28,No
7312-38881,Female,0,Yes,Yes,27,Yes,No,DSL,Yes,No,No,No,No,Yes,One year,No,Credit card (automatic),75.2,1999.53,Yes
6997-83190,Female,0,No,No,72,Yes,No,DSL,No,Yes,No,No,No,No,Two year,Yes,Credit card (automatic),72.44,5228.16,No
7561-37978,Male,0,No,Yes,68,Yes,No,No,No internet service,No internet service,No internet service,No internet service,No internet service,No internet service,Two year,Yes,Electronic check,21.02,1473.49,No
2041-11441,Female,0,No,Yes,13,Yes,No,No,No internet service,No internet service,No internet service,No internet service,No internet service,No internet service,Month-to-month,No,Mailed check,19.17,239.34,No
1692-55719,Female,0,No,Yes,13,Yes,No,DSL,Yes,Yes,Yes,No,Yes,No,Month-to-month,Yes,Electronic check,84.25,1057.39,No
2447-63440,Male,1,No,No,46,Yes,Yes,DSL,Yes,Yes,No,No,Yes,No,Two year,No,Credit card (automatic),81.01,3591.81,No
7275-34220,Male,0,Yes,No,11,Yes,No,Fiber optic,No,No,Yes,No,No,Yes,Month-to-month,Yes,Electronic check,106.69,1196.46,Yes
1671-13226,Male,0,Yes,No,34,Yes,No,DSL,Yes,No,No,Yes,Yes,No,Month-to-month,Yes,Electronic check,72.73,2495.52,No
7572-55955,Male,0,No,No,24,No,No phone service,No,No internet service,No internet service,No internet service,No internet service,No internet service,No internet service,Month-to-month,No,Mailed check,24.43,567.07,No
9921-61679,Female,0,Yes,No,47,Yes,Yes,DSL,No,Yes,Yes,No,No,No,Month-to-month,Yes,Electronic check,77.65,3634.26,Yes
3318-18978,Female,0,No,No,21,Yes,Yes,DSL,Yes,No,Yes,No,Yes,No,Month-to-month,Yes,Bank transfer (automatic),79.79,1664.01,Yes
5078-44649,Female,0,Yes,No,37,Yes,Yes,Fiber optic,Yes,Yes,No,No,No,No,One year,Yes,Bank transfer (automatic),119.0,4391.58,No
3835-56742,Male,0,No,No,64,Yes,Yes,Fiber optic,Yes,No,No,No,No,Yes,Two year,Yes,Mailed check,99.95,6314.56,No
6095-61402,Female,0,Yes,No,1,Yes,No,No,No internet service,No internet service,No internet service,No internet service,No internet service,No internet service,Month-to-month,No,Credit card (automatic),24.35,23.93,No
6529-70184,Male,0,No,No,12,Yes,No,Fiber optic,No,No,No,No,No,Yes,Two year,Yes,Mailed check,108.54,1268.59,No
6887-20750,Female,0,No,Yes,36,Yes,Yes,DSL,No,No,No,No,Yes,Yes,Two year,Yes,Bank transfer (automatic),77.85,2812.27,No
1828-71359,Male,0,Yes,No,18,Yes,No,Fiber optic,No,No,No,No,No,No,Two year,No,Mailed check,96.58,1755.88,No
4292-61007,Male,0,Yes,Yes,33,Yes,No,DSL,No,No,No,Yes,Yes,Yes,One year,No,Mailed check,81.84,2749.79,No
2459-28759,Female,0,Yes,No,47,Yes,No,DSL,No,No,Yes,No,Yes,No,Two year,No,Bank transfer (automatic),51.83,2401.47,No
6282-39240,Male,0,Yes,No,7,Yes,No,DSL,No,No,No,No,No,No,One year,Yes,Bank transfer (automatic),63.09,441.32,No
4501-10003,Female,1,Yes,Yes,29,Yes,No,DSL,Yes,Yes,Yes,No,No,No,Month-to-month,No,Bank transfer (automatic),61.49,1784.34,No
9817-84611,Female,0,No,No,12,Yes,Yes,Fiber optic,No,Yes,Yes,No,No,No,Two year,Yes,Credit card (automatic),84.38,997.41,No
3702-81617,Female,0,Yes,No,15,No,No phone service,Fiber optic,No,No,No,Yes,No,No,Month-to-month,No,Bank transfer (automatic),77.74,1207.94,Yes
6266-69818,Female,0,Yes,No,30,Yes,No,DSL,Yes,No,No,No,No,No,Two year,No,Bank transfer (automatic),56.52,1725.01,No
6932-25448,Male,0,Yes,No,49,Yes,No,Fiber optic,No,No,No,No,No,No,Month-to-month,No,Credit card (automatic),99.69,4961.76,Yes
9975-75835,Female,0,Yes,No,33,No,No phone service,DSL,No,No,No,No,No,Yes,Month-to-month,No,Bank transfer (automatic),62.44,2020.54,No
3003-12294,Male,1,Yes,Yes,37,Yes,No,Fiber optic,Yes,No,No,No,Yes,Yes,Two year,No,Credit card (automatic),108.26,4052.53,No
5138-83899,Female,0,No,No,19,Yes,No,Fiber optic,Yes,No,No,No,No,Yes,One year,Yes,Credit card (automatic),87.08,1695.18,Yes
1474-35442,Male,0,No,No,58,Yes,No,DSL,Yes,No,No,No,No,No,Month-to-month,No,Credit card (automatic),67.06,4004.68,No
8708-36377,Male,0,No,No,19,Yes,No,No,No internet service,No internet service,No internet service,No internet service,No internet service,No internet service,Two year,Yes,Credit card (automatic),25.63,469.27,No
9358-80537,Female,0,Yes,No,52,Yes,Yes,Fiber optic,No,Yes,No,No,No,Yes,Month-to-month,Yes,Electronic check,84.0,4410.44,Yes
5930-68300,Male,0,No,No,10,Yes,Yes,No,No internet service,No internet service,No internet service,No internet service,No internet service,No internet service,Month-to-month,No,Electronic check,27.63,281.14,No
9494-37486,Female,0,No,Yes,47,No,No phone service,No,No internet service,No internet service,No internet service,No internet service,No internet service,No internet service,One year,No,Mailed check,27.86,1276.65,No
1216-46538,Female,0,No,No,24,Yes,Yes,DSL,No,No,Yes,Yes,Yes,Yes,Month-to-month,No,Credit card (automatic),63.45,1543.5,No
4384-11194,Female,0,No,No,22,Yes,No,No,No internet service,No internet service,No internet service,No internet service,No internet service,No internet service,Month-to-month,Yes,Credit card (automatic),28.18,619.57,No
2801-82852,Female,0,Yes,No,48,Yes,No,Fiber optic,Yes,Yes,No,No,Yes,Yes,Month-to-month,No,Mailed check,85.57,4218.91,No
5412-20931,Female,0,No,Yes,60,Yes,No,Fiber optic,No,No,No,Yes,Yes,Yes,Month-to-month,Yes,Mailed check,111.64,6452.67,No
3567-13419,Male,0,No,No,17,Yes,Yes,No,No internet service,No internet service,No internet service,No internet service,No internet service,No internet service,Two year,Yes,Mailed check,29.29,498.45,No
2638-82203,Male,0,No,No,8,Yes,Yes,Fiber optic,Yes,No,Yes,No,No,Yes,Month-to-month,Yes,Bank transfer (automatic),110.9,869.33,Yes
3282-42476,Male,0,No,Yes,20,Yes,Yes,Fiber optic,No,No,Yes,No,Yes,No,One year,Yes,Electronic check,82.4,1706.29,No
5537-10772,Female,0,No,Yes,55,Yes,No,Fiber optic,No,No,No,No,No,Yes,One year,Yes,Mailed check,77.52,4409.67,No
2961-86702,Male,0,Yes,No,39,Yes,No,No,No internet service,No internet service,No internet service,No internet service,No internet service,No internet service,Month-to-month,No,Credit card (automatic),27.39,1060.13,No
6246-82055,Male,0,No,Yes,67,Yes,No,No,No internet service,No internet service,No internet service,No internet service,No internet service,No internet service,Two year,No,Mailed check,23.22,1598.13,No
6503-75956,Male,0,No,No,47,Yes,No,DSL,No,Yes,Yes,Yes,Yes,Yes,Month-to-month,Yes,Mailed check,78.61,3657.44,No
7335-91272,Male,0,No,No,31,Yes,No,Fiber optic,No,No,No,No,Yes,Yes,Month-to-month,Yes,Bank transfer (automatic),92.43,2925.95,Yes
2664-77924,Male,0,No,No,28,Yes,Yes,DSL,No,No,No,Yes,Yes,No,Two year,Yes,Credit card (automatic),78.81,2154.81,No
4151-77092,Male,0,Yes,No,71,Yes,Yes,No,No internet service,No internet service,No internet service,No internet service,No internet service,No internet service,Two year,Yes,Credit card (automatic),29.67,2120.39,No
2090-80200,Male,0,Yes,No,15,Yes,No,DSL,Yes,Yes,No,No,No,No,Month-to-month,No,Mailed check,54.51,841.48,Yes
6355-48020,Male,0,Yes,Yes,34,Yes,No,DSL,No,Yes,No,No,Yes,No,Two year,No,Electronic check,76.8,2595.21,No
4855-72195,Male,1,No,No,15,Yes,Yes,Fiber optic,No,No,No,No,Yes,Yes,Two year,Yes,Credit card (automatic),113.65,1748.31,No
2785-92373,Male,1,No,Yes,54,Yes,Yes,Fiber optic,No,Yes,No,No,No,No,Month-to-month,Yes,Mailed check,93.7,5015.23,Yes
3200-61870,Female,0,No,Yes,58,Yes,No,Fiber optic,No,Yes,Yes,No,No,Yes,One year,No,Electronic check,118.85,6756.34,No
2134-20523,Male,0,No,Yes,42,Yes,No,Fiber optic,No,No,No,No,No,No,Month-to-month,No,Credit card (automatic),81.27,3523.51,No
4720-90618,Male,0,No,No,30,Yes,Yes,Fiber optic,No,No,Yes,No,No,Yes,Month-to-month,No,Credit card (automatic),115.28,3401.84,Yes
3942-21189,Male,1,Yes,Yes,20,No,No phone service,DSL,No,Yes,No,No,Yes,No,Month-to-month,Yes,Electronic check,73.21,1433.55,Yes
3522-51867,Female,0,No,Yes,21,Yes,Yes,DSL,No,No,No,Yes,No,No,Month-to-month,Yes,Credit card (automatic),71.71,1548.87,No
1675-73971,Female,0,No,No,47,Yes,Yes,Fiber optic,No,Yes,No,Yes,Yes,Yes,One year,Yes,Credit card (automatic),100.42,4882.42,No
2374-31025,Female,0,No,Yes,7,Yes,Yes,Fiber optic,No,No,Yes,No,No,Yes,Month-to-month,Yes,Electronic check,100.31,710.85,Yes
9957-66233,Male,0,No,No,45,Yes,Yes,Fiber optic,No,No,No,No,No,No,Month-to-month,Yes,Bank transfer (automatic),110.35,5118.94,No
8564-55614,Male,0,No,No,2,Yes,No,Fiber optic,No,No,No,Yes,Yes,No,Month-to-month,Yes,Bank transfer (automatic),91.07,179.11,Yes
6982-49890,Male,0,Yes,No,49,Yes,Yes,Fiber optic,No,No,No,Yes,No,Yes,Month-to-month,Yes,Mailed check,106.14,5157.64,No
7716-44337,Female,0,No,Yes,1,No,No phone service,DSL,No,Yes,No,No,Yes,No,One year,Yes,Bank transfer (automatic),59.21,61.3,No
5075-74450,Female,0,No,Yes,8,Yes,No,DSL,No,No,No,Yes,No,No,Month-to-month,No,Credit card (automatic),44.73,371.39,No
6309-56876,Female,1,Yes,No,6,Yes,Yes,Fiber optic,No,No,No,No,Yes,No,Month-to-month,No,Bank transfer (automatic),101.07,597.08,No
4158-76430,Female,0,Yes,No,3,Yes,No,DSL,No,No,Yes,No,No,No,Month-to-month,No,Mailed check,62.04,179.22,No
3427-42463,Female,0,Yes,Yes,24,Yes,Yes,No,No internet service,No internet service,No internet service,No internet service,No internet service,No internet service,Month-to-month,Yes,Credit card (automatic),26.25,620.16,No
6981-95182,Female,0,Yes,No,46,No,No phone service,No,No internet service,No internet service,No internet service,No internet service,No internet service,No internet service,One year,No,Credit card (automatic),19.89,933.41,No
3633-33809,Female,0,No,No,2,Yes,Yes,Fiber optic,No,Yes,No,Yes,No,No,Month-to-month,No,Electronic check,105.07,210.88,Yes
5272-79612,Male,1,Yes,Yes,59,Yes,No,DSL,Yes,No,Yes,No,No,No,One year,No,Mailed check,61.15,3628.54,No
5421-96314,Male,0,Yes,No,46,Yes,No,DSL,No,No,Yes,Yes,Yes,No,One year,Yes,Mailed check,73.77,3283.97,No
8440-93603,Female,0,No,No,12,Yes,Yes,Fiber optic,No,No,No,No,No,Yes,Month-to-month,No,Credit card (automatic),80.14,958.38,No
1527-59738,Male,1,Yes,No,39,Yes,Yes,No,No internet service,No internet service,No internet service,No internet service,No internet service,No internet service,Month-to-month,Yes,Credit card (automatic),28.8,1156.84,No
5772-16991,Male,0,No,No,37,Yes,No,DSL,No,No,No,No,Yes,No,Month-to-month,Yes,Bank transfer (automatic),65.14,2373.36,Yes
9283-40504,Female,0,Yes,No,17,Yes,No,DSL,Yes,No,No,Yes,Yes,No,Month-to-month,Yes,Electronic check,59.0,968.29,No
3901-53282,Male,0,Yes,No,1,Yes,No,Fiber optic,No,No,No,No,Yes,Yes,Month-to-month,Yes,Mailed check,93.56,92.31,Yes
8751-89435,Female,0,No,No,18,Yes,No,Fiber optic,No,No,No,No,Yes,No,Two year,Yes,Bank transfer (automatic),78.91,1389.89,No
4532-26582,Female,0,No,No,7,Yes,Yes,Fiber optic,No,No,No,No,Yes,No,Month-to-month,Yes,Bank transfer (automatic),101.16,729.54,Yes
9674-22397,Male,0,No,No,69,Yes,Yes,Fiber optic,No,No,Yes,No,No,No,Month-to-month,Yes,Bank transfer (automatic),87.08,6122.74,No
5624-79850,Female,1,No,No,53,Yes,No,No,No internet service,No internet service,No internet service,No internet service,No internet service,No internet service,Two year,Yes,Credit card (automatic),19.29,1016.83,No
9994-12314,Female,0,Yes,Yes,12,No,No phone service,Fiber optic,No,No,No,No,Yes,Yes,Two year,No,Bank transfer (automatic),79.24,951.42,No
2997-10839,Female,0,No,No,23,Yes,No,DSL,No,No,Yes,Yes,Yes,Yes,Month-to-month,No,Credit card (automatic),75.69,1695.15,No
2892-29804,Male,0,Yes,No,42,Yes,No,Fiber optic,No,No,No,No,Yes,No,Month-to-month,No,Electronic check,97.63,4026.63,Yes
8821-15029,Female,0,No,Yes,24,Yes,Yes,Fiber optic,No,Yes,Yes,No,Yes,No,Month-to-month,No,Electronic check,97.46,2255.66,Yes
8689-54825,Female,1,Yes,No,69,Yes,No,DSL,No,No,No,Yes,No,No,Two year,No,Bank transfer (automatic),52.88,3646.89,No
8838-59553,Female,0,No,No,39,Yes,No,No,No internet service,No internet service,No internet service,No internet service,No internet service,No internet service,One year,Yes,Credit card (automatic),21.88,877.9,No
6177-49194,Male,0,Yes,No,19,Yes,No,Fiber optic,No,Yes,No,No,Yes,Yes,Month-to-month,Yes,Credit card (automatic),100.16,1926.55,Yes
8073-47773,Male,0,Yes,No,31,Yes,Yes,Fiber optic,No,No,Yes,No,No,Yes,Month-to-month,Yes,Bank transfer (automatic),96.04,2911.5,No
5544-35072,Female,0,Yes,Yes,41,Yes,No,No,No internet service,No internet service,No internet service,No internet service,No internet service,No internet service,Month-to-month,Yes,Credit card (automatic),27.78,1126.84,No
3143-89367,Male,1,No,No,37,No,No phone service,Fiber optic,No,No,No,No,No,Yes,One year,No,Mailed check,101.07,3755.64,No
8146-51891,Male,0,Yes,Yes,40,Yes,Yes,No,No internet service,No internet service,No internet service,No internet service,No internet service,No internet service,Month-to-month,Yes,Credit card (automatic),28.22,1120.6,No
3079-77020,Male,0,No,No,7,Yes,No,Fiber optic,No,No,No,No,Yes,No,Month-to-month,Yes,Credit card (automatic),74.81,538.88,Yes
1215-73059,Male,0,Yes,No,20,Yes,No,Fiber optic,No,No,No,No,Yes,No,Month-to-month,Yes,Mailed check,76.06,1512.4,No
3417-15378,Male,0,No,No,27,Yes,No,DSL,No,No,Yes,No,No,No,Two year,No,Mailed check,49.47,1324.13,No
1407-91712,Male,0,Yes,Yes,45,Yes,No,Fiber optic,No,No,No,No,No,Yes,Month-to-month,No,Credit card (automatic),83.0,3666.32,Yes
2689-45963,Female,0,No,No,49,Yes,Yes,Fiber optic,No,No,No,No,No,Yes,Two year,No,Electronic check,114.49,5521.32,No
4353-76647,Male,0,Yes,No,40,Yes,No,No,No internet service,No internet service,No internet service,No internet service,No internet service,No internet service,Month-to-month,No,Bank transfer (automatic),28.69,1181.3,No
5538-56609,Male,0,Yes,No,39,Yes,No,No,No internet service,No internet service,No internet service,No internet service,No internet service,No internet service,Month-to-month,No,Credit card (automatic),23.88,961.11,No
9582-11130,Male,0,Yes,Yes,56,Yes,Yes,DSL,Yes,No,No,Yes,No,No,Month-to-month,Yes,Credit card (automatic),76.83,4426.1,No
5156-94567,Female,0,Yes,Yes,31,Yes,No,Fiber optic,No,No,No,No,No,Yes,Month-to-month,No,Bank transfer (automatic),85.21,2560.47,No
5453-21117,Male,0,Yes,No,41,Yes,No,DSL,No,Yes,Yes,No,No,Yes,Month-to-month,Yes,Mailed check,57.91,2326.17,No
8826-80226,Female,0,Yes,No,6,Yes,Yes,Fiber optic,No,No,No,No,Yes,No,Month-to-month,No,Credit card (automatic),88.34,536.72,No
3240-95148,Female,0,No,No,35,Yes,Yes,DSL,No,No,Yes,No,Yes,No,Month-to-month,Yes,Bank transfer (automatic),83.78,2995.08,No
8881-75569,Female,0,No,No,26,Yes,No,Fiber optic,No,Yes,No,No,No,Yes,Month-to-month,No,Credit card (automatic),96.55,2456.22,Yes
9314-58036,Female,0,Yes,No,39,Yes,Yes,Fiber optic,No,No,Yes,Yes,No,Yes,Two year,Yes,Electronic check,99.71,3811.04,No
4309-35218,Male,0,Yes,No,36,Yes,Yes,No,No internet service,No internet service,No internet service,No internet service,No internet service,No internet service,Month-to-month,No,Credit card (automatic),30.51,1065.39,No
3431-65934,Female,1,Yes,Yes,14,Yes,No,Fiber optic,No,No,No,No,No,Yes,Two year,No,Bank transfer (automatic),72.92,986.89,Yes
8041-37709,Male,0,Yes,Yes,54,Yes,Yes,DSL,No,No,No,Yes,Yes,Yes,Two year,No,Electronic check,70.8,3908.13,No
7363-30017,Female,0,Yes,Yes,30,Yes,Yes,Fiber optic,No,Yes,No,No,Yes,No,One year,Yes,Credit card (automatic),102.72,3174.24,No
3810-59296,Female,1,Yes,No,33,Yes,No,Fiber optic,No,Yes,No,No,No,No,Month-to-month,Yes,Mailed check,95.59,3252.4,No
4660-30421,Female,0,Yes,No,15,Yes,No,Fiber optic,No,No,No,No,No,Yes,One year,No,Electronic check,86.22,1245.28,No
5442-64652,Female,0,No,No,12,Yes,Yes,DSL,No,No,No,Yes,No,No,Two year,Yes,Credit card (automatic),76.19,926.96,No
5867-65135,Male,0,No,No,4,Yes,Yes,No,No internet service,No internet service,No internet service,No internet service,No internet service,No internet service,Month-to-month,Yes,Credit card (automatic),26.86,106.53,No
6649-49848,Female,0,No,No,6,Yes,Yes,DSL,No,No,Yes,No,No,No,Month-to-month,No,Electronic check,56.74,348.26,Yes
4313-80376,Female,0,Yes,No,16,Yes,No,DSL,Yes,Yes,No,No,No,Yes,Month-to-month,No,Bank transfer (automatic),73.27,1188.42,No
3902-68281,Female,0,No,No,46,Yes,Yes,Fiber optic,No,No,No,No,No,No,Month-to-month,Yes,Mailed check,110.45,5148.76,No
7603-93183,Male,0,Yes,Yes,46,Yes,Yes,DSL,No,No,No,Yes,Yes,Yes,Month-to-month,Yes,Mailed check,57.17,2546.85,Yes
3101-35291,Female,0,Yes,Yes,38,No,No phone service,Fiber optic,No,No,No,No,Yes,Yes,Month-to-month,No,Mailed check,86.3,3387.91,Yes
1771-86358,Male,0,No,No,29,Yes,No,DSL,No,No,No,No,No,No,One year,No,Bank transfer (automatic),59.62,1781.63,No
5615-27943,Male,1,Yes,No,36,Yes,No,Fiber optic,No,No,No,No,No,No,Month-to-month,No,Credit card (automatic),101.45,3616.34,No
8650-10689,Male,0,Yes,No,47,Yes,No,Fiber optic,No,No,No,No,Yes,No,Month-to-month,Yes,Credit card (automatic),87.56,4004.86,Yes
2782-21655,Female,0,No,No,60,Yes,No,Fiber optic,No,No,No,Yes,No,Yes,Two year,No,Credit card (automatic),111.24,6436.13,Yes
9572-86362,Male,1,No,No,35,Yes,Yes,DSL,No,No,No,No,Yes,Yes,Month-to-month,No,Credit card (automatic),61.82,2229.34,No
7042-75299,Male,0,No,No,14,Yes,Yes,Fiber optic,No,No,Yes,No,No,Yes,Month-to-month,Yes,Credit card (automatic),97.93,1366.13,No
6158-26157,Male,0,Yes,Yes,35,Yes,Yes,Fiber optic,No,Yes,Yes,No,No,Yes,Month-to-month,No,Mailed check,114.19,3980.82,No
5141-97591,Female,0,Yes,No,21,Yes,Yes,Fiber optic,No,No,No,No,Yes,Yes,Month-to-month,Yes,Bank transfer (automatic),103.83,2185.87,No
6081-60874,Male,0,No,No,23,Yes,No,DSL,No,Yes,No,Yes,Yes,No,Month-to-month,Yes,Electronic check,59.53,1324.71,Yes
2471-45357,Female,0,Yes,Yes,12,No,No phone service,Fiber optic,No,Yes,No,Yes,Yes,Yes,Month-to-month,No,Bank transfer (automatic),92.15,1118.79,No
8209-42998,Female,0,Yes,No,42,Yes,Yes,Fiber optic,No,No,No,No,No,No,Two year,No,Mailed check,73.34,3149.24,No
7769-69671,Female,0,Yes,No,30,No,No phone service,DSL,No,No,Yes,No,Yes,No,Two year,No,Credit card (automatic),71.85,2111.48,No
9777-99210,Female,0,No,No,32,Yes,No,Fiber optic,Yes,No,No,No,Yes,No,Month-to-month,Yes,Electronic check,113.31,3735.72,Yes
7635-85618,Male,0,No,Yes,69,Yes,Yes,Fiber optic,No,No,No,No,Yes,Yes,Two year,Yes,Bank transfer (automatic),111.28,7439.9,Yes
9783-12506,Male,0,Yes,No,55,Yes,No,No,No internet service,No internet service,No internet service,No internet service,No internet service,No internet service,One year,No,Credit card (automatic),27.4,1563.51,No
5653-85929,Male,0,No,No,24,No,No phone service,DSL,No,Yes,No,No,No,No,Two year,No,Bank transfer (automatic),50.67,1189.19,No
4407-90806,Female,0,Yes,Yes,13,Yes,No,Fiber optic,Yes,No,No,No,No,No,Month-to-month,No,Credit card (automatic),106.15,1347.19,No
4307-16747,Female,0,No,No,6,Yes,Yes,No,No internet service,No internet service,No internet service,No internet service,No internet service,No internet service,One year,No,Credit card (automatic),32.25,197.68,No
6446-92251,Female,0,Yes,No,46,Yes,No,Fiber optic,Yes,No,No,No,Yes,No,Month-to-month,Yes,Credit card (automatic),90.96,4330.88,Yes
1599-91199,Male,0,Yes,No,7,Yes,No,No,No internet service,No internet service,No internet service,No internet service,No internet service,No internet service,Month-to-month,No,Mailed check,21.04,152.58,Yes
7523-84624,Male,0,Yes,No,29,Yes,No,Fiber optic,No,No,No,No,Yes,No,Two year,No,Electronic check,110.8,3209.12,No
9219-53029,Male,1,No,No,12,Yes,Yes,No,No internet service,No internet service,No internet service,No internet service,No internet service,No internet service,Month-to-month,Yes,Mailed check,29.44,347.67,No
7013-33363,Male,0,No,No,6,No,No phone service,Fiber optic,No,No,No,No,Yes,Yes,Month-to-month,Yes,Electronic check,112.62,698.77,Yes
9483-25169,Male,0,No,No,12,Yes,No,DSL,No,No,No,Yes,No,Yes,Month-to-month,Yes,Electronic check,75.68,943.55,Yes
8825-25658,Female,0,Yes,No,51,Yes,No,Fiber optic,No,No,Yes,No,No,Yes,Two year,Yes,Bank transfer (automatic),106.48,5384.7,No
4854-97804,Male,0,Yes,No,33,Yes,Yes,DSL,No,No,Yes,No,Yes,No,Month-to-month,Yes,Credit card (automatic),67.89,2310.89,No
5686-65740,Female,0,Yes,No,47,Yes,Yes,Fiber optic,Yes,No,No,No,Yes,Yes,Month-to-month,No,Mailed check,110.96,5221.75,Yes
4215-60590,Male,1,Yes,No,8,Yes,No,Fiber optic,No,No,No,No,Yes,No,One year,Yes,Bank transfer (automatic),80.94,672.41,Yes
9947-15259,Male,1,Yes,No,7,Yes,Yes,Fiber optic,No,No,No,No,No,No,Month-to-month,No,Credit card (automatic),81.93,593.99,Yes
1942-43433,Female,0,No,No,11,Yes,Yes,DSL,Yes,Yes,No,No,No,No,Month-to-month,Yes,Credit card (automatic),73.12,831.8,Yes
9678-64700,Female,0,No,No,53,Yes,No,DSL,Yes,No,No,No,No,No,One year,Yes,Credit card (automatic),61.07,3333.67,No
9215-90931,Male,0,No,No,33,Yes,Yes,DSL,No,No,No,No,No,No,Two year,No,Electronic check,56.54,1884.76,Yes
6801-61673,Male,0,Yes,No,50,Yes,No,Fiber optic,No,No,No,No,No,No,One year,Yes,Credit card (automatic),79.98,3940.88,Yes
2071-57479,Male,0,Yes,No,6,Yes,Yes,DSL,No,No,No,Yes,Yes,No,Month-to-month,Yes,Bank transfer (automatic),75.01,438.9,Yes
1326-30205,Female,0,No,No,40,Yes,No,DSL,No,No,No,No,Yes,No,Month-to-month,No,Electronic check,46.72,1937.47,Yes
6489-17858,Male,0,Yes,No,41,Yes,Yes,No,No internet service,No internet service,No internet service,No internet service,No internet service,No internet service,Two year,No,Credit card (automatic),35.4,1418.92,No
9647-53199,Female,1,No,Yes,26,Yes,No,Fiber optic,Yes,Yes,No,No,Yes,No,Month-to-month,Yes,Mailed check,96.85,2531.19,Yes
7114-52936,Male,0,No,Yes,31,Yes,No,Fiber optic,No,No,No,No,No,Yes,One year,No,Bank transfer (automatic),81.99,2604.2,No
2357-81069,Female,0,Yes,No,18,Yes,No,Fiber optic,No,No,No,No,Yes,Yes,Month-to-month,No,Mailed check,95.07,1745.6,Yes
4679-14826,Male,1,Yes,No,60,Yes,Yes,DSL,No,Yes,Yes,No,No,No,Two year,Yes,Electronic check,66.55,3961.58,No
3051-96800,Female,0,No,Yes,35,Yes,Yes,Fiber optic,No,Yes,No,No,No,No,Month-to-month,Yes,Bank transfer (automatic),104.31,3736.32,Yes
7709-27076,Female,0,No,No,67,Yes,Yes,Fiber optic,No,No,No,No,Yes,No,Two year,Yes,Credit card (automatic),84.99,5832.88,Yes
6043-85653,Male,0,No,No,4,Yes,Yes,DSL,No,No,No,Yes,No,No,Month-to-month,Yes,Mailed check,69.72,286.36,Yes
8674-47678,Male,0,No,Yes,22,Yes,Yes,Fiber optic,No,Yes,Yes,No,Yes,No,One year,Yes,Bank transfer (automatic),119.0,2514.18,Yes
1123-95254,Female,0,No,No,58,Yes,No,No,No internet service,No internet service,No internet service,No internet service,No internet service,No internet service,Month-to-month,Yes,Credit card (automatic),26.28,1576.91,No
7012-74939,Male,0,Yes,Yes,4,Yes,Yes,DSL,No,Yes,No,No,No,No,Month-to-month,Yes,Bank transfer (automatic),80.44,324.55,Yes
9332-46397,Male,0,No,No,29,Yes,Yes,DSL,No,No,No,Yes,No,No,Month-to-month,No,Credit card (automatic),56.7,1619.07,No
3761-99156,Male,0,No,No,1,Yes,No,Fiber optic,No,No,No,No,Yes,No,Month-to-month,No,Credit card (automatic),96.83,95.85,Yes
6360-40154,Male,0,Yes,No,10,Yes,No,DSL,Yes,Yes,No,No,No,No,Month-to-month,Yes,Electronic check,68.22,666.55,No
2264-13589,Male,0,Yes,No,31,Yes,Yes,Fiber optic,No,No,No,No,No,Yes,Month-to-month,No,Mailed check,114.45,3419.52,Yes
7733-13409,Male,0,No,Yes,60,No,No phone service,DSL,Yes,No,No,No,No,Yes,Two year,Yes,Credit card (automatic),63.35,3830.93,No
8071-44065,Male,0,No,No,16,Yes,No,DSL,No,Yes,Yes,Yes,No,No,Two year,No,Mailed check,56.28,904.35,No
9673-89843,Male,0,Yes,No,7,No,No phone service,Fiber optic,No,Yes,No,Yes,No,Yes,One year,Yes,Credit card (automatic),89.11,632.52,No
1575-18151,Male,0,No,No,28,Yes,Yes,No,No internet service,No internet service,No internet service,No internet service,No internet service,No internet service,Month-to-month,Yes,Bank transfer (automatic),34.7,980.07,No
3739-61619,Male,0,No,Yes,22,Yes,No,Fiber optic,Yes,No,No,No,Yes,No,Month-to-month,Yes,Electronic check,95.54,2152.41,Yes
6500-54089,Female,0,No,No,31,Yes,No,No,No internet service,No internet service,No internet service,No internet service,No internet service,No internet service,Month-to-month,Yes,Electronic check,24.51,743.04,No
5232-69207,Male,0,Yes,Yes,41,Yes,No,DSL,No,No,No,No,No,Yes,Month-to-month,Yes,Electronic check,49.75,2070.53,Yes
5418-86851,Male,0,Yes,No,41,Yes,No,DSL,Yes,Yes,Yes,No,No,No,One year,Yes,Mailed check,74.56,3154.35,No
8351-70081,Male,0,Yes,No,69,Yes,Yes,Fiber optic,No,Yes,Yes,Yes,No,Yes,Two year,No,Bank transfer (automatic),94.69,6701.41,No
7797-20047,Female,0,No,No,30,Yes,No,DSL,No,No,No,Yes,Yes,No,Month-to-month,Yes,Credit card (automatic),53.19,1596.0,No
6620-43034,Male,0,No,Yes,48,Yes,No,Fiber optic,No,No,No,Yes,Yes,Yes,Month-to-month,Yes,Credit card (automatic),108.67,5366.71,No
3877-61195,Male,0,Yes,Yes,7,Yes,No,No,No internet service,No internet service,No internet service,No internet service,No internet service,No internet service,Month-to-month,Yes,Credit card (automatic),26.46,182.51,No
5718-56459,Male,0,No,Yes,48,Yes,Yes,DSL,No,No,No,No,No,No,Month-to-month,No,Bank transfer (automatic),56.65,2746.77,Yes
2014-83562,Male,0,Yes,No,46,Yes,No,No,No internet service,No internet service,No internet service,No internet service,No internet service,No internet service,Month-to-month,No,Credit card (automatic),23.95,1133.45,No
7422-43274,Male,0,No,No,21,Yes,No,Fiber optic,No,No,No,No,No,No,Month-to-month,No,Credit card (automatic),88.39,1923.0,Yes
7546-35166,Male,0,Yes,No,37,Yes,No,DSL,No,No,No,Yes,No,No,Month-to-month,Yes,Mailed check,53.81,1933.27,No
3583-97089,Female,0,No,Yes,34,Yes,No,Fiber optic,No,No,No,No,Yes,No,Month-to-month,Yes,Mailed check,74.67,2458.87,Yes
6307-51175,Female,0,No,Yes,33,Yes,Yes,Fiber optic,No,No,No,No,Yes,Yes,One year,Yes,Credit card (automatic),89.89,2968.37,No
1637-69193,Male,1,No,No,37,Yes,No,Fiber optic,No,No,No,No,No,No,Two year,Yes,Mailed check,85.93,3154.88,No
1731-25715,Female,0,Yes,No,13,Yes,Yes,Fiber optic,No,No,Yes,No,Yes,No,Month-to-month,Yes,Electronic check,105.53,1353.68,Yes
2912-58118,Female,1,Yes,No,28,Yes,Yes,Fiber optic,No,No,No,No,Yes,No,Month-to-month,Yes,Electronic check,92.07,2550.31,Yes
4343-78040,Male,0,Yes,Yes,11,Yes,No,Fiber optic,No,No,No,No,Yes,No,Month-to-month,Yes,Credit card (automatic),81.23,885.03,No
1668-77488,Male,0,No,Yes,63,Yes,No,Fiber optic,No,No,No,No,Yes,Yes,Two year,No,Bank transfer (automatic),100.16,6395.99,No
8181-92467,Male,0,Yes,No,3,Yes,No,DSL,No,No,No,Yes,Yes,No,Month-to-month,Yes,Electronic check,62.32,188.59,No
6361-92169,Female,0,No,No,49,Yes,Yes,No,No internet service,No internet service,No internet service,No internet service,No internet service,No internet service,One year,Yes,Bank transfer (automatic),34.92,1691.52,No
8728-82731,Male,0,No,No,44,Yes,No,DSL,Yes,No,Yes,No,No,No,Month-to-month,Yes,Credit card (automatic),51.72,2343.9,No
7198-26842,Female,0,Yes,Yes,29,Yes,No,Fiber optic,No,Yes,Yes,No,Yes,Yes,Two year,No,Credit card (automatic),108.53,3113.74,No
4488-35587,Male,0,Yes,Yes,43,Yes,No,Fiber optic,No,No,No,No,No,Yes,Month-to-month,Yes,Mailed check,78.82,3254.02,Yes
3712-80387,Female,0,Yes,No,25,Yes,No,DSL,Yes,Yes,No,No,No,Yes,Month-to-month,No,Credit card (automatic),62.77,1524.83,No
8717-18399,Female,1,No,Yes,42,Yes,No,Fiber optic,No,Yes,Yes,No,Yes,Yes,Month-to-month,Yes,Credit card (automatic),113.4,4594.91,Yes
8280-22082,Male,0,No,No,47,Yes,Yes,DSL,No,Yes,Yes,No,No,No,Month-to-month,Yes,Credit card (automatic),77.63,3647.63,Yes
8492-49939,Male,0,Yes,Yes,46,Yes,No,DSL,No,No,Yes,Yes,No,No,Month-to-month,Yes,Bank transfer (automatic),64.52,2943.96,No
4613-69277,Female,0,No,No,48,Yes,Yes,Fiber optic,No,No,Yes,No,No,No,Two year,No,Mailed check,82.08,3832.95,No
2493-65106,Male,0,Yes,Yes,22,Yes,No,No,No internet service,No internet service,No internet service,No internet service,No internet service,No internet service,One year,Yes,Mailed check,26.6,591.64,No
1463-24240,Male,1,Yes,No,70,Yes,No,DSL,No,No,No,Yes,Yes,No,Two year,No,Credit card (automatic),59.97,4168.68,No
4291-71933,Female,0,No,Yes,69,Yes,Yes,No,No internet service,No internet service,No internet service,No internet service,No internet service,No internet service,Two year,Yes,Bank transfer (automatic),24.89,1727.42,No
2697-59472,Male,1,No,Yes,41,Yes,No,Fiber optic,No,No,No,No,Yes,Yes,Month-to-month,Yes,Credit card (automatic),118.02,4678.05,Yes
4457-88342,Male,0,Yes,No,51,Yes,No,Fiber optic,No,Yes,No,No,Yes,Yes,Two year,No,Electronic check,112.35,5539.26,No
5171-36994,Male,0,No,Yes,48,Yes,No,No,No internet service,No internet service,No internet service,No internet service,No internet service,No internet service,One year,No,Bank transfer (automatic),21.21,1039.54,No
4942-25441,Male,0,No,Yes,2,Yes,No,Fiber optic,No,No,Yes,No,No,Yes,Month-to-month,Yes,Electronic check,85.34,177.14,No
9056-43006,Female,0,No,Yes,58,Yes,Yes,Fiber optic,No,Yes,No,No,No,Yes,One year,No,Bank transfer (automatic),112.85,6613.26,No
3214-76096,Female,0,No,No,49,Yes,No,Fiber optic,No,No,No,No,Yes,No,Two year,Yes,Electronic check,80.01,3850.32,No
1101-38483,Male,0,Yes,No,13,Yes,Yes,Fiber optic,No,No,No,No,No,No,Two year,Yes,Bank transfer (automatic),85.84,1101.84,No
2926-78584,Male,1,Yes,No,10,No,No phone service,No,No internet service,No internet service,No internet service,No internet service,No internet service,No internet service,One year,No,Mailed check,28.78,278.13,No
1004-36325,Female,0,No,No,37,Yes,No,Fiber optic,No,No,No,No,No,No,Month-to-month,Yes,Credit card (automatic),88.97,3420.09,Yes
9125-55803,Male,0,No,No,48,Yes,No,No,No internet service,No internet service,No internet service,No internet service,No internet service,No internet service,Two year,No,Electronic check,21.57,1065.18,No
1686-34598,Male,0,Yes,Yes,64,Yes,Yes,Fiber optic,No,No,No,No,Yes,No,Month-to-month,No,Credit card (automatic),86.33,5585.32,Yes
4009-27465,Male,1,Yes,No,46,Yes,Yes,Fiber optic,Yes,Yes,No,No,No,Yes,One year,No,Credit card (automatic),116.49,5163.12,No
4081-31944,Male,0,Yes,No,37,Yes,Yes,Fiber optic,No,Yes,No,No,Yes,No,One year,Yes,Credit card (automatic),119.0,4290.64,No
4179-93782,Female,0,No,No,8,Yes,Yes,DSL,Yes,No,No,Yes,No,Yes,Month-to-month,Yes,Bank transfer (automatic),80.72,624.69,No
4358-97111,Male,0,Yes,Yes,3,Yes,No,Fiber optic,No,No,Yes,No,No,Yes,Month-to-month,Yes,Bank transfer (automatic),84.76,259.24,No
6791-63500,Male,0,Yes,No,25,No,No phone service,Fiber optic,No,No,No,Yes,No,No,One year,No,Credit card (automatic),108.09,2782.27,Yes
1911-25036,Female,0,Yes,No,34,Yes,No,Fiber optic,No,No,No,No,No,Yes,Month-to-month,Yes,Credit card (automatic),77.09,2624.21,Yes
7081-19709,Male,0,No,No,41,Yes,No,Fiber optic,No,Yes,Yes,No,No,No,Month-to-month,No,Credit card (automatic),86.26,3585.63,Yes
4645-39952,Female,0,No,Yes,41,Yes,No,No,No internet service,No internet service,No internet service,No internet service,No internet service,No internet service,Month-to-month,Yes,Electronic check,25.97,1087.4,No
3017-91357,Male,0,Yes,No,13,Yes,No,No,No internet service,No internet service,No internet service,No internet service,No internet service,No internet service,One year,Yes,Electronic check,21.07,270.57,No
3746-24603,Male,0,Yes,No,29,Yes,No,DSL,No,No,No,Yes,Yes,No,Month-to-month,Yes,Electronic check,75.91,2287.48,Yes
8875-47686,Male,0,Yes,No,49,Yes,No,DSL,Yes,No,Yes,No,No,No,Month-to-month,No,Electronic check,57.76,2821.16,No
6533-52552,Female,0,No,No,37,Yes,No,No,No internet service,No internet service,No internet service,No internet service,No internet service,No internet service,Two year,Yes,Credit card (automatic),27.38,1039.76,No
7241-89421,Female,0,No,No,8,Yes,No,DSL,No,Yes,No,No,Yes,No,Month-to-month,Yes,Mailed check,55.89,430.61,Yes
2085-90586,Male,0,No,No,12,Yes,Yes,No,No internet service,No internet service,No internet service,No internet service,No internet service,No internet service,Two year,Yes,Mailed check,25.39,294.98,No
6357-29222,Male,0,No,Yes,38,Yes,No,Fiber optic,No,Yes,No,No,Yes,Yes,Month-to-month,Yes,Bank transfer (automatic),94.03,3493.61,No
7735-23827,Male,1,Yes,No,43,Yes,No,Fiber optic,No,Yes,Yes,No,Yes,Yes,Month-to-month,Yes,Credit card (automatic),88.26,3692.93,No
2246-23979,Female,0,Yes,No,10,Yes,Yes,Fiber optic,No,Yes,No,No,No,Yes,One year,Yes,Electronic check,88.14,914.46,No
1348-54859,Male,0,Yes,Yes,47,Yes,Yes,Fiber optic,No,No,Yes,Yes,Yes,No,Month-to-month,Yes,Electronic check,107.25,5117.29,Yes
3707-58924,Female,0,Yes,No,69,Yes,No,DSL,No,Yes,No,No,No,Yes,Two year,Yes,Electronic check,59.23,4134.32,No
2146-38227,Female,0,Yes,No,72,Yes,No,DSL,Yes,No,No,No,No,No,Month-to-month,Yes,Electronic check,66.06,4775.1,No
8974-84532,Female,0,No,No,39,No,No phone service,Fiber optic,Yes,No,No,No,No,No,Two year,No,Electronic check,112.44,4538.82,No
8214-55757,Male,0,Yes,No,32,Yes,Yes,Fiber optic,No,No,No,No,No,Yes,Month-to-month,No,Mailed check,91.92,2938.52,Yes
4369-78363,Male,0,No,No,58,Yes,No,DSL,No,Yes,No,Yes,Yes,Yes,Two year,Yes,Bank transfer (automatic),88.08,5107.63,No
5547-10749,Male,0,Yes,Yes,13,Yes,Yes,DSL,No,No,No,Yes,No,No,Month-to-month,Yes,Mailed check,48.72,608.75,No
5227-42557,Female,0,Yes,No,7,No,No phone service,Fiber optic,No,No,No,No,Yes,No,One year,No,Credit card (automatic),94.76,678.58,No
3649-78805,Female,1,No,No,24,Yes,Yes,Fiber optic,No,No,No,No,Yes,No,Month-to-month,No,Electronic check,117.71,2887.11,Yes
7032-40557,Female,0,Yes,No,14,No,No phone service,Fiber optic,No,No,No,No,No,Yes,Two year,Yes,Credit card (automatic),76.42,1027.14,No
5598-11040,Male,0,Yes,Yes,48,No,No phone service,No,No internet service,No internet service,No internet service,No internet service,No internet service,No internet service,Month-to-month,No,Bank transfer (automatic),19.31,928.98,No
3995-31807,Male,0,Yes,Yes,25,No,No phone service,Fiber optic,No,Yes,No,No,No,Yes,Month-to-month,Yes,Electronic check,81.37,2070.65,Yes
3237-64002,Female,0,No,No,16,Yes,No,Fiber optic,No,No,No,No,Yes,Yes,One year,Yes,Electronic check,94.16,1465.48,No
1366-56858,Female,0,Yes,No,38,Yes,No,Fiber optic,No,No,No,No,No,Yes,Month-to-month,No,Mailed check,86.58,3392.16,No
4426-13782,Female,0,No,No,26,Yes,Yes,Fiber optic,No,No,Yes,No,No,No,Two year,Yes,Credit card (automatic),82.83,2131.36,No
2838-80016,Female,0,No,No,31,Yes,Yes,No,No internet service,No internet service,No internet service,No internet service,No internet service,No internet service,One year,No,Credit card (automatic),26.52,841.67,No
3078-16384,Male,0,No,No,35,Yes,No,DSL,No,No,No,Yes,No,Yes,Month-to-month,No,Electronic check,79.85,2809.4,Yes
7959-11147,Male,0,Yes,No,66,Yes,Yes,Fiber optic,No,No,No,No,No,No,Two year,Yes,Credit card (automatic),85.37,5663.94,No
9800-88412,Male,1,No,No,0,Yes,No,DSL,Yes,No,No,No,Yes,No,Month-to-month,Yes,Mailed check,65.54,,Yes
1098-94626,Female,0,Yes,No,33,Yes,No,Fiber optic,Yes,No,No,No,Yes,No,One year,No,Credit card (automatic),84.52,2790.04,Yes
3106-92827,Female,0,No,Yes,7,Yes,Yes,Fiber optic,No,No,No,No,Yes,No,Month-to-month,No,Bank transfer (automatic),82.58,599.0,Yes
7709-26790,Male,0,No,No,40,Yes,Yes,DSL,No,No,No,Yes,No,Yes,Month-to-month,Yes,Bank transfer (automatic),68.47,2684.71,Yes
6300-88081,Female,1,Yes,No,69,Yes,No,Fiber optic,No,Yes,Yes,No,Yes,Yes,Two year,Yes,Credit card (automatic),119.0,8434.27,No
2089-16375,Female,0,Yes,Yes,12,Yes,No,Fiber optic,No,Yes,No,No,Yes,No,Two year,No,Mailed check,94.33,1123.47,No
5621-14812,Female,0,No,No,66,Yes,No,No,No internet service,No internet service,No internet service,No internet service,No internet service,No internet service,Two year,Yes,Bank transfer (automatic),23.39,1583.16,No
3048-92293,Female,0,No,Yes,60,Yes,No,No,No internet service,No internet service,No internet service,No internet service,No internet service,No internet service,One year,Yes,Mailed check,28.08,1721.03,No
6081-72411,Male,0,No,No,15,Yes,Yes,Fiber optic,No,No,No,No,No,No,Month-to-month,Yes,Credit card (automatic),99.49,1528.17,Yes
2119-44654,Male,0,No,Yes,15,Yes,Yes,DSL,No,Yes,No,Yes,Yes,No,Month-to-month,No,Credit card (automatic),75.87,1160.24,No
1549-69860,Female,1,No,No,4,Yes,No,No,No internet service,No internet service,No internet service,No internet service,No internet service,No internet service,Month-to-month,No,Mailed check,26.0,103.8,No
6826-77313,Female,0,No,No,45,Yes,No,No,No internet service,No internet service,No internet service,No internet service,No internet service,No internet service,One year,No,Credit card (automatic),29.53,1364.35,No
4426-87361,Male,0,No,Yes,41,Yes,Yes,No,No internet service,No internet service,No internet service,No internet service,No internet service,No internet service,Month-to-month,Yes,Credit card (automatic),28.1,1130.36,No
6636-50301,Male,0,Yes,No,30,Yes,No,Fiber optic,No,Yes,No,No,Yes,No,Two year,No,Electronic check,102.82,3169.71,No
4082-80437,Female,0,No,No,4,Yes,No,No,No internet service,No internet service,No internet service,No internet service,No internet service,No internet service,Month-to-month,Yes,Bank transfer (automatic),26.64,103.06,No
7230-73564,Female,1,No,No,26,Yes,Yes,Fiber optic,No,No,No,No,Yes,Yes,Month-to-month,Yes,Mailed check,92.29,2490.19,Yes
6427-28913,Male,0,Yes,No,25,Yes,Yes,DSL,Yes,Yes,No,No,Yes,No,Two year,No,Mailed check,87.27,2150.19,No
4629-95416,Female,0,Yes,No,15,Yes,Yes,Fiber optic,No,No,No,No,Yes,No,Month-to-month,No,Mailed check,83.57,1273.94,Yes
6043-37700,Male,0,Yes,No,45,Yes,No,DSL,No,Yes,No,No,Yes,Yes,Month-to-month,No,Mailed check,68.94,3211.48,Yes
7055-69432,Male,0,Yes,No,33,Yes,No,DSL,No,Yes,No,No,Yes,Yes,Month-to-month,No,Bank transfer (automatic),57.7,1882.81,No
8954-53733,Female,0,No,No,72,Yes,Yes,DSL,Yes,Yes,No,Yes,No,No,Two year,No,Electronic check,71.38,5310.13,No
2924-54556,Male,0,Yes,No,3,Yes,Yes,Fiber optic,No,No,No,No,No,Yes,Month-to-month,No,Mailed check,88.82,273.58,Yes
1726-95778,Female,0,No,No,30,Yes,Yes,Fiber optic,No,No,Yes,Yes,Yes,No,Month-to-month,Yes,Electronic check,93.92,2771.16,Yes
4706-30411,Male,0,Yes,No,8,Yes,No,No,No internet service,No internet service,No internet service,No internet service,No internet service,No internet service,Month-to-month,Yes,Credit card (automatic),21.61,166.03,No
4774-62586,Female,0,No,No,59,Yes,No,No,No internet service,No internet service,No internet service,No internet service,No internet service,No internet service,One year,Yes,Mailed check,19.24,1165.16,No
9116-88008,Male,0,No,No,27,No,No phone service,DSL,No,No,No,No,No,No,Month-to-month,Yes,Mailed check,54.08,1484.58,No
9434-33124,Female,0,No,Yes,46,Yes,No,Fiber optic,No,Yes,No,Yes,No,Yes,One year,Yes,Mailed check,85.06,3771.52,No
5675-60210,Male,0,No,No,12,Yes,Yes,No,No internet service,No internet service,No internet service,No internet service,No internet service,No internet service,Month-to-month,Yes,Electronic check,33.31,385.31,Yes
7229-75725,Female,0,Yes,No,44,Yes,No,Fiber optic,No,No,No,No,No,Yes,Two year,No,Mailed check,83.6,3536.44,No
5679-72645,Male,1,No,No,35,Yes,No,DSL,No,No,Yes,No,Yes,No,One year,No,Electronic check,62.56,2247.89,No
9424-62858,Male,0,No,No,49,Yes,No,No,No internet service,No internet service,No internet service,No internet service,No internet service,No internet service,One year,Yes,Credit card (automatic),20.76,978.26,No
7938-38747,Male,1,Yes,No,37,Yes,No,Fiber optic,Yes,No,No,Yes,No,Yes,Month-to-month,Yes,Bank transfer (automatic),88.67,3323.74,Yes
6237-71730,Female,0,No,No,23,Yes,No,Fiber optic,No,Yes,No,No,Yes,Yes,Month-to-month,No,Mailed check,98.75,2197.69,Yes
8399-82919,Male,0,Yes,No,21,Yes,No,DSL,No,No,No,No,Yes,No,Month-to-month,Yes,Mailed check,60.02,1285.58,No
2823-69308,Female,0,No,No,43,Yes,No,No,No internet service,No internet service,No internet service,No internet service,No internet service,No internet service,Month-to-month,No,Credit card (automatic),29.38,1236.13,No
8334-74155,Female,0,Yes,No,22,Yes,No,No,No internet service,No internet service,No internet service,No internet service,No internet service,No internet service,Month-to-month,No,Electronic check,19.78,432.45,No
1883-84039,Female,0,No,Yes,64,Yes,Yes,No,No internet service,No internet service,No internet service,No internet service,No internet service,No internet service,Month-to-month,No,Electronic check,26.04,1717.57,No
6979-13751,Female,0,Yes,No,25,Yes,No,DSL,Yes,No,No,No,No,No,Month-to-month,Yes,Electronic check,50.71,1219.78,No
9175-15274,Male,0,Yes,No,40,Yes,No,DSL,No,Yes,No,No,Yes,No,Month-to-month,No,Bank transfer (automatic),67.71,2626.19,Yes
3965-22323,Female,0,Yes,No,3,Yes,No,No,No internet service,No internet service,No internet service,No internet service,No internet service,No internet service,Month-to-month,Yes,Credit card (automatic),19.91,58.49,No
1874-58886,Female,0,No,No,14,Yes,No,No,No internet service,No internet service,No internet service,No internet service,No internet service,No internet service,Month-to-month,Yes,Bank transfer (automatic),29.32,396.22,No
4725-80019,Male,0,Yes,Yes,60,Yes,No,No,No internet service,No internet service,No internet service,No internet service,No internet service,No internet service,Two year,Yes,Electronic check,21.35,1304.13,No
5412-51101,Male,0,No,No,29,Yes,Yes,Fiber optic,No,No,No,No,Yes,No,Month-to-month,Yes,Credit card (automatic),87.19,2529.43,Yes
1573-54180,Female,0,No,No,20,Yes,No,DSL,No,No,No,No,No,Yes,Two year,Yes,Mailed check,73.66,1492.24,No
7356-17224,Male,1,No,No,12,Yes,No,Fiber optic,Yes,No,No,No,Yes,Yes,Month-to-month,No,Bank transfer (automatic),95.07,1149.55,Yes
9421-41089,Female,1,Yes,No,58,Yes,Yes,DSL,No,No,No,No,No,Yes,Two year,No,Bank transfer (automatic),53.19,3021.73,No
3707-35666,Male,0,No,No,37,Yes,Yes,Fiber optic,No,No,Yes,Yes,No,No,Month-to-month,Yes,Bank transfer (automatic),113.91,4356.38,No
4017-83909,Male,0,No,No,35,Yes,Yes,DSL,Yes,No,No,No,No,No,Month-to-month,No,Mailed check,55.03,1902.47,No
6877-80886,Female,0,Yes,No,47,Yes,No,Fiber optic,No,No,No,No,No,No,One year,Yes,Electronic check,98.79,4631.64,No
5878-21896,Male,0,Yes,No,13,Yes,No,Fiber optic,No,Yes,Yes,No,Yes,No,Month-to-month,Yes,Electronic check,103.5,1323.99,Yes
2928-94576,Female,1,No,Yes,39,Yes,No,No,No internet service,No internet service,No internet service,No internet service,No internet service,No internet service,Month-to-month,Yes,Credit card (automatic),28.8,1092.1,No
4661-59812,Female,0,Yes,Yes,42,Yes,No,DSL,No,No,No,No,No,Yes,Month-to-month,No,Electronic check,46.85,1969.54,No
2252-66217,Male,0,Yes,No,34,No,No phone service,No,No internet service,No internet service,No internet service,No internet service,No internet service,No internet service,Two year,Yes,Credit card (automatic),19.7,647.41,No
3211-39085,Male,0,Yes,No,55,Yes,Yes,DSL,Yes,No,No,No,No,Yes,Two year,Yes,Electronic check,74.52,4181.58,No
8989-43091,Female,0,No,No,64,Yes,No,No,No internet service,No internet service,No internet service,No internet service,No internet service,No internet service,Month-to-month,No,Mailed check,21.65,1373.08,No
4980-47964,Female,1,No,No,51,Yes,No,Fiber optic,No,No,Yes,No,Yes,Yes,Two year,No,Bank transfer (automatic),83.43,4377.23,No
5935-25720,Male,0,No,Yes,30,Yes,No,DSL,No,No,No,Yes,No,No,Month-to-month,Yes,Bank transfer (automatic),69.06,1991.5,No
4125-71124,Female,0,No,No,46,Yes,Yes,No,No internet service,No internet service,No internet service,No internet service,No internet service,No internet service,Month-to-month,Yes,Credit card (automatic),29.78,1375.4,No
7879-47004,Male,0,Yes,No,25,Yes,No,DSL,No,No,No,No,No,Yes,Month-to-month,Yes,Credit card (automatic),48.96,1238.17,No
1795-52379,Male,1,Yes,Yes,10,Yes,No,Fiber optic,No,Yes,No,No,No,No,Month-to-month,No,Bank transfer (automatic),107.62,1058.23,Yes
5949-63440,Female,0,Yes,No,15,Yes,No,No,No internet service,No internet service,No internet service,No internet service,No internet service,No internet service,Two year,Yes,Electronic check,24.05,349.96,No
6144-68642,Male,0,Yes,No,65,Yes,No,Fiber optic,No,Yes,No,No,Yes,Yes,Two year,Yes,Electronic check,111.32,7137.73,No
8349-36698,Female,1,Yes,No,29,Yes,Yes,Fiber optic,No,No,Yes,No,Yes,Yes,Two year,Yes,Credit card (automatic),93.71,2713.87,No
8991-86366,Female,0,No,No,49,Yes,Yes,Fiber optic,No,No,No,Yes,Yes,No,One year,Yes,Mailed check,89.19,4274.2,No
2492-32820,Female,1,Yes,No,43,Yes,No,DSL,Yes,No,Yes,No,No,Yes,Month-to-month,Yes,Credit card (automatic),58.97,2622.8,No
9645-54457,Female,0,Yes,Yes,15,No,No phone service,Fiber optic,No,Yes,Yes,No,No,No,One year,Yes,Bank transfer (automatic),114.34,1699.75,No
9981-19303,Male,0,Yes,No,1,Yes,Yes,No,No internet service,No internet service,No internet service,No internet service,No internet service,No internet service,Month-to-month,Yes,Bank transfer (automatic),25.2,24.91,No
6762-31473,Male,0,Yes,Yes,34,Yes,No,Fiber optic,No,Yes,No,No,No,Yes,Two year,Yes,Mailed check,103.08,3557.3,No
1181-77753,Female,0,Yes,No,45,No,No phone service,DSL,Yes,No,No,No,No,No,Month-to-month,No,Bank transfer (automatic),49.91,2332.14,No
1471-57489,Female,0,Yes,No,60,Yes,Yes,DSL,No,Yes,No,No,No,No,Two year,Yes,Electronic check,48.93,2923.52,No
9385-36507,Male,0,Yes,No,44,Yes,No,Fiber optic,No,Yes,Yes,No,No,No,One year,Yes,Credit card (automatic),79.81,3642.83,No
8300-18332,Female,0,No,No,45,Yes,No,No,No internet service,No internet service,No internet service,No internet service,No internet service,No internet service,Month-to-month,Yes,Credit card (automatic),26.77,1174.7,No
4161-78821,Male,0,No,No,28,Yes,No,No,No internet service,No internet service,No internet service,No internet service,No internet service,No internet service,Month-to-month,No,Bank transfer (automatic),23.28,661.25,No
3145-50656,Female,0,No,No,45,Yes,No,Fiber optic,Yes,Yes,No,No,Yes,Yes,Month-to-month,Yes,Credit card (automatic),107.61,4903.59,Yes
5593-94860,Male,0,No,No,31,Yes,No,Fiber optic,No,No,No,No,Yes,Yes,Month-to-month,Yes,Mailed check,99.12,3087.99,Yes
7965-56743,Female,0,No,Yes,65,Yes,Yes,Fiber optic,No,No,No,No,No,No,Two year,No,Credit card (automatic),106.24,6953.71,No
5527-35524,Male,1,No,Yes,29,Yes,No,Fiber optic,No,Yes,No,Yes,Yes,No,Month-to-month,No,Electronic check,92.97,2617.64,Yes
8634-47171,Male,1,No,No,5,Yes,No,DSL,No,No,No,Yes,Yes,No,Month-to-month,Yes,Bank transfer (automatic),68.97,358.34,No
1526-79592,Female,0,No,No,8,Yes,Yes,Fiber optic,No,No,No,No,No,Yes,Month-to-month,No,Credit card (automatic),106.28,835.04,Yes
8410-32583,Male,0,Yes,Yes,34,Yes,Yes,Fiber optic,No,No,No,No,No,No,Month-to-month,Yes,Bank transfer (automatic),75.51,2637.09,Yes
2033-49932,Male,0,Yes,No,34,Yes,Yes,No,No internet service,No internet service,No internet service,No internet service,No internet service,No internet service,Month-to-month,No,Electronic check,24.07,844.94,No
7875-70567,Female,0,Yes,Yes,66,Yes,No,Fiber optic,No,Yes,Yes,Yes,No,Yes,Two year,Yes,Electronic check,102.83,7011.05,No
2984-96587,Male,0,Yes,No,14,Yes,Yes,Fiber optic,No,No,No,No,No,No,One year,Yes,Electronic check,110.9,1519.53,Yes
7299-98614,Male,0,No,No,39,Yes,No,Fiber optic,No,No,No,Yes,No,Yes,Two year,Yes,Electronic check,99.83,3790.61,Yes
9143-26210,Male,0,Yes,Yes,30,Yes,No,No,No internet service,No internet service,No internet service,No internet service,No internet service,No internet service,Month-to-month,No,Credit card (automatic),26.85,801.13,No
7713-37585,Female,0,No,Yes,10,Yes,No,DSL,Yes,Yes,No,No,Yes,No,Month-to-month,No,Credit card (automatic),70.02,675.18,Yes
3036-89758,Female,0,No,No,41,Yes,No,Fiber optic,No,No,No,No,No,No,Month-to-month,Yes,Bank transfer (automatic),83.4,3379.17,Yes
3023-28890,Female,0,No,No,4,Yes,No,No,No internet service,No internet service,No internet service,No internet service,No internet service,No internet service,Month-to-month,Yes,Credit card (automatic),20.56,80.22,No
3033-50254,Male,0,Yes,No,6,Yes,No,Fiber optic,No,No,No,No,No,Yes,Month-to-month,Yes,Bank transfer (automatic),101.17,628.98,No
1961-20057,Male,0,Yes,Yes,10,Yes,No,No,No internet service,No internet service,No internet service,No internet service,No internet service,No internet service,Month-to-month,Yes,Electronic check,27.39,284.03,No
1715-76894,Male,0,Yes,No,20,Yes,No,No,No internet service,No internet service,No internet service,No internet service,No internet service,No internet service,One year,Yes,Credit card (automatic),29.5,585.5,No
2927-46345,Female,0,No,No,48,Yes,Yes,Fiber optic,No,Yes,No,No,Yes,No,Month-to-month,No,Credit card (automatic),103.65,5168.23,No
2453-99949,Male,0,No,No,43,Yes,Yes,DSL,No,No,No,No,No,No,One year,No,Electronic check,64.09,2660.84,No
9137-59682,Male,0,No,No,31,Yes,No,Fiber optic,No,No,No,No,No,No,One year,No,Credit card (automatic),93.27,2953.18,No
8789-52380,Female,0,No,Yes,48,Yes,No,Fiber optic,No,No,No,No,Yes,Yes,One year,Yes,Credit card (automatic),100.59,4675.43,Yes
8446-44619,Female,0,No,No,38,Yes,No,Fiber optic,No,Yes,No,No,No,Yes,Month-to-month,Yes,Bank transfer (automatic),112.16,4169.53,Yes
4412-60674,Female,0,No,No,44,Yes,No,Fiber optic,No,Yes,No,No,No,No,One year,No,Bank transfer (automatic),79.2,3421.38,No
7144-58619,Male,0,Yes,No,8,Yes,No,Fiber optic,No,No,No,No,Yes,No,Month-to-month,No,Credit card (automatic),100.39,776.76,No
3783-37758,Female,0,Yes,No,15,Yes,Yes,DSL,Yes,Yes,No,No,Yes,No,Month-to-month,Yes,Mailed check,59.92,919.38,No
6461-94344,Female,0,Yes,Yes,44,No,No phone service,Fiber optic,No,No,No,Yes,No,Yes,Month-to-month,Yes,Mailed check,97.47,4438.33,No
9987-87115,Male,0,No,Yes,22,Yes,Yes,No,No internet service,No internet service,No internet service,No internet service,No internet service,No internet service,Month-to-month,Yes,Electronic check,28.45,621.27,No
6555-17670,Female,1,No,Yes,13,Yes,Yes,Fiber optic,No,No,No,No,Yes,No,Month-to-month,No,Electronic check,92.89,1194.23,Yes
5342-37048,Female,0,No,No,45,Yes,No,DSL,No,No,Yes,No,No,No,One year,Yes,Mailed check,68.11,2999.34,No
7820-19163,Male,0,No,Yes,33,Yes,Yes,Fiber optic,No,Yes,No,No,Yes,Yes,Two year,Yes,Bank transfer (automatic),118.63,3766.33,No
9330-53213,Female,1,No,Yes,16,Yes,Yes,DSL,No,No,No,No,Yes,Yes,Month-to-month,Yes,Bank transfer (automatic),75.15,1164.44,No
5595-82146,Female,0,Yes,Yes,38,Yes,Yes,DSL,Yes,No,Yes,No,Yes,No,Month-to-month,Yes,Credit card (automatic),69.51,2554.29,No
7002-81903,Female,0,Yes,Yes,46,No,No phone service,DSL,No,Yes,No,No,No,No,Month-to-month,No,Credit card (automatic),70.88,3376.26,No
7991-83971,Female,0,No,No,61,Yes,No,Fiber optic,No,No,No,No,No,Yes,Two year,Yes,Bank transfer (automatic),103.95,6520.86,No
2666-32320,Female,0,No,No,27,Yes,No,DSL,Yes,Yes,No,No,No,Yes,Month-to-month,Yes,Electronic check,53.83,1478.92,No
3880-94046,Female,0,No,No,26,Yes,Yes,DSL,No,No,No,No,Yes,Yes,Month-to-month,No,Mailed check,71.92,1879.46,Yes
7306-94755,Male,1,Yes,No,39,Yes,Yes,DSL,No,No,No,No,No,No,Month-to-month,Yes,Electronic check,63.87,2579.69,Yes
7542-36371,Female,1,No,No,27,Yes,Yes,No,No internet service,No internet service,No internet service,No internet service,No internet service,No internet service,Two year,Yes,Electronic check,26.0,696.96,No
5519-46662,Female,0,No,No,14,Yes,No,DSL,No,Yes,No,No,No,No,Month-to-month,Yes,Mailed check,45.39,640.85,No
8278-83999,Female,0,No,Yes,24,Yes,No,Fiber optic,Yes,No,No,No,Yes,Yes,Month-to-month,Yes,Bank transfer (automatic),86.91,2076.85,Yes
7065-42795,Male,0,Yes,Yes,63,Yes,Yes,DSL,No,Yes,No,No,Yes,Yes,Month-to-month,Yes,Bank transfer (automatic),79.46,5175.58,No
5335-40895,Male,0,No,No,9,Yes,No,No,No internet service,No internet service,No internet service,No internet service,No internet service,No internet service,One year,No,Mailed check,23.6,208.45,No
8715-62788,Female,0,No,No,17,Yes,Yes,DSL,Yes,No,No,Yes,Yes,Yes,Month-to-month,No,Credit card (automatic),85.52,1476.47,No
1075-85182,Female,0,No,No,51,Yes,No,Fiber optic,No,No,No,No,No,No,Two year,Yes,Bank transfer (automatic),83.05,4284.76,Yes
5260-26984,Female,0,No,Yes,26,Yes,No,DSL,Yes,No,Yes,No,Yes,Yes,Two year,Yes,Electronic check,71.66,1845.8,No
9055-84198,Male,0,No,Yes,49,Yes,No,Fiber optic,No,No,No,No,Yes,No,Month-to-month,Yes,Mailed check,96.7,4796.88,Yes
3970-82165,Male,0,No,Yes,24,Yes,No,DSL,No,No,No,No,No,No,Two year,No,Bank transfer (automatic),41.19,989.73,No
6852-94081,Female,0,No,No,45,Yes,No,DSL,No,No,No,Yes,No,No,Two year,Yes,Credit card (automatic),68.46,2964.17,No
6305-25797,Male,0,Yes,No,24,No,No phone service,Fiber optic,No,No,No,No,Yes,No,Month-to-month,No,Electronic check,87.6,2142.39,Yes
6253-71552,Female,1,Yes,Yes,64,Yes,Yes,No,No internet service,No internet service,No internet service,No internet service,No internet service,No internet service,Two year,Yes,Credit card (automatic),28.24,1764.51,No
2264-75635,Male,0,Yes,Yes,35,Yes,No,No,No internet service,No internet service,No internet service,No internet service,No internet service,No internet service,Month-to-month,Yes,Mailed check,26.31,940.64,No
8788-12761,Male,0,No,Yes,35,Yes,No,No,No internet service,No internet service,No internet service,No internet service,No internet service,No internet service,Month-to-month,Yes,Bank transfer (automatic),25.3,866.37,No
2692-35947,Female,0,Yes,Yes,19,Yes,Yes,Fiber optic,No,No,No,Yes,Yes,No,Month-to-month,No,Mailed check,95.45,1807.03,Yes
5170-90514,Male,0,Yes,No,29,Yes,No,Fiber optic,No,Yes,No,No,No,Yes,Two year,Yes,Electronic check,85.9,2446.4,No
6832-27769,Female,1,No,No,56,Yes,Yes,No,No internet service,No internet service,No internet service,No internet service,No internet service,No internet service,Two year,Yes,Electronic check,30.38,1649.49,No
1649-95169,Female,1,No,No,19,Yes,Yes,DSL,No,Yes,No,No,No,Yes,Month-to-month,Yes,Bank transfer (automatic),60.02,1097.72,Yes
2685-53730,Female,0,Yes,No,7,Yes,Yes,DSL,No,No,No,No,No,No,One year,Yes,Credit card (automatic),68.27,494.33,Yes
9235-18644,Male,0,Yes,No,15,Yes,No,DSL,Yes,No,Yes,Yes,No,No,One year,No,Credit card (automatic),66.36,965.38,No
1414-61065,Male,0,No,No,13,Yes,Yes,No,No internet service,No internet service,No internet service,No internet service,No internet service,No internet service,Two year,Yes,Credit card (automatic),31.6,410.52,No
3430-34837,Female,0,Yes,No,18,Yes,No,No,No internet service,No internet service,No internet service,No internet service,No internet service,No internet service,Month-to-month,No,Bank transfer (automatic),25.32,440.51,No
1181-80553,Male,0,Yes,No,27,Yes,Yes,DSL,No,No,No,No,No,No,Month-to-month,Yes,Bank transfer (automatic),66.48,1849.17,No
1349-16784,Male,0,Yes,No,2,Yes,Yes,Fiber optic,No,No,No,Yes,No,Yes,Month-to-month,No,Electronic check,90.52,181.92,Yes
8802-28628,Male,0,Yes,Yes,18,Yes,No,Fiber optic,Yes,No,No,No,Yes,No,Month-to-month,No,Credit card (automatic),103.95,1834.43,Yes
1378-93649,Female,0,No,Yes,38,No,No phone service,Fiber optic,No,Yes,No,No,Yes,No,Month-to-month,No,Credit card (automatic),116.85,4604.61,Yes
8117-11237,Male,0,Yes,No,16,Yes,No,DSL,Yes,Yes,No,No,Yes,No,Month-to-month,Yes,Mailed check,66.41,1055.2,Yes
5933-65540,Male,0,No,No,26,Yes,No,Fiber optic,No,No,No,No,No,No,Month-to-month,Yes,Electronic check,69.42,1771.92,Yes
2433-69731,Female,0,Yes,Yes,54,No,No phone service,DSL,Yes,No,Yes,Yes,Yes,No,Two year,Yes,Bank transfer (automatic),70.58,3915.6,No
1093-70460,Male,0,Yes,No,14,Yes,No,DSL,No,No,No,Yes,No,Yes,Month-to-month,Yes,Electronic check,62.8,899.83,No
1786-40164,Female,0,Yes,No,47,Yes,Yes,Fiber optic,No,No,No,No,No,No,Month-to-month,Yes,Credit card (automatic),105.29,4882.16,Yes
8613-34109,Female,0,No,No,22,Yes,Yes,DSL,No,No,Yes,No,No,No,One year,Yes,Credit card (automatic),77.33,1665.4,No
5106-92757,Female,0,Yes,No,11,Yes,No,Fiber optic,No,No,Yes,No,Yes,No,Month-to-month,No,Credit card (automatic),96.63,1104.83,No
7849-89788,Female,0,Yes,Yes,50,Yes,Yes,DSL,No,Yes,No,No,No,No,One year,Yes,Bank transfer (automatic),55.84,2832.14,No
2242-60037,Male,0,Yes,No,35,No,No phone service,No,No internet service,No internet service,No internet service,No internet service,No internet service,No internet service,Two year,Yes,Electronic check,29.02,1020.31,No
8591-99104,Male,1,No,Yes,38,Yes,Yes,Fiber optic,Yes,No,No,No,No,No,Month-to-month,No,Credit card (automatic),86.06,3289.57,Yes
2893-33771,Male,0,Yes,No,38,No,No phone service,Fiber optic,No,No,No,No,Yes,No,Month-to-month,Yes,Electronic check,111.07,4080.06,Yes
6465-58718,Male,0,No,No,20,Yes,Yes,DSL,No,Yes,Yes,No,No,No,Month-to-month,No,Bank transfer (automatic),61.53,1267.6,Yes
6848-92875,Female,0,No,Yes,49,Yes,Yes,DSL,No,Yes,Yes,No,No,No,Month-to-month,Yes,Bank transfer (automatic),63.79,3132.72,Yes
4498-30415,Female,0,No,No,3,No,No phone service,DSL,No,No,Yes,No,No,No,One year,Yes,Mailed check,49.46,151.0,No
4945-46652,Female,0,No,No,49,Yes,No,Fiber optic,No,Yes,No,No,No,Yes,Month-to-month,Yes,Mailed check,80.69,3850.29,No
1471-85286,Female,0,Yes,No,1,Yes,No,DSL,No,No,No,Yes,No,Yes,Month-to-month,Yes,Bank transfer (automatic),73.23,76.0,Yes
8140-95600,Female,0,No,No,28,Yes,No,Fiber optic,No,No,No,No,No,Yes,Month-to-month,Yes,Credit card (automatic),107.36,3002.4,Yes
2031-10088,Male,0,No,Yes,9,Yes,No,Fiber optic,No,Yes,No,No,No,Yes,Month-to-month,Yes,Electronic check,81.88,749.84,Yes
5808-33458,Male,0,Yes,No,49,Yes,Yes,No,No internet service,No internet service,No internet service,No internet service,No internet service,No internet service,Month-to-month,Yes,Electronic check,30.68,1469.51,No
5341-12545,Female,0,No,Yes,48,Yes,No,Fiber optic,No,No,Yes,No,Yes,Yes,Month-to-month,Yes,Credit card (automatic),116.01,5644.51,Yes
5397-61810,Male,0,Yes,Yes,21,Yes,Yes,Fiber optic,No,No,No,No,No,Yes,Month-to-month,No,Electronic check,93.41,1899.8,Yes
8436-26217,Female,0,No,No,33,Yes,No,No,No internet service,No internet service,No internet service,No internet service,No internet service,No internet service,One year,No,Mailed check,26.59,910.12,No
8603-67439,Female,0,No,No,16,Yes,Yes,Fiber optic,Yes,No,No,No,No,No,Two year,No,Credit card (automatic),84.95,1373.74,No
8385-77263,Female,0,No,No,48,Yes,No,DSL,Yes,Yes,No,Yes,Yes,No,One year,Yes,Bank transfer (automatic),64.69,3026.86,No
8632-29519,Female,0,Yes,No,17,No,No phone service,DSL,No,No,No,No,No,No,Month-to-month,Yes,Bank transfer (automatic),58.43,1018.65,No
6508-58657,Female,0,No,No,40,Yes,No,DSL,No,No,Yes,No,Yes,No,Month-to-month,Yes,Credit card (automatic),62.06,2552.62,No
8906-16933,Female,0,No,No,22,No,No phone service,Fiber optic,No,No,No,No,Yes,Yes,One year,Yes,Mailed check,99.51,2168.68,No
4056-95796,Female,0,Yes,Yes,19,Yes,Yes,DSL,Yes,No,Yes,No,Yes,No,One year,No,Electronic check,57.03,1119.63,No
4978-71148,Male,0,No,No,45,Yes,Yes,Fiber optic,Yes,No,Yes,No,Yes,No,Two year,Yes,Mailed check,119.0,5562.65,No
8192-67688,Male,0,No,No,19,No,No phone service,DSL,Yes,No,No,Yes,Yes,Yes,Month-to-month,No,Credit card (automatic),84.82,1617.34,No
2736-82915,Female,0,No,No,36,Yes,Yes,Fiber optic,No,Yes,No,No,Yes,Yes,Month-to-month,No,Electronic check,116.54,4220.81,No
5813-84130,Female,0,No,No,33,Yes,No,Fiber optic,No,No,No,Yes,Yes,No,Month-to-month,No,Credit card (automatic),90.24,2875.49,No
3814-32052,Female,0,Yes,No,26,Yes,No,DSL,No,No,Yes,No,Yes,Yes,Two year,No,Mailed check,83.32,2180.32,Yes
4671-61086,Female,1,Yes,No,13,Yes,No,DSL,No,No,Yes,Yes,Yes,No,One year,No,Mailed check,75.75,957.9,No
2721-37025,Female,0,Yes,No,50,Yes,Yes,No,No internet service,No internet service,No internet service,No internet service,No internet service,No internet service,Two year,No,Electronic check,28.91,1473.71,No
5430-65674,Female,0,Yes,No,26,Yes,No,Fiber optic,No,Yes,No,No,Yes,Yes,One year,No,Electronic check,113.36,2929.62,Yes
9450-36470,Female,0,Yes,No,14,Yes,Yes,No,No internet service,No internet service,No internet service,No internet service,No internet service,No internet service,Two year,Yes,Electronic check,32.4,454.08,No
1859-67774,Male,0,No,No,14,Yes,Yes,DSL,Yes,Yes,No,No,Yes,No,Month-to-month,No,Credit card (automatic),89.69,1295.08,No
2065-76453,Male,0,Yes,No,32,Yes,No,Fiber optic,No,No,Yes,No,Yes,Yes,Two year,No,Credit card (automatic),108.66,3510.33,No
1966-31177,Male,0,No,Yes,26,Yes,No,DSL,Yes,No,No,No,No,No,Two year,Yes,Credit card (automatic),52.25,1358.39,No
2165-83359,Male,0,Yes,No,31,Yes,Yes,Fiber optic,Yes,Yes,No,Yes,Yes,Yes,Two year,Yes,Credit card (automatic),94.03,2835.59,No
7344-26322,Female,1,Yes,No,12,Yes,Yes,Fiber optic,No,Yes,No,No,Yes,Yes,Two year,No,Mailed check,113.68,1414.66,No
2533-43937,Male,0,No,Yes,17,Yes,No,DSL,No,No,Yes,No,No,Yes,Month-to-month,Yes,Mailed check,52.68,882.51,Yes
5424-16168,Male,0,No,Yes,37,Yes,Yes,Fiber optic,No,No,No,No,Yes,Yes,One year,No,Mailed check,119.0,4570.35,Yes
6471-34888,Male,0,Yes,No,35,Yes,Yes,DSL,No,No,No,No,No,Yes,One year,No,Mailed check,63.29,2288.02,No
6970-81050,Female,1,No,Yes,29,No,No phone service,DSL,No,Yes,Yes,No,No,Yes,Two year,Yes,Electronic check,68.03,1895.62,No
9226-18543,Female,1,No,No,17,Yes,Yes,Fiber optic,No,No,No,No,Yes,No,Two year,Yes,Mailed check,100.39,1674.27,No
4245-16786,Male,0,Yes,Yes,52,Yes,No,DSL,No,Yes,No,No,No,Yes,One year,Yes,Electronic check,51.06,2587.52,No
8684-29061,Female,1,No,Yes,46,Yes,No,Fiber optic,Yes,Yes,No,No,Yes,Yes,Month-to-month,No,Bank transfer (automatic),110.1,5084.23,Yes
9749-95408,Female,1,No,Yes,50,No,No phone service,Fiber optic,No,No,No,No,Yes,Yes,Two year,Yes,Credit card (automatic),111.65,5419.78,Yes
3407-40711,Female,0,Yes,No,40,Yes,No,Fiber optic,No,Yes,No,No,No,Yes,Two year,Yes,Bank transfer (automatic),83.05,3309.65,No
1646-96661,Female,1,No,No,1,Yes,No,DSL,Yes,No,No,No,Yes,No,One year,No,Bank transfer (automatic),51.77,53.05,No
6334-53356,Female,0,No,No,24,Yes,Yes,DSL,Yes,No,Yes,No,No,No,Month-to-month,Yes,Credit card (automatic),80.49,1984.83,No
7796-40957,Male,0,Yes,No,29,Yes,Yes,Fiber optic,Yes,Yes,No,No,No,No,Two year,Yes,Credit card (automatic),98.31,2908.95,No
8371-95494,Female,0,No,No,49,No,No phone service,No,No internet service,No internet service,No internet service,No internet service,No internet service,No internet service,Two year,Yes,Credit card (automatic),27.21,1333.42,No
5281-94117,Male,0,Yes,Yes,20,Yes,Yes,No,No internet service,No internet service,No internet service,No internet service,No internet service,No internet service,Month-to-month,No,Bank transfer (automatic),33.87,682.86,No
7811-97656,Male,0,Yes,Yes,18,Yes,No,Fiber optic,No,No,No,No,No,Yes,One year,No,Mailed check,74.17,1360.02,No
1767-23406,Female,0,Yes,No,22,Yes,No,Fiber optic,Yes,Yes,Yes,No,Yes,No,One year,Yes,Electronic check,116.95,2530.1,No
8423-36314,Female,1,Yes,Yes,24,Yes,No,Fiber optic,No,No,No,No,Yes,Yes,One year,Yes,Credit card (automatic),118.55,2760.78,Yes
8375-65508,Female,0,Yes,No,45,Yes,No,No,No internet service,No internet service,No internet service,No internet service,No internet service,No internet service,Month-to-month,No,Bank transfer (automatic),20.06,879.1,No
9350-15617,Male,1,Yes,No,28,Yes,No,Fiber optic,No,No,Yes,No,No,Yes,Month-to-month,Yes,Electronic check,93.61,2596.99,Yes
6154-91795,Male,0,No,No,67,No,No phone service,Fiber optic,No,No,No,No,Yes,No,Two year,No,Electronic check,99.16,6389.24,Yes
1986-38468,Male,0,Yes,No,45,No,No phone service,DSL,No,No,No,No,No,No,Two year,Yes,Credit card (automatic),68.87,3187.76,No
3428-77555,Female,0,Yes,No,28,Yes,No,No,No internet service,No internet service,No internet service,No internet service,No internet service,No internet service,Month-to-month,Yes,Electronic check,29.48,836.47,No
3300-46035,Female,0,No,No,29,Yes,No,Fiber optic,No,No,No,No,No,No,Two year,No,Electronic check,95.85,2750.51,No
8710-23090,Female,0,Yes,No,47,No,No phone service,Fiber optic,No,No,Yes,No,No,Yes,Month-to-month,No,Bank transfer (automatic),87.12,4046.0,No
8877-70226,Female,0,No,No,33,No,No phone service,DSL,No,Yes,Yes,No,Yes,No,Month-to-month,Yes,Bank transfer (automatic),60.54,1985.96,No
1316-58759,Male,0,No,No,44,Yes,No,DSL,No,No,No,Yes,Yes,Yes,One year,No,Bank transfer (automatic),71.66,3151.75,No
8345-76243,Male,0,Yes,No,33,Yes,Yes,Fiber optic,No,No,No,Yes,No,No,Month-to-month,No,Bank transfer (automatic),114.72,3748.63,Yes
9276-45012,Male,0,Yes,No,10,Yes,No,No,No internet service,No internet service,No internet service,No internet service,No internet service,No internet service,Month-to-month,Yes,Credit card (automatic),29.04,301.62,No
6015-72020,Male,1,No,No,36,Yes,Yes,Fiber optic,No,No,Yes,No,No,No,Two year,Yes,Mailed check,114.46,3967.18,No
7554-94643,Male,0,Yes,No,41,Yes,Yes,Fiber optic,No,No,No,No,Yes,Yes,Month-to-month,No,Electronic check,83.9,3490.67,No
5990-11554,Male,0,No,Yes,13,Yes,Yes,DSL,No,No,No,No,No,No,Month-to-month,Yes,Credit card (automatic),63.21,827.72,No
9088-91189,Male,0,No,No,49,Yes,Yes,DSL,No,No,No,No,No,Yes,Month-to-month,No,Mailed check,55.1,2675.53,No
5218-97193,Female,1,No,No,7,Yes,No,Fiber optic,No,No,No,Yes,No,Yes,One year,Yes,Electronic check,90.53,609.72,Yes
3927-76177,Male,0,Yes,No,18,No,No phone service,No,No internet service,No internet service,No internet service,No internet service,No internet service,No internet service,One year,Yes,Credit card (automatic),22.26,408.12,No
6833-41556,Male,0,No,Yes,44,Yes,No,Fiber optic,No,Yes,No,Yes,No,No,Month-to-month,Yes,Bank transfer (automatic),110.36,4673.47,No
5074-69972,Male,0,Yes,No,19,Yes,Yes,DSL,Yes,No,No,No,No,No,Month-to-month,Yes,Credit card (automatic),64.99,1256.3,No
2563-57752,Male,0,No,No,45,No,No phone service,Fiber optic,No,No,No,No,No,Yes,Month-to-month,Yes,Bank transfer (automatic),73.4,3344.04,Yes
1661-59056,Female,0,No,No,4,Yes,No,Fiber optic,No,Yes,No,No,No,Yes,One year,Yes,Bank transfer (automatic),101.26,398.01,Yes
7040-52945,Male,0,Yes,No,60,Yes,Yes,Fiber optic,No,Yes,No,No,Yes,No,Two year,No,Bank transfer (automatic),100.67,5885.92,No
6229-80127,Male,0,Yes,No,35,Yes,No,Fiber optic,Yes,Yes,No,Yes,Yes,No,Month-to-month,Yes,Credit card (automatic),108.54,3811.05,No
4430-53485,Male,0,Yes,No,18,Yes,Yes,No,No internet service,No internet service,No internet service,No internet service,No internet service,No internet service,Two year,No,Mailed check,33.27,589.53,No
2675-72907,Female,0,No,Yes,31,Yes,No,Fiber optic,No,No,No,No,No,Yes,Two year,Yes,Electronic check,106.38,3376.33,No
2489-13146,Female,1,Yes,No,40,No,No phone service,DSL,Yes,Yes,No,Yes,No,Yes,Month-to-month,Yes,Electronic check,83.15,3254.97,No
5247-19467,Male,0,No,No,23,No,No phone service,DSL,Yes,No,Yes,No,No,No,Month-to-month,Yes,Electronic check,73.14,1742.3,Yes
3163-84479,Male,0,No,No,35,Yes,Yes,Fiber optic,Yes,No,No,No,No,Yes,One year,No,Electronic check,108.85,3686.07,No
6933-84822,Male,0,Yes,No,40,Yes,Yes,No,No internet service,No internet service,No internet service,No internet service,No internet service,No internet service,Two year,No,Electronic check,33.35,1306.83,No
6468-73144,Male,0,No,No,34,Yes,No,Fiber optic,No,No,No,No,Yes,Yes,Month-to-month,Yes,Electronic check,93.54,3177.27,Yes
8280-44582,Female,0,Yes,Yes,59,No,No phone service,No,No internet service,No internet service,No internet service,No internet service,No internet service,No internet service,Month-to-month,No,Credit card (automatic),21.43,1260.99,No
8709-92328,Female,0,Yes,No,58,Yes,No,DSL,No,Yes,No,No,No,No,One year,Yes,Mailed check,46.95,2807.25,No
9121-36822,Female,0,No,No,50,Yes,No,DSL,No,Yes,No,No,No,No,Two year,Yes,Credit card (automatic),73.86,3551.15,No
7786-39489,Male,0,Yes,No,40,Yes,No,DSL,Yes,Yes,Yes,Yes,No,No,Month-to-month,Yes,Electronic check,78.77,3224.95,No
2540-46062,Male,0,No,No,4,No,No phone service,Fiber optic,No,No,No,No,Yes,No,Month-to-month,Yes,Credit card (automatic),107.31,417.22,Yes
3813-13522,Male,0,No,No,0,Yes,No,Fiber optic,No,No,No,No,No,No,Month-to-month,No,Credit card (automatic),93.74,,Yes
9229-29910,Male,1,Yes,No,47,Yes,No,No,No internet service,No internet service,No internet service,No internet service,No internet service,No internet service,Two year,No,Credit card (automatic),26.59,1206.64,No
7110-16631,Female,0,No,No,59,Yes,Yes,Fiber optic,No,Yes,No,No,No,Yes,One year,Yes,Bank transfer (automatic),96.58,5770.19,No
5466-57819,Male,0,Yes,No,41,Yes,No,Fiber optic,No,Yes,No,No,Yes,Yes,Month-to-month,Yes,Mailed check,99.14,4036.29,Yes
3032-72567,Male,0,No,No,54,Yes,No,Fiber optic,No,No,No,Yes,No,Yes,Two year,Yes,Bank transfer (automatic),106.58,5643.61,No
3040-63110,Female,0,No,Yes,29,Yes,Yes,Fiber optic,No,Yes,No,No,Yes,No,Month-to-month,Yes,Mailed check,91.16,2715.07,Yes
5021-69881,Male,1,No,No,69,Yes,Yes,DSL,No,Yes,No,No,No,No,Two year,No,Electronic check,58.46,4177.26,No
4578-83795,Male,0,No,No,49,Yes,No,Fiber optic,No,No,No,No,No,No,Month-to-month,Yes,Credit card (automatic),79.82,3919.78,Yes
6505-98247,Male,0,Yes,No,33,Yes,No,Fiber optic,No,No,No,No,No,No,Month-to-month,Yes,Electronic check,68.1,2301.35,Yes
3798-21337,Male,0,No,Yes,34,Yes,Yes,Fiber optic,No,No,No,No,Yes,Yes,Month-to-month,Yes,Mailed check,85.35,2803.79,No
2829-23331,Male,0,Yes,No,21,Yes,No,No,No internet service,No internet service,No internet service,No internet service,No internet service,No internet service,Month-to-month,Yes,Credit card (automatic),29.04,619.0,No
7441-86004,Male,1,No,No,22,Yes,No,Fiber optic,No,Yes,No,No,No,No,Two year,Yes,Credit card (automatic),84.29,1848.25,Yes
7215-61200,Male,0,Yes,Yes,30,Yes,No,No,No internet service,No internet service,No internet service,No internet service,No internet service,No internet service,Month-to-month,No,Bank transfer (automatic),20.98,641.3,No
3226-95936,Male,0,Yes,No,23,Yes,Yes,No,No internet service,No internet service,No internet service,No internet service,No internet service,No internet service,Month-to-month,No,Mailed check,30.59,682.7,No
8094-45958,Male,0,Yes,No,41,Yes,Yes,Fiber optic,No,Yes,No,Yes,Yes,Yes,Two year,No,Electronic check,99.33,4209.29,No
8933-76328,Female,0,Yes,Yes,10,Yes,No,DSL,No,Yes,Yes,No,No,Yes,Month-to-month,Yes,Credit card (automatic),70.24,723.75,Yes
1017-40551,Male,0,Yes,No,37,Yes,Yes,Fiber optic,No,No,No,No,No,No,Month-to-month,No,Electronic check,106.63,3906.83,No
5496-71103,Female,0,Yes,No,18,Yes,Yes,Fiber optic,No,No,No,Yes,No,No,Month-to-month,Yes,Bank transfer (automatic),105.25,1836.29,Yes
3765-65984,Female,0,No,No,35,Yes,Yes,DSL,Yes,No,No,No,No,No,Two year,Yes,Credit card (automatic),55.02,1898.17,No
6601-59453,Male,0,No,No,3,No,No phone service,No,No internet service,No internet service,No internet service,No internet service,No internet service,No internet service,One year,No,Bank transfer (automatic),28.0,85.99,No
4427-36211,Female,0,Yes,No,17,Yes,Yes,DSL,No,No,No,No,No,Yes,Two year,No,Electronic check,58.62,962.74,No
2806-87059,Male,0,No,No,8,Yes,No,Fiber optic,No,No,Yes,No,Yes,Yes,One year,Yes,Electronic check,103.29,825.25,No
4042-20254,Male,0,Yes,No,44,Yes,No,DSL,Yes,Yes,Yes,No,No,Yes,Month-to-month,No,Credit card (automatic),84.72,3597.8,No
7736-87348,Male,0,No,Yes,19,Yes,No,Fiber optic,No,No,Yes,No,Yes,No,Month-to-month,Yes,Mailed check,117.78,2291.35,Yes
7689-33339,Male,0,Yes,No,35,Yes,Yes,Fiber optic,No,No,No,Yes,No,No,One year,Yes,Mailed check,90.26,3044.47,No
6245-81914,Male,0,No,No,9,Yes,No,Fiber optic,No,No,Yes,Yes,Yes,Yes,Month-to-month,No,Bank transfer (automatic),117.47,1070.88,Yes
5752-96170,Male,1,Yes,No,19,No,No phone service,DSL,No,Yes,No,Yes,Yes,No,Two year,No,Mailed check,70.52,1320.9,No
8586-16864,Female,0,Yes,No,41,Yes,No,Fiber optic,No,No,No,No,Yes,No,Month-to-month,Yes,Credit card (automatic),96.06,4072.05,Yes
9483-53970,Male,0,No,No,6,Yes,Yes,Fiber optic,No,No,No,No,No,Yes,Month-to-month,Yes,Credit card (automatic),77.17,455.08,Yes
1792-97091,Female,0,No,No,17,Yes,Yes,DSL,No,No,Yes,No,No,No,One year,Yes,Mailed check,72.44,1233.87,No
4162-11749,Female,0,No,No,49,Yes,No,DSL,No,Yes,No,No,No,Yes,Month-to-month,Yes,Credit card (automatic),71.3,3519.43,No
2753-11929,Female,0,Yes,Yes,14,Yes,No,No,No internet service,No internet service,No internet service,No internet service,No internet service,No internet service,One year,No,Credit card (automatic),23.55,338.35,No
5162-53124,Male,0,No,No,50,Yes,Yes,DSL,Yes,No,No,Yes,No,Yes,Two year,Yes,Bank transfer (automatic),79.55,4078.33,No
1663-57104,Female,0,No,No,42,Yes,No,DSL,No,No,No,No,Yes,No,One year,No,Mailed check,54.56,2267.6,No
9659-67019,Female,1,Yes,No,43,No,No phone service,DSL,No,No,Yes,Yes,No,No,Two year,No,Bank transfer (automatic),76.87,3183.52,No
9316-73831,Female,0,Yes,No,31,Yes,No,Fiber optic,No,No,Yes,No,Yes,Yes,Month-to-month,No,Credit card (automatic),98.17,3104.06,No
5008-24764,Male,0,Yes,Yes,24,Yes,Yes,Fiber optic,No,Yes,No,No,No,No,Month-to-month,Yes,Credit card (automatic),89.84,2209.22,Yes
6426-29481,Female,0,Yes,Yes,29,Yes,No,DSL,No,Yes,Yes,No,No,Yes,Two year,No,Credit card (automatic),53.75,1581.14,No
2704-15456,Female,1,Yes,Yes,11,No,No phone service,DSL,No,No,Yes,No,Yes,Yes,Month-to-month,No,Credit card (automatic),71.43,776.08,Yes
9443-12923,Male,1,Yes,Yes,48,Yes,Yes,DSL,No,Yes,No,No,No,Yes,Month-to-month,No,Credit card (automatic),66.6,3290.24,No
8066-44025,Male,0,No,No,41,Yes,No,Fiber optic,No,No,Yes,No,No,Yes,Month-to-month,Yes,Mailed check,98.57,4202.85,Yes
9528-87835,Male,0,No,No,19,Yes,Yes,No,No internet service,No internet service,No internet service,No internet service,No internet service,No internet service,One year,Yes,Mailed check,23.92,449.37,No
4120-61928,Female,0,No,Yes,36,Yes,No,No,No internet service,No internet service,No internet service,No internet service,No internet service,No internet service,One year,No,Bank transfer (automatic),21.13,772.58,No
9232-46833,Male,0,No,No,41,Yes,No,Fiber optic,No,Yes,No,No,No,No,Month-to-month,No,Credit card (automatic),99.07,4122.99,Yes
6583-18040,Male,0,Yes,Yes,10,Yes,No,Fiber optic,No,No,No,No,Yes,Yes,Month-to-month,Yes,Bank transfer (automatic),84.79,830.42,Yes
6683-75974,Female,0,No,Yes,1,Yes,Yes,DSL,Yes,No,Yes,No,No,No,Month-to-month,No,Bank transfer (automatic),67.99,67.26,Yes
4273-90721,Male,0,No,No,9,Yes,Yes,Fiber optic,No,No,No,Yes,No,No,Month-to-month,No,Mailed check,102.92,950.47,No
7874-16113,Male,1,No,No,36,Yes,No,No,No internet service,No internet service,No internet service,No internet service,No internet service,No internet service,Month-to-month,No,Electronic check,20.48,748.78,No
8803-71744,Female,1,Yes,No,67,Yes,Yes,No,No internet service,No internet service,No internet service,No internet service,No internet service,No internet service,Two year,No,Credit card (automatic),24.16,1668.25,No
7874-67670,Female,1,No,Yes,30,Yes,Yes,No,No internet service,No internet service,No internet service,No internet service,No internet service,No internet service,Two year,No,Mailed check,31.94,995.11,No
2849-91428,Female,0,No,No,48,Yes,No,Fiber optic,No,No,No,No,Yes,Yes,Two year,No,Bank transfer (automatic),89.62,4273.56,No
7637-58440,Female,0,No,Yes,72,Yes,Yes,DSL,Yes,Yes,No,No,Yes,Yes,Two year,Yes,Credit card (automatic),77.12,5647.29,Yes
4675-22142,Male,0,No,No,54,Yes,No,No,No internet service,No internet service,No internet service,No internet service,No internet service,No internet service,Two year,No,Bank transfer (automatic),20.56,1145.84,No
7145-51468,Female,0,No,No,3,No,No phone service,DSL,No,Yes,No,Yes,No,No,One year,Yes,Mailed check,56.43,174.38,No
8510-96758,Female,0,No,No,59,Yes,Yes,DSL,No,No,No,No,No,Yes,One year,Yes,Mailed check,65.19,3846.95,No
8234-66903,Male,1,No,No,56,Yes,No,No,No internet service,No internet service,No internet service,No internet service,No internet service,No internet service,Two year,Yes,Mailed check,22.78,1262.66,No
2253-17810,Male,0,No,No,6,Yes,No,Fiber optic,No,No,Yes,No,No,Yes,One year,Yes,Credit card (automatic),99.96,619.57,No
4521-55418,Male,0,No,No,23,Yes,Yes,DSL,Yes,Yes,Yes,No,No,Yes,Month-to-month,Yes,Bank transfer (automatic),87.41,2079.96,No
4481-65433,Male,0,Yes,Yes,18,Yes,Yes,Fiber optic,No,No,No,No,Yes,No,Month-to-month,No,Mailed check,79.47,1476.51,Yes
3558-25604,Male,0,No,No,3,Yes,No,Fiber optic,Yes,No,Yes,No,No,No,One year,Yes,Credit card (automatic),90.78,274.73,No
5166-83484,Male,0,Yes,No,29,Yes,No,DSL,No,Yes,No,No,No,No,Two year,Yes,Bank transfer (automatic),61.27,1770.16,No
7846-14239,Female,0,Yes,Yes,26,Yes,No,Fiber optic,No,Yes,No,Yes,No,Yes,One year,Yes,Bank transfer (automatic),94.59,2506.5,Yes
3597-75642,Male,0,Yes,Yes,48,Yes,Yes,DSL,Yes,Yes,Yes,No,No,No,Month-to-month,Yes,Mailed check,57.58,2768.69,No
1488-51224,Female,0,No,No,53,Yes,No,Fiber optic,No,Yes,Yes,No,Yes,Yes,One year,Yes,Electronic check,107.37,5636.9,No
9016-58334,Female,0,Yes,Yes,67,Yes,No,DSL,No,Yes,No,No,No,Yes,Two year,Yes,Bank transfer (automatic),77.05,5161.54,No
8367-51031,Female,0,Yes,No,40,Yes,No,Fiber optic,Yes,No,No,Yes,No,No,Two year,No,Bank transfer (automatic),97.81,3940.3,No
3083-26823,Female,0,Yes,No,17,Yes,No,DSL,Yes,No,No,No,Yes,Yes,Month-to-month,Yes,Mailed check,76.14,1278.23,Yes
9744-56281,Male,0,No,No,41,Yes,Yes,Fiber optic,Yes,No,No,No,No,No,Month-to-month,Yes,Bank transfer (automatic),82.97,3276.96,No
3041-11378,Female,0,No,No,6,Yes,Yes,No,No internet service,No internet service,No internet service,No internet service,No internet service,No internet service,Month-to-month,Yes,Credit card (automatic),34.44,210.97,No
2912-97439,Male,0,No,No,30,Yes,Yes,DSL,Yes,No,No,No,No,No,Two year,Yes,Mailed check,60.47,1820.59,No
5109-29658,Female,0,Yes,No,67,Yes,Yes,Fiber optic,No,Yes,No,No,Yes,Yes,Month-to-month,Yes,Mailed check,108.91,7034.37,Yes
5690-71770,Male,0,Yes,Yes,57,Yes,Yes,DSL,No,Yes,No,No,No,No,Two year,No,Credit card (automatic),76.51,4365.28,No
9083-55789,Male,0,No,Yes,6,Yes,No,Fiber optic,No,No,No,No,No,Yes,Month-to-month,No,Mailed check,97.85,580.56,Yes
6223-29003,Female,1,Yes,No,44,Yes,No,Fiber optic,No,Yes,No,No,Yes,Yes,Two year,Yes,Credit card (automatic),91.7,4029.47,No
5889-37787,Male,0,No,No,4,Yes,No,No,No internet service,No internet service,No internet service,No internet service,No internet service,No internet service,Month-to-month,Yes,Credit card (automatic),21.77,87.05,No
4984-29773,Female,0,No,No,39,Yes,No,No,No internet service,No internet service,No internet service,No internet service,No internet service,No internet service,One year,Yes,Electronic check,25.18,1020.83,No
3453-88963,Male,1,No,Yes,30,Yes,Yes,No,No internet service,No internet service,No internet service,No internet service,No internet service,No internet service,One year,Yes,Credit card (automatic),30.39,900.44,No
3650-24406,Male,0,Yes,No,20,Yes,Yes,DSL,No,No,No,No,No,No,Two year,No,Mailed check,66.01,1271.56,No
3946-16023,Female,0,Yes,No,13,Yes,No,Fiber optic,No,No,No,No,Yes,No,Two year,Yes,Credit card (automatic),75.13,984.18,No
6488-64113,Female,0,No,Yes,64,Yes,No,No,No internet service,No internet service,No internet service,No internet service,No internet service,No internet service,Month-to-month,Yes,Electronic check,19.94,1255.71,No
4821-41779,Male,0,Yes,No,33,Yes,No,No,No internet service,No internet service,No internet service,No internet service,No internet service,No internet service,Month-to-month,No,Credit card (automatic),23.89,804.19,No
8810-48543,Male,0,No,No,49,Yes,No,Fiber optic,Yes,No,Yes,Yes,Yes,No,Month-to-month,No,Electronic check,95.08,4787.39,No
9394-52735,Male,0,No,No,17,Yes,No,DSL,No,Yes,No,No,No,No,One year,No,Credit card (automatic),72.09,1219.54,No
8409-96941,Female,0,Yes,No,14,No,No phone service,Fiber optic,No,No,Yes,No,No,Yes,One year,Yes,Mailed check,112.33,1602.76,No
7606-20647,Female,0,Yes,No,30,Yes,Yes,Fiber optic,No,Yes,No,Yes,Yes,No,Month-to-month,Yes,Electronic check,118.65,3671.23,No
3938-13580,Male,0,No,No,19,Yes,Yes,Fiber optic,No,No,Yes,No,No,Yes,Two year,No,Mailed check,98.47,1943.38,No
2940-85832,Male,0,Yes,Yes,68,Yes,No,DSL,No,No,No,No,Yes,No,Month-to-month,Yes,Mailed check,70.13,4830.06,No
4359-74364,Male,0,No,No,38,Yes,No,DSL,No,Yes,No,Yes,Yes,No,Month-to-month,No,Mailed check,74.17,2911.61,No
9753-26611,Male,0,No,No,9,Yes,Yes,No,No internet service,No internet service,No internet service,No internet service,No internet service,No internet service,Month-to-month,Yes,Mailed check,26.48,232.5,No
5019-56568,Female,0,No,No,40,Yes,No,Fiber optic,No,No,Yes,No,Yes,No,One year,No,Mailed check,98.42,3865.86,No
2799-16502,Female,0,Yes,Yes,24,Yes,No,No,No internet service,No internet service,No internet service,No internet service,No internet service,No internet service,Month-to-month,No,Credit card (automatic),27.94,654.79,No
6593-65747,Male,0,Yes,No,21,Yes,Yes,No,No internet service,No internet service,No internet service,No internet service,No internet service,No internet service,Two year,No,Credit card (automatic),29.44,626.92,No
4441-65109,Female,0,No,No,31,Yes,Yes,No,No internet service,No internet service,No internet service,No internet service,No internet service,No internet service,One year,No,Mailed check,31.77,1002.35,No
1653-68309,Male,0,No,No,37,Yes,No,Fiber optic,No,No,No,No,No,No,One year,Yes,Mailed check,86.97,3328.59,No
2998-35366,Male,0,No,Yes,47,Yes,No,Fiber optic,No,No,Yes,No,No,Yes,Month-to-month,Yes,Credit card (automatic),105.45,5030.0,No
6649-59205,Male,0,No,No,25,Yes,No,Fiber optic,No,No,No,No,Yes,No,Two year,Yes,Electronic check,82.67,1994.81,Yes
4611-64166,Male,0,No,Yes,33,Yes,Yes,DSL,No,No,No,Yes,No,No,Two year,Yes,Credit card (automatic),58.53,1983.27,No
9717-22108,Male,0,Yes,No,33,No,No phone service,Fiber optic,No,No,Yes,No,No,Yes,Month-to-month,Yes,Bank transfer (automatic),112.44,3626.42,No
3860-96385,Female,0,Yes,No,42,Yes,Yes,Fiber optic,No,No,Yes,Yes,Yes,No,Month-to-month,Yes,Credit card (automatic),88.79,3768.48,No
8397-86190,Female,0,No,Yes,10,Yes,No,DSL,No,Yes,Yes,Yes,No,Yes,Month-to-month,No,Credit card (automatic),67.72,700.65,No
5799-89624,Male,0,Yes,No,1,No,No phone service,Fiber optic,No,Yes,Yes,Yes,No,No,Month-to-month,Yes,Electronic check,117.31,119.05,Yes
3697-78534,Female,1,No,No,41,Yes,Yes,Fiber optic,No,No,Yes,No,Yes,No,Month-to-month,Yes,Mailed check,112.75,4597.6,No
8207-81212,Female,0,Yes,No,25,Yes,Yes,No,No internet service,No internet service,No internet service,No internet service,No internet service,No internet service,One year,Yes,Mailed check,34.54,856.52,No
9592-52151,Female,0,Yes,No,28,Yes,No,No,No internet service,No internet service,No internet service,No internet service,No internet service,No internet service,Month-to-month,Yes,Credit card (automatic),19.52,526.05,No
2062-54317,Female,0,Yes,No,26,Yes,Yes,Fiber optic,Yes,Yes,No,Yes,Yes,Yes,Two year,No,Credit card (automatic),119.0,3158.91,No
7178-85939,Male,0,No,No,38,Yes,Yes,No,No internet service,No internet service,No internet service,No internet service,No internet service,No internet service,Month-to-month,Yes,Credit card (automatic),28.23,1032.52,Yes
3269-17966,Female,0,No,Yes,19,Yes,Yes,DSL,Yes,Yes,No,No,Yes,No,One year,Yes,Mailed check,85.57,1679.5,No
7553-27025,Female,0,Yes,No,67,Yes,No,Fiber optic,No,No,No,No,No,Yes,Two year,Yes,Electronic check,90.62,6058.69,No
2670-43121,Female,1,Yes,No,42,Yes,No,DSL,No,No,Yes,No,No,No,Month-to-month,Yes,Credit card (automatic),47.01,1897.13,No
7751-49012,Male,0,Yes,No,48,Yes,No,Fiber optic,No,Yes,No,Yes,Yes,No,Month-to-month,No,Mailed check,116.84,5630.46,Yes
5373-85206,Male,1,Yes,No,5,Yes,Yes,Fiber optic,No,No,No,No,Yes,Yes,Month-to-month,No,Credit card (automatic),115.44,571.27,No
3954-98322,Male,0,No,No,48,Yes,No,No,No internet service,No internet service,No internet service,No internet service,No internet service,No internet service,Month-to-month,No,Credit card (automatic),29.92,1444.31,No
5874-82627,Male,1,Yes,Yes,70,Yes,No,Fiber optic,No,Yes,No,No,No,No,Two year,Yes,Mailed check,101.89,6865.26,No
5077-18902,Male,0,Yes,Yes,71,Yes,Yes,Fiber optic,No,No,No,No,No,Yes,Two year,No,Electronic check,116.82,8393.11,No
2908-59158,Male,0,Yes,Yes,11,Yes,No,DSL,No,No,No,No,No,Yes,One year,Yes,Mailed check,58.82,646.41,No
9279-74631,Female,0,No,Yes,21,Yes,Yes,Fiber optic,No,No,No,No,No,No,Two year,No,Bank transfer (automatic),86.77,1848.5,No
9660-60000,Male,0,No,No,15,Yes,Yes,DSL,No,Yes,No,Yes,No,Yes,Month-to-month,Yes,Bank transfer (automatic),69.81,1014.47,Yes
6323-49926,Female,0,No,No,38,No,No phone service,Fiber optic,No,No,No,No,No,No,Month-to-month,Yes,Bank transfer (automatic),105.81,4175.55,Yes
3100-48294,Male,0,No,Yes,28,Yes,No,DSL,No,No,Yes,No,No,Yes,Month-to-month,Yes,Credit card (automatic),52.81,1465.74,No
5993-66288,Female,0,No,No,18,Yes,No,DSL,Yes,No,No,No,No,No,One year,Yes,Credit card (automatic),57.2,1044.18,No
4465-67130,Male,0,Yes,Yes,1,Yes,Yes,Fiber optic,No,No,No,No,No,No,Month-to-month,No,Bank transfer (automatic),88.02,85.04,Yes
8554-37637,Female,0,No,No,2,Yes,No,Fiber optic,Yes,No,No,No,No,Yes,Month-to-month,Yes,Mailed check,88.39,177.19,Yes
9588-47480,Male,1,No,No,44,Yes,No,No,No internet service,No internet service,No internet service,No internet service,No internet service,No internet service,Two year,No,Electronic check,27.83,1180.07,No
4946-23760,Male,0,Yes,No,38,No,No phone service,No,No internet service,No internet service,No internet service,No internet service,No internet service,No internet service,Month-to-month,No,Electronic check,26.23,997.01,No
6845-89523,Male,0,No,Yes,4,Yes,Yes,Fiber optic,No,No,No,No,Yes,No,Month-to-month,No,Electronic check,110.91,447.07,Yes
4475-88235,Female,0,No,No,35,Yes,No,Fiber optic,No,Yes,No,No,No,No,Month-to-month,Yes,Bank transfer (automatic),107.21,3865.52,Yes
9582-69396,Male,0,No,No,72,Yes,Yes,DSL,No,Yes,Yes,No,No,Yes,Month-to-month,No,Electronic check,83.08,6054.87,No
3694-97724,Female,0,Yes,No,5,Yes,Yes,Fiber optic,Yes,No,No,No,No,Yes,Month-to-month,Yes,Electronic check,91.18,451.47,Yes
3599-53869,Female,1,Yes,Yes,47,Yes,Yes,No,No internet service,No internet service,No internet service,No internet service,No internet service,No internet service,Month-to-month,No,Bank transfer (automatic),25.42,1225.84,No
5216-89127,Male,0,No,No,31,Yes,No,No,No internet service,No internet service,No internet service,No internet service,No internet service,No internet service,Month-to-month,No,Electronic check,21.73,670.84,No
9644-76985,Male,0,Yes,No,18,No,No phone service,Fiber optic,No,Yes,No,No,Yes,No,Two year,Yes,Mailed check,85.53,1541.5,No
3807-25972,Male,0,Yes,No,45,Yes,No,No,No internet service,No internet service,No internet service,No internet service,No internet service,No internet service,Month-to-month,Yes,Mailed check,24.16,1068.91,No
3953-88044,Male,0,Yes,No,14,Yes,Yes,Fiber optic,No,No,No,Yes,No,Yes,One year,Yes,Bank transfer (automatic),100.1,1404.38,No
5652-25162,Male,0,No,No,30,Yes,Yes,DSL,No,No,No,No,No,No,One year,Yes,Credit card (automatic),67.61,2061.3,No
5494-65928,Male,0,No,No,55,Yes,Yes,Fiber optic,No,No,No,No,Yes,No,Two year,Yes,Credit card (automatic),95.02,5180.81,No
4971-25562,Female,0,No,Yes,20,Yes,Yes,Fiber optic,No,No,Yes,No,No,Yes,Two year,No,Electronic check,119.0,2301.4,No
1868-95824,Male,0,No,Yes,6,No,No phone service,DSL,No,No,Yes,No,Yes,No,Month-to-month,Yes,Mailed check,78.58,485.11,Yes
9630-69655,Male,0,Yes,No,29,Yes,Yes,Fiber optic,No,No,No,No,Yes,Yes,Month-to-month,No,Bank transfer (automatic),106.67,3154.87,No
3898-21510,Female,1,Yes,Yes,8,Yes,No,No,No internet service,No internet service,No internet service,No internet service,No internet service,No internet service,Month-to-month,No,Bank transfer (automatic),19.57,152.97,No
2587-19832,Female,0,Yes,No,44,Yes,Yes,Fiber optic,No,No,No,Yes,Yes,No,Month-to-month,No,Credit card (automatic),119.0,5216.46,Yes
3191-27176,Male,0,Yes,No,29,Yes,Yes,DSL,No,Yes,Yes,Yes,No,Yes,Two year,Yes,Mailed check,81.65,2409.98,No
7722-58947,Male,0,No,No,18,Yes,No,DSL,No,No,No,No,No,Yes,One year,No,Bank transfer (automatic),56.47,1027.74,No
8418-14560,Male,0,Yes,Yes,23,Yes,Yes,DSL,No,Yes,No,No,No,Yes,Month-to-month,Yes,Mailed check,56.87,1309.2,No
4872-94219,Female,0,Yes,No,0,Yes,Yes,DSL,Yes,Yes,No,No,No,No,Month-to-month,Yes,Bank transfer (automatic),67.92,,No
1686-28061,Female,0,No,No,24,Yes,Yes,DSL,No,No,No,No,No,No,Two year,Yes,Electronic check,62.5,1553.39,Yes
7151-54732,Male,0,No,No,2,Yes,Yes,Fiber optic,Yes,No,No,No,Yes,Yes,Month-to-month,Yes,Bank transfer (automatic),116.49,236.68,Yes
4509-73359,Male,0,Yes,No,27,Yes,No,Fiber optic,No,No,No,No,Yes,No,Month-to-month,Yes,Mailed check,89.61,2478.48,No
8943-77361,Male,0,No,Yes,41,Yes,No,Fiber optic,No,No,No,No,No,Yes,Two year,No,Electronic check,110.23,4696.46,No
8239-55129,Female,0,No,No,48,Yes,Yes,Fiber optic,Yes,No,No,No,No,No,One year,Yes,Mailed check,83.09,3923.3,No
2275-20006,Male,0,No,Yes,53,Yes,Yes,DSL,No,No,Yes,No,No,No,Month-to-month,Yes,Credit card (automatic),58.43,2979.86,No
4636-26836,Male,0,No,No,16,Yes,Yes,No,No internet service,No internet service,No internet service,No internet service,No internet service,No internet service,Month-to-month,Yes,Credit card (automatic),26.78,413.52,Yes
8233-89334,Male,0,Yes,Yes,34,Yes,No,No,No internet service,No internet service,No internet service,No internet service,No internet service,No internet service,One year,Yes,Credit card (automatic),21.56,739.89,No
6876-13366,Male,0,Yes,Yes,42,Yes,Yes,DSL,No,Yes,Yes,Yes,No,No,Month-to-month,Yes,Credit card (automatic),69.61,2927.18,No
8602-46561,Female,0,Yes,Yes,34,Yes,Yes,DSL,Yes,No,No,No,No,No,Two year,No,Mailed check,69.52,2320.77,No
2217-49125,Male,0,No,Yes,44,Yes,No,No,No internet service,No internet service,No internet service,No internet service,No internet service,No internet service,Two year,Yes,Credit card (automatic),23.9,1012.76,No
4829-96965,Male,0,No,No,19,Yes,No,Fiber optic,No,No,Yes,No,Yes,Yes,One year,Yes,Credit card (automatic),89.27,1750.35,No
2751-82678,Female,1,No,No,5,Yes,No,No,No internet service,No internet service,No internet service,No internet service,No internet service,No internet service,One year,No,Mailed check,27.72,142.56,No
1812-75461,Female,0,No,Yes,24,Yes,No,DSL,No,Yes,No,No,Yes,No,Two year,No,Bank transfer (automatic),56.06,1326.1,No
6858-53624,Male,0,Yes,Yes,39,Yes,Yes,No,No internet service,No internet service,No internet service,No internet service,No internet service,No internet service,Month-to-month,No,Electronic check,33.74,1326.3,No
1978-70861,Male,0,Yes,No,36,Yes,Yes,Fiber optic,Yes,Yes,No,No,No,Yes,Month-to-month,Yes,Credit card (automatic),119.0,4122.5,No
1140-32280,Female,0,Yes,Yes,43,Yes,No,Fiber optic,No,No,No,No,Yes,Yes,Two year,Yes,Credit card (automatic),118.32,4967.47,No
7743-30765,Male,0,Yes,No,37,No,No phone service,DSL,Yes,No,No,No,Yes,No,Month-to-month,No,Electronic check,78.14,2964.71,No
4426-72024,Female,0,No,Yes,8,Yes,Yes,Fiber optic,No,No,No,Yes,No,No,One year,Yes,Credit card (automatic),102.72,810.8,Yes
4796-43546,Female,1,No,No,47,No,No phone service,Fiber optic,No,No,No,No,No,Yes,Month-to-month,Yes,Credit card (automatic),77.4,3722.26,Yes
2986-55807,Female,0,Yes,No,10,Yes,Yes,DSL,Yes,Yes,No,No,No,No,Month-to-month,Yes,Electronic check,78.53,804.13,Yes
6471-34939,Male,0,No,Yes,4,Yes,No,No,No internet service,No internet service,No internet service,No internet service,No internet service,No internet service,Month-to-month,Yes,Credit card (automatic),22.89,88.6,No
3969-22439,Female,0,Yes,No,17,Yes,Yes,DSL,No,No,No,Yes,Yes,No,Two year,Yes,Bank transfer (automatic),70.25,1180.89,No
5302-49954,Female,0,No,No,36,Yes,No,DSL,Yes,Yes,No,No,No,No,Month-to-month,Yes,Mailed check,65.69,2329.98,No
1866-99039,Male,1,Yes,No,1,No,No phone service,DSL,No,No,No,No,No,Yes,Month-to-month,Yes,Mailed check,70.0,68.98,Yes
9226-18973,Female,1,No,No,14,Yes,No,Fiber optic,No,No,No,No,No,Yes,Month-to-month,Yes,Mailed check,75.84,1071.53,Yes
1172-55935,Female,1,Yes,No,6,No,No phone service,DSL,No,No,No,No,Yes,No,Month-to-month,Yes,Electronic check,58.87,348.0,No
3170-36370,Female,0,Yes,No,6,Yes,Yes,No,No internet service,No internet service,No internet service,No internet service,No internet service,No internet service,One year,No,Electronic check,32.46,193.14,No
7846-47277,Male,0,No,No,14,No,No phone service,Fiber optic,No,No,Yes,No,No,Yes,Two year,No,Bank transfer (automatic),102.22,1469.22,No
7107-62717,Male,0,Yes,Yes,20,Yes,Yes,No,No internet service,No internet service,No internet service,No internet service,No internet service,No internet service,One year,No,Bank transfer (automatic),32.11,655.84,No
3444-45750,Female,0,Yes,No,20,Yes,No,DSL,No,Yes,Yes,No,No,Yes,One year,No,Credit card (automatic),53.19,1074.87,No
5044-22938,Male,0,Yes,No,46,No,No phone service,Fiber optic,No,No,Yes,No,No,Yes,Month-to-month,Yes,Mailed check,105.27,4796.9,No
8599-41637,Female,0,No,Yes,20,Yes,No,No,No internet service,No internet service,No internet service,No internet service,No internet service,No internet service,Two year,Yes,Credit card (automatic),23.05,444.27,No
4443-59035,Female,0,Yes,Yes,28,Yes,Yes,No,No internet service,No internet service,No internet service,No internet service,No internet service,No internet service,Two year,No,Credit card (automatic),24.79,672.09,No
4967-76572,Female,1,No,Yes,60,Yes,Yes,Fiber optic,No,Yes,No,No,No,Yes,Two year,Yes,Bank transfer (automatic),89.8,5541.59,Yes
9390-27224,Male,0,No,No,16,Yes,No,No,No internet service,No internet service,No internet service,No internet service,No internet service,No internet service,Month-to-month,Yes,Bank transfer (automatic),25.5,403.77,Yes
6455-58976,Female,1,No,Yes,10,Yes,No,DSL,No,Yes,Yes,Yes,No,No,Month-to-month,Yes,Electronic check,60.7,625.96,No
4613-89510,Male,0,Yes,Yes,26,Yes,No,DSL,Yes,Yes,No,No,No,No,Month-to-month,No,Electronic check,61.62,1622.58,Yes
5252-98520,Female,0,No,Yes,21,Yes,No,Fiber optic,No,No,No,No,No,Yes,Month-to-month,Yes,Credit card (automatic),99.74,2052.75,Yes
2567-37921,Male,0,Yes,No,57,Yes,Yes,DSL,No,Yes,No,No,No,Yes,Month-to-month,No,Electronic check,56.0,3311.33,No
5523-30077,Male,0,No,Yes,32,Yes,No,No,No internet service,No internet service,No internet service,No internet service,No internet service,No internet service,Two year,Yes,Electronic check,21.4,697.51,No
2648-85258,Female,0,Yes,Yes,47,No,No phone service,DSL,No,No,Yes,No,Yes,No,Month-to-month,Yes,Mailed check,72.69,3526.79,No
6403-96136,Female,0,No,No,34,Yes,No,DSL,No,No,No,Yes,No,Yes,Month-to-month,Yes,Credit card (automatic),72.87,2560.36,Yes
2527-91007,Female,0,No,No,43,Yes,No,Fiber optic,No,Yes,Yes,No,No,Yes,Two year,Yes,Credit card (automatic),113.5,4903.17,No
7763-43978,Male,1,Yes,Yes,53,Yes,No,Fiber optic,No,No,No,No,No,No,Two year,Yes,Credit card (automatic),85.07,4632.25,No
8090-75001,Female,0,Yes,No,41,No,No phone service,DSL,No,No,No,Yes,Yes,Yes,Month-to-month,No,Credit card (automatic),56.67,2300.32,Yes
9628-33504,Female,0,Yes,No,47,Yes,Yes,No,No internet service,No internet service,No internet service,No internet service,No internet service,No internet service,Month-to-month,Yes,Credit card (automatic),27.8,1340.68,No
1382-63084,Female,0,No,Yes,57,No,No phone service,No,No internet service,No internet service,No internet service,No internet service,No internet service,No internet service,Two year,Yes,Credit card (automatic),21.35,1248.86,No
8078-67085,Female,0,Yes,No,47,Yes,No,Fiber optic,No,No,No,No,Yes,Yes,Two year,No,Electronic check,84.6,3930.77,No
8406-76826,Male,0,No,No,3,Yes,No,DSL,No,No,No,Yes,No,No,One year,Yes,Electronic check,72.82,226.61,Yes
6993-98542,Male,0,No,No,44,Yes,Yes,DSL,No,No,No,No,No,No,Month-to-month,No,Credit card (automatic),68.43,3000.05,No
7873-77778,Female,0,No,Yes,43,Yes,Yes,DSL,No,Yes,No,No,No,Yes,One year,No,Bank transfer (automatic),66.21,2835.44,No
1226-10117,Female,0,Yes,No,22,Yes,No,DSL,Yes,No,Yes,Yes,No,No,Two year,Yes,Credit card (automatic),75.62,1680.97,No
8646-50325,Male,0,Yes,No,12,Yes,No,Fiber optic,No,Yes,Yes,No,No,No,Month-to-month,No,Bank transfer (automatic),100.83,1255.03,Yes
7163-75235,Male,0,Yes,No,38,Yes,Yes,Fiber optic,No,Yes,No,No,No,No,Month-to-month,Yes,Credit card (automatic),93.03,3642.1,No
7280-91709,Female,1,No,No,52,Yes,Yes,DSL,No,Yes,Yes,No,No,No,Two year,No,Bank transfer (automatic),81.0,4336.85,No
1262-25156,Female,0,Yes,No,32,Yes,No,No,No internet service,No internet service,No internet service,No internet service,No internet service,No internet service,One year,Yes,Credit card (automatic),22.41,732.46,No
9248-18658,Male,0,Yes,No,0,Yes,Yes,Fiber optic,No,Yes,No,Yes,Yes,Yes,Month-to-month,Yes,Electronic check,101.64,,Yes
4308-44088,Female,0,Yes,Yes,59,Yes,Yes,Fiber optic,No,No,No,No,Yes,Yes,One year,Yes,Electronic check,111.17,6566.39,No
2277-70821,Female,0,No,No,54,Yes,No,Fiber optic,No,No,No,No,No,Yes,One year,Yes,Credit card (automatic),99.97,5503.96,No
4671-66323,Male,0,No,No,18,Yes,No,No,No internet service,No internet service,No internet service,No internet service,No internet service,No internet service,Month-to-month,No,Electronic check,25.36,445.99,No
8137-30991,Male,0,Yes,No,37,Yes,Yes,Fiber optic,No,No,No,No,No,Yes,Month-to-month,No,Credit card (automatic),96.27,3447.0,No
3403-45802,Female,0,Yes,Yes,34,No,No phone service,DSL,No,No,Yes,No,Yes,Yes,Month-to-month,No,Electronic check,76.71,2517.68,No
9733-73321,Male,0,Yes,Yes,30,Yes,No,Fiber optic,Yes,No,No,No,No,No,Two year,Yes,Credit card (automatic),110.87,3230.68,No
5016-62530,Male,0,Yes,Yes,38,Yes,No,Fiber optic,No,No,No,Yes,Yes,No,Month-to-month,Yes,Electronic check,107.56,4179.88,Yes
1920-79292,Male,1,No,No,48,Yes,No,DSL,No,No,No,No,Yes,No,Two year,Yes,Electronic check,64.66,3021.93,No
3090-20255,Female,0,Yes,No,37,Yes,No,No,No internet service,No internet service,No internet service,No internet service,No internet service,No internet service,Month-to-month,Yes,Electronic check,26.3,939.71,No
7163-98762,Male,0,No,No,71,Yes,Yes,DSL,No,Yes,Yes,No,No,No,Two year,Yes,Credit card (automatic),81.4,5915.62,No
8339-63014,Male,1,No,No,16,Yes,Yes,Fiber optic,No,Yes,Yes,No,Yes,No,Two year,No,Mailed check,116.07,1832.79,No
6236-10028,Male,0,No,Yes,17,Yes,Yes,No,No internet service,No internet service,No internet service,No internet service,No internet service,No internet service,Two year,Yes,Bank transfer (automatic),25.82,434.87,No
6539-74495,Female,0,Yes,No,27,No,No phone service,DSL,No,Yes,No,Yes,Yes,Yes,Two year,Yes,Mailed check,82.08,2229.34,No
4819-14983,Female,1,No,No,2,Yes,No,Fiber optic,No,No,No,No,Yes,No,Month-to-month,Yes,Mailed check,93.38,190.37,Yes
9144-27916,Male,0,Yes,Yes,29,Yes,No,DSL,No,Yes,No,Yes,No,Yes,Month-to-month,No,Mailed check,58.64,1705.25,No
8811-67791,Male,0,Yes,No,30,Yes,No,No,No internet service,No internet service,No internet service,No internet service,No internet service,No internet service,Month-to-month,No,Credit card (automatic),21.63,622.98,No
6391-38803,Male,0,No,No,1,Yes,No,No,No internet service,No internet service,No internet service,No internet service,No internet service,No internet service,One year,Yes,Bank transfer (automatic),23.46,22.9,No
4074-87138,Female,0,Yes,No,7,Yes,No,No,No internet service,No internet service,No internet service,No internet service,No internet service,No internet service,Month-to-month,No,Credit card (automatic),20.8,147.87,No
9504-89936,Female,0,Yes,No,12,Yes,No,DSL,No,Yes,Yes,Yes,No,Yes,Month-to-month,No,Bank transfer (automatic),68.12,807.97,Yes
7655-72245,Male,0,Yes,Yes,24,Yes,Yes,Fiber optic,No,No,No,No,Yes,Yes,Month-to-month,No,Electronic check,84.46,1980.32,No
7882-91834,Male,0,Yes,Yes,38,Yes,No,Fiber optic,No,Yes,Yes,No,Yes,No,Two year,No,Credit card (automatic),119.0,4693.75,No
3826-14196,Female,0,No,Yes,31,Yes,No,Fiber optic,No,No,No,No,No,Yes,Month-to-month,Yes,Electronic check,80.45,2422.45,Yes
5014-46977,Female,1,No,No,42,Yes,Yes,No,No internet service,No internet service,No internet service,No internet service,No internet service,No internet service,Month-to-month,Yes,Mailed check,23.77,1036.0,No
6203-53700,Male,0,No,No,42,Yes,Yes,No,No internet service,No internet service,No internet service,No internet service,No internet service,No internet service,One year,No,Mailed check,25.53,1063.94,No
7255-40111,Male,0,Yes,No,36,Yes,No,Fiber optic,No,No,No,No,Yes,No,Month-to-month,Yes,Credit card (automatic),109.46,3792.75,Yes
7608-36568,Female,0,Yes,No,41,Yes,Yes,DSL,No,No,No,No,Yes,No,Two year,No,Mailed check,51.3,2083.01,Yes
4709-34422,Female,0,Yes,No,59,Yes,No,DSL,No,Yes,No,Yes,Yes,No,One year,Yes,Electronic check,69.42,4232.79,No
4975-63402,Female,0,No,No,30,Yes,No,DSL,Yes,No,No,No,Yes,No,Two year,No,Credit card (automatic),63.78,1969.34,No
5371-51845,Male,1,No,No,48,Yes,Yes,DSL,No,Yes,Yes,No,Yes,No,Month-to-month,No,Bank transfer (automatic),55.82,2597.06,No
6175-82173,Male,0,No,Yes,32,Yes,Yes,Fiber optic,Yes,No,No,No,Yes,Yes,Month-to-month,Yes,Electronic check,119.0,3902.87,No
2288-52233,Female,0,No,No,49,Yes,No,DSL,Yes,Yes,Yes,No,No,No,One year,Yes,Credit card (automatic),82.14,3932.64,Yes
1517-24026,Female,0,No,No,19,No,No phone service,DSL,No,No,No,No,No,No,Month-to-month,Yes,Credit card (automatic),50.26,941.48,Yes
9909-77562,Female,0,Yes,No,66,Yes,No,DSL,No,Yes,Yes,No,Yes,No,Two year,Yes,Bank transfer (automatic),84.89,5675.27,No
8576-16090,Male,0,No,No,12,Yes,No,DSL,No,No,No,No,Yes,No,Two year,Yes,Credit card (automatic),60.1,743.94,No
4823-54153,Female,0,No,No,13,Yes,No,Fiber optic,No,Yes,No,No,Yes,Yes,Month-to-month,Yes,Mailed check,116.14,1554.16,No
7697-33985,Male,0,No,No,45,Yes,No,DSL,No,No,No,No,Yes,No,Two year,Yes,Credit card (automatic),58.97,2647.67,No
1514-67123,Male,0,Yes,Yes,71,Yes,No,Fiber optic,No,Yes,Yes,No,No,No,Month-to-month,Yes,Mailed check,106.13,7827.5,Yes
3411-62191,Female,1,No,No,30,Yes,No,DSL,Yes,No,No,Yes,Yes,Yes,Month-to-month,Yes,Credit card (automatic),72.38,2172.11,No
9394-35848,Female,0,Yes,Yes,25,Yes,No,DSL,No,Yes,No,Yes,No,Yes,Month-to-month,No,Credit card (automatic),61.24,1521.6,No
9758-78071,Female,0,No,Yes,42,Yes,Yes,Fiber optic,No,No,No,No,Yes,Yes,One year,No,Credit card (automatic),86.38,3703.04,No
2114-38266,Female,0,No,Yes,45,Yes,Yes,Fiber optic,No,No,No,No,Yes,No,Two year,Yes,Credit card (automatic),117.13,5378.96,Yes
9006-73884,Male,0,No,No,50,Yes,No,DSL,No,No,Yes,Yes,Yes,No,Month-to-month,No,Credit card (automatic),69.0,3565.33,No
5684-17512,Female,1,Yes,No,9,Yes,Yes,No,No internet service,No internet service,No internet service,No internet service,No internet service,No internet service,One year,No,Electronic check,29.45,274.7,No
6155-84267,Male,0,Yes,No,16,Yes,No,DSL,No,No,No,No,Yes,No,Month-to-month,Yes,Credit card (automatic),64.75,1063.22,No
7053-92238,Male,0,No,No,44,Yes,No,No,No internet service,No internet service,No internet service,No internet service,No internet service,No internet service,Month-to-month,Yes,Bank transfer (automatic),26.5,1149.64,No
2064-11916,Female,0,No,Yes,55,Yes,No,No,No internet service,No internet service,No internet service,No internet service,No internet service,No internet service,One year,Yes,Credit card (automatic),26.15,1415.78,No
9757-94865,Female,1,No,No,58,Yes,Yes,No,No internet service,No internet service,No internet service,No internet service,No internet service,No internet service,Two year,No,Mailed check,34.94,2051.99,No
4399-36913,Female,0,Yes,Yes,50,Yes,No,No,No internet service,No internet service,No internet service,No internet service,No internet service,No internet service,One year,Yes,Electronic check,25.76,1328.07,No
5548-48894,Male,0,No,No,45,Yes,No,No,No internet service,No internet service,No internet service,No internet service,No internet service,No internet service,Two year,No,Electronic check,21.88,998.73,No
2361-55167,Female,0,No,No,61,Yes,No,DSL,Yes,No,No,Yes,Yes,No,Month-to-month,Yes,Bank transfer (automatic),74.59,4400.13,No
9066-82908,Male,0,Yes,No,25,Yes,Yes,DSL,No,No,Yes,No,No,No,Month-to-month,Yes,Electronic check,75.19,1896.89,No
2331-36166,Female,1,Yes,No,66,Yes,Yes,Fiber optic,No,Yes,No,No,No,No,Month-to-month,No,Bank transfer (automatic),90.11,5892.53,No
5614-59551,Female,0,No,No,20,No,No phone service,Fiber optic,No,No,No,No,Yes,Yes,Two year,No,Mailed check,98.16,2020.56,No
9911-24883,Female,0,Yes,Yes,39,Yes,No,Fiber optic,No,No,No,No,No,No,Month-to-month,Yes,Credit card (automatic),106.24,4287.87,No
1817-76004,Male,0,No,No,19,Yes,No,DSL,No,No,No,No,Yes,No,Month-to-month,No,Electronic check,57.83,1102.95,Yes
8726-70375,Male,1,No,Yes,31,Yes,Yes,DSL,Yes,Yes,No,Yes,Yes,No,Two year,No,Bank transfer (automatic),86.64,2606.48,No
6144-53998,Male,0,Yes,No,36,Yes,Yes,Fiber optic,No,Yes,No,No,Yes,Yes,Month-to-month,Yes,Credit card (automatic),93.46,3494.97,No
5632-97578,Female,0,Yes,No,33,Yes,Yes,Fiber optic,No,Yes,No,No,No,No,One year,No,Credit card (automatic),97.49,3303.65,No
1958-42972,Female,1,No,No,22,No,No phone service,Fiber optic,No,No,No,No,Yes,No,Two year,Yes,Mailed check,101.88,2204.92,No
6386-14506,Male,0,No,No,63,Yes,No,DSL,Yes,No,Yes,No,No,Yes,Month-to-month,Yes,Credit card (automatic),73.34,4752.86,No
6956-89699,Female,1,No,Yes,33,No,No phone service,No,No internet service,No internet service,No internet service,No internet service,No internet service,No internet service,Month-to-month,No,Credit card (automatic),28.93,990.77,No
7660-62203,Female,0,No,No,40,Yes,Yes,No,No internet service,No internet service,No internet service,No internet service,No internet service,No internet service,Two year,Yes,Electronic check,27.46,1120.52,No
8617-91102,Male,0,No,No,56,Yes,Yes,DSL,Yes,No,No,No,No,No,One year,Yes,Electronic check,65.45,3638.29,No
3937-89985,Male,0,No,No,5,Yes,Yes,Fiber optic,No,Yes,No,No,Yes,Yes,Month-to-month,Yes,Credit card (automatic),100.46,511.7,Yes
3734-82197,Female,0,No,No,67,Yes,Yes,DSL,Yes,No,No,Yes,No,No,Two year,No,Credit card (automatic),70.5,4546.68,No
1925-16963,Female,0,No,Yes,9,Yes,No,Fiber optic,No,No,No,No,Yes,No,Month-to-month,No,Credit card (automatic),76.74,685.5,Yes
3385-85136,Male,0,Yes,Yes,35,Yes,Yes,Fiber optic,No,No,No,No,Yes,No,Two year,Yes,Credit card (automatic),111.65,4051.84,No
5185-99932,Female,1,Yes,No,28,Yes,Yes,Fiber optic,No,No,Yes,No,No,Yes,One year,No,Bank transfer (automatic),96.74,2806.94,No
4914-67010,Female,0,No,No,1,Yes,No,Fiber optic,No,Yes,No,No,Yes,No,Month-to-month,Yes,Bank transfer (automatic),117.08,117.8,Yes
3531-99812,Female,0,Yes,Yes,34,No,No phone service,Fiber optic,Yes,No,No,No,Yes,Yes,Two year,No,Mailed check,92.64,3179.29,No
1249-58956,Female,0,No,No,13,Yes,No,Fiber optic,No,No,No,No,Yes,Yes,Month-to-month,No,Credit card (automatic),89.82,1190.59,Yes
6809-13670,Female,0,No,Yes,40,Yes,Yes,DSL,No,Yes,No,Yes,No,No,Two year,No,Credit card (automatic),77.19,3136.04,No
3526-46600,Male,0,Yes,No,22,Yes,No,Fiber optic,No,No,No,No,Yes,Yes,Two year,Yes,Mailed check,91.02,2047.62,No
1486-34297,Male,0,Yes,No,63,Yes,Yes,Fiber optic,No,No,No,No,Yes,No,Two year,Yes,Credit card (automatic),99.14,6474.68,No
4505-17033,Male,0,No,No,8,Yes,Yes,No,No internet service,No internet service,No internet service,No internet service,No internet service,No internet service,Month-to-month,Yes,Mailed check,28.74,234.65,No
9977-43100,Female,0,Yes,Yes,28,No,No phone service,Fiber optic,No,Yes,No,No,Yes,No,Month-to-month,Yes,Credit card (automatic),111.42,3115.89,Yes
8078-20698,Male,0,No,Yes,45,Yes,No,No,No internet service,No internet service,No internet service,No internet service,No internet service,No internet service,Month-to-month,Yes,Bank transfer (automatic),29.54,1324.87,No
7625-59231,Male,0,No,No,3,Yes,Yes,Fiber optic,No,Yes,No,No,No,Yes,Month-to-month,Yes,Mailed check,119.0,367.1,Yes
1179-71439,Female,1,No,No,14,Yes,No,DSL,No,No,No,Yes,No,No,Month-to-month,Yes,Bank transfer (automatic),73.55,998.18,Yes
1452-14863,Male,0,No,Yes,32,Yes,No,DSL,Yes,No,No,Yes,No,Yes,One year,No,Mailed check,67.56,2214.02,No
3184-58123,Male,0,No,No,2,Yes,No,No,No internet service,No internet service,No internet service,No internet service,No internet service,No internet service,Month-to-month,No,Credit card (automatic),19.7,38.99,Yes
1451-73824,Male,0,Yes,Yes,52,Yes,Yes,Fiber optic,No,No,Yes,No,Yes,No,Two year,Yes,Mailed check,100.76,5343.23,No
5120-24155,Male,0,Yes,No,4,Yes,No,No,No internet service,No internet service,No internet service,No internet service,No internet service,No internet service,Month-to-month,No,Credit card (automatic),21.03,84.43,No
3110-95515,Male,0,Yes,No,2,Yes,Yes,Fiber optic,No,No,No,No,No,Yes,Month-to-month,Yes,Bank transfer (automatic),85.11,168.17,Yes
9639-94052,Female,1,No,Yes,48,Yes,Yes,DSL,No,No,No,Yes,Yes,No,One year,Yes,Credit card (automatic),69.32,3440.01,No
9128-86175,Male,1,Yes,No,30,Yes,Yes,Fiber optic,No,No,Yes,Yes,Yes,Yes,Month-to-month,Yes,Bank transfer (automatic),119.0,3431.19,No
3794-71369,Male,0,Yes,No,44,Yes,No,DSL,Yes,No,Yes,No,No,No,One year,Yes,Mailed check,75.25,3233.97,No
5109-39974,Female,0,Yes,No,34,Yes,No,Fiber optic,No,No,No,No,No,No,One year,Yes,Bank transfer (automatic),88.43,2999.4,Yes
1641-48026,Male,0,Yes,No,47,Yes,Yes,Fiber optic,No,No,No,No,Yes,No,One year,Yes,Credit card (automatic),93.28,4415.44,Yes
7073-90078,Female,0,Yes,No,54,Yes,Yes,Fiber optic,No,Yes,No,No,No,Yes,One year,Yes,Credit card (automatic),103.53,5673.05,No
2924-48738,Female,0,No,No,55,Yes,No,Fiber optic,No,No,No,No,Yes,No,Two year,No,Mailed check,103.65,5626.09,No
5157-40299,Female,0,Yes,Yes,33,Yes,No,DSL,Yes,No,No,No,Yes,Yes,Two year,No,Electronic check,53.93,1778.53,No
4979-56909,Male,0,No,No,46,Yes,No,Fiber optic,No,No,No,No,No,Yes,Month-to-month,Yes,Mailed check,72.22,3282.11,No
8792-56234,Male,0,Yes,Yes,36,Yes,No,DSL,Yes,No,No,No,No,No,Month-to-month,No,Mailed check,47.98,1668.45,No
4793-81143,Female,0,Yes,Yes,29,Yes,No,Fiber optic,No,No,No,No,Yes,No,Two year,Yes,Electronic check,100.25,2968.56,Yes
5913-44961,Male,0,Yes,No,34,Yes,No,DSL,No,No,Yes,No,No,No,Month-to-month,Yes,Credit card (automatic),61.59,2069.42,No
8226-38220,Female,0,No,Yes,7,Yes,Yes,DSL,No,No,Yes,No,Yes,Yes,Month-to-month,No,Mailed check,79.93,560.83,Yes
5951-51580,Male,0,No,No,39,No,No phone service,No,No internet service,No internet service,No internet service,No internet service,No internet service,No internet service,One year,Yes,Credit card (automatic),27.63,1044.92,No
1395-82988,Male,0,Yes,No,41,Yes,Yes,DSL,No,No,No,No,Yes,Yes,Month-to-month,Yes,Credit card (automatic),81.4,3320.26,No
5454-92543,Female,0,No,Yes,28,Yes,No,Fiber optic,No,No,No,Yes,Yes,Yes,Month-to-month,Yes,Electronic check,113.35,3252.44,No
3264-48054,Female,0,Yes,No,40,Yes,No,Fiber optic,No,No,No,No,Yes,Yes,Two year,Yes,Electronic check,79.32,3166.16,No
4062-56009,Female,0,No,No,48,Yes,Yes,Fiber optic,No,Yes,No,No,No,Yes,Month-to-month,Yes,Bank transfer (automatic),103.78,5122.76,No
1587-80356,Female,0,No,No,19,Yes,No,Fiber optic,No,No,No,Yes,No,No,Month-to-month,Yes,Credit card (automatic),91.76,1798.92,Yes
9186-37631,Male,0,Yes,No,26,Yes,Yes,Fiber optic,Yes,No,No,No,Yes,No,Two year,Yes,Bank transfer (automatic),100.11,2532.22,No
7560-27956,Female,0,Yes,No,13,Yes,No,No,No internet service,No internet service,No internet service,No internet service,No internet service,No internet service,Two year,No,Bank transfer (automatic),21.78,290.67,No
2176-75549,Female,0,Yes,No,54,No,No phone service,DSL,Yes,Yes,Yes,No,Yes,No,One year,No,Credit card (automatic),68.78,3612.39,No
1739-48925,Male,0,No,No,35,No,No phone service,DSL,No,No,No,Yes,No,No,Month-to-month,Yes,Mailed check,65.21,2321.43,No
9361-36020,Male,0,Yes,Yes,24,Yes,Yes,Fiber optic,No,Yes,No,No,Yes,Yes,Month-to-month,Yes,Bank transfer (automatic),98.19,2331.23,No
6220-31992,Female,0,No,No,56,No,No phone service,Fiber optic,Yes,No,No,No,No,No,Two year,No,Credit card (automatic),110.29,6172.43,No
9698-56962,Male,0,Yes,Yes,25,Yes,Yes,DSL,No,No,Yes,No,Yes,Yes,Month-to-month,Yes,Electronic check,76.61,1892.89,No
7437-47680,Female,0,No,Yes,64,Yes,Yes,Fiber optic,No,Yes,No,No,Yes,Yes,Two year,Yes,Credit card (automatic),119.0,7747.55,No
7680-98645,Male,0,Yes,Yes,25,No,No phone service,Fiber optic,No,No,No,No,No,No,Two year,No,Mailed check,72.88,1764.99,No
1860-86098,Male,0,No,No,5,No,No phone service,No,No internet service,No internet service,No internet service,No internet service,No internet service,No internet service,Month-to-month,No,Credit card (automatic),24.36,123.26,No
5031-89060,Male,0,Yes,No,25,Yes,No,DSL,Yes,No,No,Yes,No,No,One year,Yes,Credit card (automatic),57.93,1413.63,No
1793-94639,Male,0,Yes,No,50,Yes,Yes,DSL,No,No,No,No,No,No,Two year,No,Electronic check,67.95,3413.49,No
1529-11530,Female,0,Yes,No,67,Yes,No,DSL,No,No,Yes,No,No,Yes,Two year,No,Credit card (automatic),67.47,4630.14,No
6419-51389,Female,0,No,No,32,Yes,No,No,No internet service,No internet service,No internet service,No internet service,No internet service,No internet service,One year,Yes,Electronic check,28.11,867.03,No
7530-23264,Female,0,Yes,No,23,Yes,Yes,DSL,No,Yes,No,No,No,No,Month-to-month,Yes,Bank transfer (automatic),76.38,1765.9,No
8050-73489,Female,0,No,No,39,Yes,Yes,DSL,No,Yes,Yes,No,Yes,No,One year,No,Electronic check,80.8,3216.92,No
2132-80670,Male,0,No,No,35,No,No phone service,Fiber optic,No,No,No,No,No,Yes,One year,No,Bank transfer (automatic),73.76,2571.69,Yes
2419-19070,Female,0,Yes,Yes,11,Yes,Yes,DSL,No,Yes,No,No,No,No,One year,Yes,Bank transfer (automatic),71.31,773.4,No
3584-56867,Female,0,Yes,No,50,Yes,Yes,Fiber optic,No,No,No,No,No,Yes,Month-to-month,Yes,Mailed check,84.29,4338.86,No
4773-69414,Female,0,Yes,No,57,Yes,No,DSL,No,Yes,No,No,No,No,Two year,Yes,Credit card (automatic),57.19,3153.38,No
8708-58658,Female,0,Yes,No,37,Yes,Yes,Fiber optic,No,Yes,Yes,No,No,No,Month-to-month,No,Bank transfer (automatic),99.1,3532.63,Yes
3706-14493,Female,0,Yes,Yes,33,Yes,No,DSL,No,No,Yes,No,Yes,Yes,Month-to-month,Yes,Electronic check,60.68,2023.05,No
3659-41397,Female,0,No,No,43,Yes,No,Fiber optic,No,No,No,Yes,No,Yes,Month-to-month,Yes,Credit card (automatic),80.05,3540.18,No
8171-77590,Female,0,Yes,No,33,Yes,Yes,DSL,No,Yes,No,Yes,No,No,Month-to-month,No,Bank transfer (automatic),53.17,1810.63,Yes
5272-28939,Female,0,Yes,Yes,41,Yes,No,DSL,No,Yes,No,No,No,No,Month-to-month,No,Electronic check,45.65,1884.21,No
8398-27227,Female,0,No,No,44,No,No phone service,No,No internet service,No internet service,No internet service,No internet service,No internet service,No internet service,Month-to-month,Yes,Mailed check,23.9,1057.83,No
4111-60361,Male,0,Yes,No,24,Yes,Yes,No,No internet service,No internet service,No internet service,No internet service,No internet service,No internet service,Month-to-month,Yes,Credit card (automatic),26.9,661.29,No
8763-84534,Male,0,No,No,47,Yes,No,Fiber optic,No,Yes,No,No,Yes,No,Month-to-month,No,Credit card (automatic),105.3,5123.97,No
7353-76569,Female,0,No,No,38,Yes,No,Fiber optic,No,No,Yes,No,No,No,Month-to-month,Yes,Bank transfer (automatic),98.72,3858.3,No
5629-71433,Male,1,Yes,No,14,Yes,No,Fiber optic,No,No,No,No,Yes,Yes,Month-to-month,Yes,Credit card (automatic),116.42,1571.74,No
8813-87432,Male,0,No,No,23,No,No phone service,Fiber optic,No,No,No,No,No,No,Month-to-month,No,Electronic check,75.93,1779.14,Yes
7127-64887,Female,0,No,No,5,Yes,Yes,Fiber optic,No,Yes,No,No,No,Yes,Month-to-month,No,Bank transfer (automatic),94.11,458.82,Yes
6265-49497,Female,0,No,Yes,19,Yes,Yes,Fiber optic,No,No,Yes,No,Yes,No,Month-to-month,No,Bank transfer (automatic),100.54,1882.94,No
5862-65515,Female,0,No,No,28,No,No phone service,Fiber optic,No,No,No,No,Yes,No,One year,No,Electronic check,96.27,2630.63,No
8791-67272,Male,0,No,No,18,Yes,Yes,Fiber optic,No,Yes,Yes,No,No,Yes,Month-to-month,No,Electronic check,119.0,2222.01,Yes
1172-67982,Male,1,No,Yes,9,No,No phone service,Fiber optic,No,No,Yes,No,Yes,No,One year,Yes,Credit card (automatic),105.16,926.69,Yes
3809-90977,Female,0,No,Yes,14,Yes,No,DSL,No,No,Yes,No,No,No,Month-to-month,Yes,Mailed check,52.81,728.4,No
7536-97967,Female,0,No,Yes,17,Yes,No,No,No internet service,No internet service,No internet service,No internet service,No internet service,No internet service,Month-to-month,Yes,Mailed check,20.1,349.5,No
4613-61944,Male,0,No,No,2,No,No phone service,Fiber optic,No,No,No,No,Yes,No,Month-to-month,Yes,Credit card (automatic),99.14,192.34,Yes
7852-68379,Female,0,No,No,22,Yes,No,Fiber optic,No,No,No,No,No,Yes,Month-to-month,Yes,Electronic check,96.03,2170.46,Yes
4197-28753,Male,0,Yes,No,42,Yes,No,Fiber optic,No,Yes,Yes,No,No,Yes,One year,No,Credit card (automatic),88.69,3649.83,No
7708-79353,Female,0,No,Yes,62,Yes,No,Fiber optic,No,No,Yes,No,No,Yes,Two year,Yes,Credit card (automatic),113.09,6800.28,No
3666-22925,Female,0,Yes,No,48,Yes,Yes,Fiber optic,No,No,No,No,Yes,No,One year,Yes,Credit card (automatic),109.27,5148.5,Yes
7615-54726,Female,0,Yes,Yes,10,Yes,No,Fiber optic,No,Yes,No,No,Yes,No,Month-to-month,Yes,Mailed check,80.12,796.99,No
8900-23135,Female,0,Yes,No,45,Yes,Yes,DSL,Yes,No,No,No,Yes,No,Month-to-month,No,Mailed check,82.66,3686.78,No
5153-59392,Male,0,Yes,Yes,66,Yes,No,No,No internet service,No internet service,No internet service,No internet service,No internet service,No internet service,Two year,Yes,Electronic check,23.34,1569.71,No
6346-58356,Male,1,No,No,43,Yes,No,DSL,Yes,Yes,No,No,No,Yes,Month-to-month,Yes,Electronic check,75.82,3219.91,Yes
7840-57717,Male,0,Yes,No,44,Yes,No,No,No internet service,No internet service,No internet service,No internet service,No internet service,No internet service,Month-to-month,No,Mailed check,25.82,1135.07,No
5891-28749,Female,0,No,No,8,Yes,No,No,No internet service,No internet service,No internet service,No internet service,No internet service,No internet service,Month-to-month,Yes,Mailed check,26.86,222.11,No
7741-58869,Female,0,No,Yes,27,Yes,No,No,No internet service,No internet service,No internet service,No internet service,No internet service,No internet service,Two year,Yes,Electronic check,22.04,582.8,No
9267-80217,Female,1,Yes,Yes,16,Yes,Yes,DSL,No,Yes,No,Yes,No,Yes,Two year,Yes,Credit card (automatic),79.06,1306.94,No
3141-33712,Male,0,Yes,No,28,Yes,No,DSL,No,Yes,No,No,No,Yes,Month-to-month,Yes,Bank transfer (automatic),56.82,1650.25,Yes
1563-55932,Male,0,No,No,45,Yes,No,Fiber optic,No,Yes,No,No,No,Yes,Month-to-month,No,Electronic check,82.17,3782.75,No
6776-72144,Female,0,No,No,60,No,No phone service,DSL,Yes,No,No,No,No,No,Two year,No,Electronic check,67.55,4141.55,No
8552-81306,Female,1,Yes,No,30,Yes,No,No,No internet service,No internet service,No internet service,No internet service,No internet service,No internet service,Month-to-month,No,Credit card (automatic),19.35,560.14,No
8752-67305,Female,0,Yes,No,3,Yes,No,Fiber optic,No,No,No,No,No,Yes,Month-to-month,Yes,Bank transfer (automatic),105.57,316.65,Yes
4168-80056,Male,0,Yes,No,38,Yes,Yes,No,No internet service,No internet service,No internet service,No internet service,No internet service,No internet service,Month-to-month,Yes,Electronic check,28.33,1062.39,No
2587-34745,Male,0,Yes,No,2,Yes,No,No,No internet service,No internet service,No internet service,No internet service,No internet service,No internet service,Month-to-month,Yes,Mailed check,26.45,52.49,No
7935-37430,Female,0,Yes,No,30,Yes,No,No,No internet service,No internet service,No internet service,No internet service,No internet service,No internet service,Month-to-month,No,Bank transfer (automatic),19.1,556.28,No
1763-41358,Female,1,No,No,41,Yes,No,DSL,Yes,No,Yes,No,No,Yes,One year,No,Credit card (automatic),62.55,2482.72,No
1552-89940,Male,0,Yes,No,52,Yes,No,No,No internet service,No internet service,No internet service,No internet service,No internet service,No internet service,One year,No,Credit card (automatic),29.01,1473.1,No
9958-71503,Female,0,Yes,No,40,Yes,Yes,DSL,Yes,Yes,No,Yes,No,No,One year,Yes,Bank transfer (automatic),82.69,3404.8,No
1490-94855,Male,0,No,Yes,24,Yes,Yes,Fiber optic,No,No,No,No,Yes,Yes,Month-to-month,Yes,Electronic check,100.16,2396.66,Yes
1000-42843,Male,0,No,Yes,26,Yes,No,Fiber optic,Yes,Yes,No,No,Yes,Yes,Month-to-month,Yes,Electronic check,101.75,2590.87,No
1761-48403,Female,0,Yes,Yes,60,Yes,Yes,DSL,No,No,No,Yes,Yes,Yes,Two year,No,Electronic check,64.86,3784.72,No
5021-68629,Female,0,No,No,68,Yes,No,Fiber optic,No,No,Yes,No,Yes,Yes,Month-to-month,Yes,Mailed check,117.8,7723.88,Yes
2603-96172,Female,0,No,No,44,Yes,No,Fiber optic,No,Yes,No,No,No,No,Month-to-month,No,Credit card (automatic),100.04,4460.7,No
9960-29379,Male,0,Yes,Yes,5,Yes,No,Fiber optic,No,No,No,No,Yes,No,Month-to-month,No,Credit card (automatic),75.97,389.79,Yes
1858-38290,Female,1,Yes,Yes,46,Yes,No,Fiber optic,Yes,No,No,No,No,No,Month-to-month,No,Mailed check,78.15,3568.11,No
1920-33121,Female,0,No,No,2,Yes,No,DSL,No,No,Yes,No,No,Yes,Month-to-month,Yes,Mailed check,80.29,160.11,Yes
2954-42023,Female,0,No,Yes,15,Yes,No,Fiber optic,No,No,No,No,Yes,No,Month-to-month,Yes,Bank transfer (automatic),108.75,1645.96,Yes
4618-73512,Male,0,No,Yes,23,Yes,Yes,Fiber optic,No,Yes,No,No,No,Yes,One year,Yes,Mailed check,118.25,2689.09,Yes
9319-95948,Female,1,Yes,Yes,26,Yes,No,DSL,Yes,No,No,No,No,Yes,Month-to-month,Yes,Credit card (automatic),48.69,1266.1,No
8754-97948,Female,0,No,No,23,Yes,No,Fiber optic,No,Yes,Yes,No,Yes,Yes,Two year,Yes,Mailed check,113.34,2594.42,Yes
4194-70452,Female,0,Yes,No,4,Yes,No,Fiber optic,No,No,No,No,Yes,No,One year,No,Credit card (automatic),75.46,294.64,No
5159-85884,Male,0,No,Yes,25,Yes,Yes,No,No internet service,No internet service,No internet service,No internet service,No internet service,No internet service,Month-to-month,Yes,Electronic check,29.69,744.11,No
1097-62179,Female,1,No,Yes,67,Yes,Yes,No,No internet service,No internet service,No internet service,No internet service,No internet service,No internet service,Two year,Yes,Mailed check,30.27,2019.16,No
9694-86775,Male,1,Yes,Yes,13,Yes,Yes,Fiber optic,No,No,No,No,No,Yes,Two year,No,Bank transfer (automatic),97.46,1302.15,No
4605-37563,Male,0,Yes,No,12,Yes,Yes,Fiber optic,No,No,No,No,Yes,Yes,Month-to-month,Yes,Credit card (automatic),83.61,986.33,No
8320-34806,Female,0,No,No,2,Yes,No,Fiber optic,No,No,Yes,No,Yes,No,One year,Yes,Mailed check,97.58,198.34,No
4255-37436,Male,0,No,No,58,Yes,No,Fiber optic,No,No,Yes,No,No,Yes,One year,Yes,Mailed check,81.39,4643.22,No
8498-57602,Female,0,Yes,No,47,Yes,Yes,Fiber optic,No,No,No,No,Yes,No,One year,Yes,Credit card (automatic),85.67,4031.25,No
6332-26097,Male,0,No,No,14,No,No phone service,DSL,No,Yes,No,No,No,Yes,Month-to-month,Yes,Electronic check,64.9,921.03,No
5747-81048,Female,0,Yes,Yes,27,No,No phone service,DSL,Yes,Yes,No,Yes,No,Yes,Month-to-month,Yes,Electronic check,63.95,1779.87,Yes
8385-63782,Female,0,Yes,No,1,Yes,No,Fiber optic,No,Yes,Yes,No,No,No,Month-to-month,Yes,Electronic check,111.67,109.88,Yes
9565-12408,Female,1,Yes,No,49,Yes,No,DSL,Yes,No,No,No,Yes,Yes,Month-to-month,Yes,Credit card (automatic),70.37,3485.65,No
5614-17759,Male,0,No,Yes,72,Yes,No,No,No internet service,No internet service,No internet service,No internet service,No internet service,No internet service,Month-to-month,Yes,Credit card (automatic),27.35,1919.16,No
1551-96764,Male,0,Yes,No,34,Yes,No,DSL,Yes,Yes,No,No,No,No,Two year,Yes,Electronic check,54.28,1804.12,No
3241-10915,Male,0,No,Yes,1,Yes,Yes,Fiber optic,No,No,No,Yes,No,Yes,Month-to-month,Yes,Electronic check,110.23,109.54,Yes
1806-70143,Male,0,Yes,No,4,Yes,Yes,DSL,Yes,No,Yes,No,No,No,Month-to-month,Yes,Credit card (automatic),70.34,284.6,No
5842-63139,Female,0,No,Yes,1,Yes,No,Fiber optic,No,No,No,No,Yes,Yes,Month-to-month,No,Credit card (automatic),96.01,93.42,Yes
3313-92365,Male,1,No,No,40,Yes,No,DSL,No,Yes,Yes,No,Yes,No,Month-to-month,Yes,Mailed check,64.46,2678.73,Yes
3716-31763,Male,0,Yes,Yes,70,Yes,Yes,Fiber optic,No,No,No,No,Yes,Yes,Two year,Yes,Bank transfer (automatic),104.8,7587.37,No
1067-13555,Male,0,Yes,No,33,Yes,Yes,No,No internet service,No internet service,No internet service,No internet service,No internet service,No internet service,Two year,Yes,Credit card (automatic),24.44,792.6,No
4147-89095,Male,0,Yes,No,42,Yes,No,Fiber optic,No,No,No,Yes,Yes,Yes,Month-to-month,No,Mailed check,116.43,4863.91,Yes
6527-93237,Female,0,Yes,No,9,Yes,No,DSL,No,No,No,Yes,Yes,No,Month-to-month,Yes,Mailed check,73.07,640.1,Yes
8100-82563,Female,1,No,No,39,Yes,No,Fiber optic,No,Yes,No,No,No,No,Month-to-month,No,Bank transfer (automatic),109.92,4162.93,Yes
4220-24746,Male,0,No,Yes,58,Yes,No,Fiber optic,No,Yes,Yes,Yes,No,Yes,Two year,Yes,Mailed check,110.99,6576.84,No
6513-54085,Female,0,Yes,No,21,Yes,No,Fiber optic,No,No,No,Yes,Yes,No,Month-to-month,Yes,Mailed check,101.09,2055.69,Yes
3878-31034,Female,0,No,Yes,22,Yes,Yes,No,No internet service,No internet service,No internet service,No internet service,No internet service,No internet service,Month-to-month,Yes,Credit card (automatic),27.94,601.46,No
4079-61293,Male,0,Yes,No,32,Yes,No,No,No internet service,No internet service,No internet service,No internet service,No internet service,No internet service,Month-to-month,No,Electronic check,26.78,833.59,No
5676-65309,Male,0,Yes,Yes,31,Yes,Yes,No,No internet service,No internet service,No internet service,No internet service,No internet service,No internet service,Month-to-month,No,Mailed check,32.15,967.68,No
7639-87108,Male,1,Yes,No,20,No,No phone service,Fiber optic,No,No,No,No,Yes,Yes,Month-to-month,No,Mailed check,88.72,1821.16,Yes
4341-41322,Male,0,Yes,No,14,Yes,No,No,No internet service,No internet service,No internet service,No internet service,No internet service,No internet service,Two year,Yes,Credit card (automatic),21.53,302.22,No
7222-26669,Male,1,No,No,43,Yes,No,Fiber optic,No,No,No,Yes,Yes,No,Month-to-month,Yes,Bank transfer (automatic),98.78,4254.53,No
2121-83011,Male,0,Yes,No,11,No,No phone service,DSL,No,No,No,No,No,Yes,Month-to-month,Yes,Credit card (automatic),53.37,608.41,Yes
8248-14086,Female,0,No,Yes,10,Yes,No,Fiber optic,No,Yes,No,No,Yes,Yes,Month-to-month,Yes,Credit card (automatic),91.77,897.6,Yes
6510-34438,Male,1,Yes,No,25,Yes,Yes,Fiber optic,No,No,No,Yes,No,No,Month-to-month,Yes,Credit card (automatic),84.07,2120.21,Yes
8955-57697,Female,0,No,Yes,41,No,No phone service,Fiber optic,No,No,Yes,Yes,No,Yes,Two year,No,Electronic check,119.0,4689.63,No
3792-64077,Male,0,Yes,Yes,21,Yes,Yes,No,No internet service,No internet service,No internet service,No internet service,No internet service,No internet service,One year,Yes,Credit card (automatic),23.87,518.38,No
2975-83254,Male,1,Yes,No,59,Yes,Yes,No,No internet service,No internet service,No internet service,No internet service,No internet service,No internet service,Two year,No,Mailed check,28.91,1679.56,No
4876-65283,Female,0,Yes,No,63,Yes,No,Fiber optic,No,No,No,Yes,No,No,Two year,No,Electronic check,82.87,5176.13,No
8165-37350,Female,1,Yes,No,58,Yes,No,Fiber optic,No,No,No,No,Yes,No,One year,Yes,Bank transfer (automatic),86.97,5199.12,No
4236-39011,Female,0,Yes,No,15,Yes,Yes,DSL,Yes,Yes,Yes,Yes,Yes,Yes,One year,No,Credit card (automatic),102.0,1532.45,No
5990-24084,Male,1,Yes,Yes,43,Yes,No,DSL,No,No,No,No,Yes,No,Month-to-month,Yes,Bank transfer (automatic),70.91,3153.91,Yes
6414-24692,Male,0,No,Yes,47,Yes,No,DSL,No,No,Yes,Yes,Yes,Yes,One year,Yes,Bank transfer (automatic),61.75,2934.8,No
8631-84965,Male,0,Yes,No,13,Yes,No,DSL,No,Yes,No,No,No,Yes,One year,Yes,Mailed check,59.43,759.69,No
6821-56158,Male,1,No,Yes,43,No,No phone service,No,No internet service,No internet service,No internet service,No internet service,No internet service,No internet service,One year,Yes,Credit card (automatic),20.58,902.6,No
1830-96276,Female,0,No,No,44,Yes,No,Fiber optic,Yes,No,No,No,No,Yes,Month-to-month,No,Bank transfer (automatic),98.27,4164.55,No
4389-41132,Male,0,No,No,5,Yes,Yes,Fiber optic,No,No,No,No,No,Yes,One year,Yes,Bank transfer (automatic),94.25,488.34,Yes
1581-52055,Male,0,No,Yes,37,Yes,No,DSL,No,Yes,Yes,Yes,Yes,No,Month-to-month,No,Credit card (automatic),67.4,2583.19,Yes
2717-99267,Female,0,Yes,No,41,Yes,No,Fiber optic,No,No,No,No,Yes,No,One year,Yes,Bank transfer (automatic),102.72,4346.47,No
8230-62410,Male,1,No,No,71,Yes,No,Fiber optic,No,No,No,No,Yes,Yes,Month-to-month,Yes,Mailed check,116.96,8544.16,Yes
4416-48413,Male,0,No,No,44,Yes,No,DSL,No,No,Yes,Yes,Yes,No,Month-to-month,Yes,Credit card (automatic),55.91,2454.49,No
7599-22223,Male,0,No,No,8,Yes,No,DSL,No,Yes,No,No,No,No,Month-to-month,No,Mailed check,51.03,398.65,Yes
1166-20080,Male,0,Yes,No,28,Yes,No,Fiber optic,No,No,No,No,Yes,No,One year,No,Mailed check,78.87,2152.91,No
1022-56605,Female,1,No,No,35,Yes,No,DSL,Yes,No,No,No,Yes,No,One year,Yes,Credit card (automatic),78.34,2677.36,No
2503-83310,Female,1,Yes,No,43,Yes,No,Fiber optic,Yes,No,No,No,Yes,Yes,Month-to-month,Yes,Mailed check,97.65,4319.84,Yes
7004-90774,Female,1,No,No,72,Yes,No,No,No internet service,No internet service,No internet service,No internet service,No internet service,No internet service,Month-to-month,No,Electronic check,27.05,1912.46,No
4818-20588,Male,0,Yes,No,51,Yes,No,DSL,No,No,Yes,No,No,No,Month-to-month,Yes,Electronic check,69.46,3491.6,No
1701-61809,Female,0,Yes,No,25,Yes,Yes,DSL,No,No,No,No,No,No,Month-to-month,No,Bank transfer (automatic),47.92,1150.92,No
8126-48977,Female,0,No,No,27,Yes,No,Fiber optic,No,No,Yes,No,Yes,Yes,Month-to-month,Yes,Credit card (automatic),92.02,2419.23,Yes
6428-50522,Male,0,No,No,38,Yes,No,DSL,No,No,Yes,No,Yes,No,Two year,Yes,Credit card (automatic),59.37,2324.35,No
6165-31421,Female,0,Yes,Yes,16,Yes,Yes,Fiber optic,No,No,Yes,No,Yes,Yes,Two year,No,Credit card (automatic),91.83,1495.25,No
5757-77542,Male,0,No,No,16,Yes,No,DSL,Yes,Yes,No,Yes,No,Yes,Month-to-month,Yes,Electronic check,73.62,1204.38,Yes
9044-53334,Female,0,No,No,44,Yes,Yes,DSL,Yes,No,No,No,Yes,Yes,Two year,Yes,Credit card (automatic),79.14,3494.52,Yes
1841-12714,Female,0,No,No,24,No,No phone service,Fiber optic,No,No,No,No,Yes,No,Month-to-month,Yes,Electronic check,76.22,1777.73,No
7553-34707,Male,0,No,No,57,Yes,Yes,No,No internet service,No internet service,No internet service,No internet service,No internet service,No internet service,Two year,Yes,Electronic check,25.71,1407.83,No
8918-88370,Male,0,Yes,No,35,Yes,Yes,Fiber optic,Yes,No,Yes,No,Yes,No,Month-to-month,Yes,Electronic check,110.96,3875.85,Yes
4364-70451,Male,0,Yes,No,3,Yes,No,DSL,No,No,No,Yes,Yes,No,One year,No,Electronic check,54.08,161.93,No
6286-75536,Female,1,No,No,33,Yes,Yes,Fiber optic,Yes,Yes,No,No,Yes,No,Month-to-month,No,Electronic check,113.39,3651.88,Yes
1450-81623,Male,0,Yes,No,35,Yes,Yes,DSL,No,Yes,No,No,No,Yes,Month-to-month,Yes,Mailed check,57.88,2048.89,No
6053-34401,Female,1,No,No,11,Yes,Yes,DSL,No,Yes,No,No,Yes,No,Month-to-month,Yes,Mailed check,66.93,733.69,No
1454-26038,Male,0,No,No,23,No,No phone service,Fiber optic,Yes,No,No,No,Yes,Yes,One year,Yes,Credit card (automatic),119.0,2738.54,Yes
4268-33515,Male,0,No,No,39,Yes,No,No,No internet service,No internet service,No internet service,No internet service,No internet service,No internet service,Two year,No,Credit card (automatic),22.03,856.29,No
9000-14988,Female,0,Yes,No,10,Yes,No,No,No internet service,No internet service,No internet service,No internet service,No internet service,No internet service,One year,No,Mailed check,19.43,197.12,No
3288-95242,Female,0,No,No,70,Yes,No,Fiber optic,No,No,Yes,No,No,No,Two year,Yes,Bank transfer (automatic),72.36,4888.04,No
1534-64865,Female,0,No,Yes,27,Yes,Yes,No,No internet service,No internet service,No internet service,No internet service,No internet service,No internet service,Month-to-month,Yes,Bank transfer (automatic),24.67,656.17,No
1961-58122,Male,0,Yes,Yes,31,No,No phone service,Fiber optic,No,Yes,No,No,Yes,No,Two year,No,Mailed check,98.18,3101.24,No
1725-92803,Male,0,Yes,No,61,No,No phone service,No,No internet service,No internet service,No internet service,No internet service,No internet service,No internet service,Two year,No,Mailed check,24.53,1458.1,No
4588-48246,Male,1,Yes,No,6,Yes,Yes,No,No internet service,No internet service,No internet service,No internet service,No internet service,No internet service,Month-to-month,No,Electronic check,32.91,190.64,No
5190-41456,Female,0,Yes,No,30,Yes,No,Fiber optic,No,No,No,No,No,Yes,Month-to-month,Yes,Bank transfer (automatic),80.41,2350.07,Yes
8411-15456,Female,0,No,Yes,48,Yes,No,DSL,No,No,No,Yes,No,Yes,Month-to-month,Yes,Bank transfer (automatic),65.65,3193.17,No
3536-90173,Male,0,No,Yes,2,Yes,No,Fiber optic,No,No,No,No,Yes,Yes,Month-to-month,No,Bank transfer (automatic),82.28,160.27,Yes
6575-85186,Female,0,Yes,No,70,Yes,No,No,No internet service,No internet service,No internet service,No internet service,No internet service,No internet service,Month-to-month,Yes,Credit card (automatic),23.33,1579.2,No
4070-17532,Male,0,No,No,37,Yes,No,Fiber optic,No,Yes,Yes,No,Yes,No,One year,No,Credit card (automatic),109.62,4073.91,No
5786-15934,Female,0,Yes,No,58,Yes,No,Fiber optic,No,No,No,No,No,No,Two year,No,Mailed check,104.8,6076.11,No
7350-56471,Female,0,Yes,No,24,Yes,Yes,Fiber optic,No,Yes,No,No,No,No,Month-to-month,No,Bank transfer (automatic),96.89,2391.17,Yes
4258-65743,Female,0,Yes,No,38,Yes,Yes,Fiber optic,No,No,No,No,Yes,Yes,Two year,Yes,Mailed check,110.01,4092.36,No
7706-15921,Male,1,No,No,17,Yes,No,No,No internet service,No internet service,No internet service,No internet service,No internet service,No internet service,Two year,Yes,Bank transfer (automatic),28.32,494.97,No
4279-69962,Female,1,No,Yes,1,Yes,Yes,Fiber optic,No,No,Yes,No,Yes,No,One year,Yes,Credit card (automatic),90.86,87.52,No
4950-61960,Male,0,No,No,33,Yes,Yes,DSL,Yes,No,Yes,No,No,No,Two year,Yes,Bank transfer (automatic),69.53,2294.08,No
2220-78714,Female,1,No,No,58,Yes,No,DSL,Yes,No,No,No,No,Yes,Two year,No,Credit card (automatic),62.32,3577.57,No
8708-93509,Male,0,Yes,No,11,Yes,No,No,No internet service,No internet service,No internet service,No internet service,No internet service,No internet service,Month-to-month,Yes,Credit card (automatic),29.11,320.54,No
5761-26029,Female,0,No,No,66,Yes,No,DSL,No,No,No,No,Yes,No,Two year,No,Mailed check,43.71,2993.16,No
7054-80202,Male,1,Yes,No,2,Yes,No,No,No internet service,No internet service,No internet service,No internet service,No internet service,No internet service,Month-to-month,Yes,Bank transfer (automatic),22.15,45.07,No
8022-32356,Male,0,Yes,Yes,6,Yes,Yes,DSL,Yes,No,Yes,No,Yes,No,Month-to-month,Yes,Mailed check,62.55,387.02,No
1141-87350,Female,0,No,Yes,38,Yes,No,DSL,No,No,No,No,No,Yes,Month-to-month,Yes,Electronic check,64.61,2380.55,No
2526-45981,Female,0,Yes,No,55,No,No phone service,DSL,No,No,Yes,Yes,No,No,One year,No,Mailed check,51.49,2816.4,No
9798-92714,Male,0,Yes,No,39,No,No phone service,DSL,No,Yes,No,No,No,Yes,Two year,Yes,Bank transfer (automatic),60.01,2344.75,No
3794-64810,Female,0,Yes,No,29,Yes,No,No,No internet service,No internet service,No internet service,No internet service,No internet service,No internet service,Month-to-month,Yes,Credit card (automatic),27.6,803.28,No
5846-14532,Male,0,Yes,Yes,11,Yes,Yes,DSL,No,No,No,No,Yes,No,One year,Yes,Credit card (automatic),75.89,806.58,No
3948-87523,Male,0,No,No,27,Yes,No,Fiber optic,No,Yes,Yes,Yes,Yes,Yes,Month-to-month,Yes,Mailed check,89.96,2334.92,Yes
8930-49784,Male,0,Yes,Yes,29,Yes,No,No,No internet service,No internet service,No internet service,No internet service,No internet service,No internet service,Two year,Yes,Electronic check,28.33,842.09,No
1358-66882,Male,0,No,No,7,Yes,No,Fiber optic,No,No,Yes,No,No,No,Month-to-month,No,Credit card (automatic),102.23,714.61,Yes
7913-96633,Male,0,No,Yes,32,Yes,No,No,No internet service,No internet service,No internet service,No internet service,No internet service,No internet service,One year,Yes,Bank transfer (automatic),20.83,653.56,No
1538-49432,Male,1,No,No,60,Yes,Yes,DSL,Yes,Yes,Yes,No,Yes,Yes,One year,Yes,Credit card (automatic),79.25,4624.75,No
7939-44984,Male,0,Yes,No,27,No,No phone service,Fiber optic,No,No,No,No,Yes,Yes,Month-to-month,No,Electronic check,97.39,2732.17,Yes
7290-95290,Male,0,No,Yes,58,Yes,No,Fiber optic,No,Yes,No,No,No,Yes,Two year,Yes,Credit card (automatic),108.94,6414.78,No
5353-31539,Male,0,Yes,No,69,Yes,No,No,No internet service,No internet service,No internet service,No internet service,No internet service,No internet service,Two year,Yes,Electronic check,27.0,1905.02,No
8167-46298,Female,0,Yes,No,64,Yes,No,Fiber optic,No,No,No,No,No,Yes,Month-to-month,Yes,Credit card (automatic),102.46,6667.48,No
2515-78190,Female,0,No,Yes,25,Yes,No,Fiber optic,Yes,No,No,No,Yes,Yes,One year,Yes,Credit card (automatic),104.61,2625.72,No
1265-62104,Male,0,Yes,Yes,20,Yes,No,Fiber optic,Yes,No,Yes,No,Yes,No,Two year,Yes,Bank transfer (automatic),113.15,2199.95,No
9711-36999,Male,0,No,No,15,Yes,No,Fiber optic,No,No,No,No,No,Yes,Month-to-month,No,Bank transfer (automatic),80.14,1194.38,Yes
3905-48026,Female,0,Yes,No,47,Yes,No,No,No internet service,No internet service,No internet service,No internet service,No internet service,No internet service,Month-to-month,No,Bank transfer (automatic),21.64,1027.71,No
8367-99694,Female,0,No,No,33,Yes,Yes,DSL,No,Yes,No,No,No,Yes,One year,Yes,Credit card (automatic),85.55,2899.11,No
3726-77247,Female,0,No,No,58,Yes,No,DSL,No,Yes,No,No,No,No,One year,No,Credit card (automatic),67.58,4066.04,No
2292-96924,Female,0,No,No,5,Yes,No,DSL,No,No,No,No,No,No,One year,Yes,Mailed check,52.19,261.85,No
8475-18183,Female,0,Yes,No,34,Yes,Yes,No,No internet service,No internet service,No internet service,No internet service,No internet service,No internet service,One year,No,Mailed check,27.54,961.02,No
8910-16199,Female,0,Yes,No,34,Yes,No,Fiber optic,No,No,Yes,No,Yes,Yes,One year,Yes,Mailed check,91.41,3003.74,No
4421-13380,Male,0,No,No,22,Yes,No,DSL,No,No,No,No,No,Yes,Month-to-month,Yes,Bank transfer (automatic),52.82,1117.6,No
4399-91430,Male,0,No,Yes,1,Yes,Yes,No,No internet service,No internet service,No internet service,No internet service,No internet service,No internet service,Month-to-month,Yes,Mailed check,34.03,33.3,No
2807-71120,Male,0,Yes,Yes,29,Yes,No,DSL,No,Yes,No,No,No,Yes,Month-to-month,Yes,Mailed check,78.67,2202.55,Yes
5753-33090,Male,0,Yes,No,9,No,No phone service,No,No internet service,No internet service,No internet service,No internet service,No internet service,No internet service,Month-to-month,Yes,Credit card (automatic),28.03,257.56,Yes
9581-60819,Female,0,No,No,44,No,No phone service,No,No internet service,No internet service,No internet service,No internet service,No internet service,No internet service,One year,Yes,Bank transfer (automatic),21.76,973.28,No
4715-28248,Female,0,No,No,31,Yes,Yes,Fiber optic,No,No,Yes,No,Yes,Yes,Two year,Yes,Bank transfer (automatic),90.06,2734.72,No
9691-64321,Female,0,No,Yes,0,Yes,Yes,DSL,No,No,No,No,No,Yes,Month-to-month,Yes,Bank transfer (automatic),59.31,,No
6834-38024,Male,0,No,No,37,Yes,Yes,Fiber optic,No,Yes,No,No,No,Yes,One year,Yes,Bank transfer (automatic),109.9,4198.12,No
2331-67139,Male,0,Yes,No,33,Yes,Yes,Fiber optic,No,No,Yes,No,Yes,No,Month-to-month,Yes,Electronic check,115.38,3781.83,Yes
5760-21992,Male,0,Yes,No,65,Yes,No,DSL,No,Yes,No,No,No,No,Month-to-month,No,Electronic check,65.54,4101.17,No
9339-32867,Female,1,No,Yes,60,No,No phone service,Fiber optic,No,No,Yes,No,Yes,Yes,Two year,No,Credit card (automatic),93.08,5368.94,Yes
2512-11726,Male,0,No,No,10,Yes,No,DSL,No,Yes,Yes,Yes,No,Yes,Month-to-month,Yes,Credit card (automatic),90.41,921.79,Yes
3583-84065,Male,0,Yes,No,19,Yes,No,No,No internet service,No internet service,No internet service,No internet service,No internet service,No internet service,Two year,No,Bank transfer (automatic),28.02,528.8,No
4660-82286,Female,0,No,Yes,37,No,No phone service,Fiber optic,No,No,No,No,No,No,Month-to-month,Yes,Credit card (automatic),82.59,3048.79,Yes
6843-40469,Female,0,Yes,No,9,Yes,No,DSL,No,No,Yes,No,No,Yes,Month-to-month,No,Electronic check,78.24,690.15,Yes
7766-24894,Female,0,Yes,Yes,29,Yes,No,Fiber optic,No,Yes,No,No,Yes,Yes,One year,Yes,Electronic check,95.62,2669.74,No
5593-15408,Male,0,No,No,71,Yes,Yes,Fiber optic,No,No,Yes,No,No,No,Two year,Yes,Bank transfer (automatic),99.47,6830.33,No
5967-72426,Male,0,Yes,Yes,33,Yes,No,DSL,No,Yes,Yes,Yes,Yes,No,One year,Yes,Electronic check,89.35,2843.02,No
6433-22824,Male,0,Yes,No,26,Yes,Yes,DSL,Yes,Yes,No,No,Yes,No,Two year,Yes,Mailed check,60.83,1557.36,No
1583-38338,Male,0,No,Yes,41,Yes,No,DSL,Yes,No,Yes,Yes,No,No,Two year,No,Bank transfer (automatic),79.31,3254.36,No
5122-86119,Female,0,Yes,No,18,Yes,Yes,Fiber optic,No,No,No,No,No,No,One year,Yes,Electronic check,72.67,1307.57,No
9787-13850,Male,0,Yes,Yes,25,Yes,No,DSL,Yes,Yes,Yes,No,Yes,Yes,Month-to-month,Yes,Electronic check,67.04,1637.68,No
7868-34566,Male,0,No,No,27,Yes,Yes,DSL,No,No,No,No,Yes,Yes,Month-to-month,No,Electronic check,73.22,2052.07,No
2576-96957,Female,0,Yes,Yes,21,Yes,No,No,No internet service,No internet service,No internet service,No internet service,No internet service,No internet service,One year,Yes,Bank transfer (automatic),26.87,554.55,No
1351-20547,Male,0,No,No,57,Yes,No,DSL,No,Yes,Yes,No,No,No,One year,Yes,Credit card (automatic),75.72,4389.12,No
6023-20519,Male,1,Yes,No,5,Yes,No,DSL,No,Yes,No,No,No,No,Month-to-month,Yes,Credit card (automatic),46.19,229.69,No
2722-91321,Male,0,Yes,No,38,Yes,Yes,Fiber optic,No,No,No,No,No,No,Month-to-month,No,Bank transfer (automatic),89.83,3444.86,No
9083-91123,Male,0,No,Yes,25,No,No phone service,No,No internet service,No internet service,No internet service,No internet service,No internet service,No internet service,Month-to-month,No,Electronic check,22.87,549.51,No
2278-74107,Male,0,Yes,No,54,Yes,No,Fiber optic,No,Yes,No,No,Yes,No,Month-to-month,Yes,Bank transfer (automatic),89.28,4668.08,Yes
7340-72497,Female,0,No,No,36,Yes,No,DSL,Yes,Yes,No,No,Yes,No,Month-to-month,No,Bank transfer (automatic),54.72,1970.68,No
5099-67608,Female,0,No,No,43,Yes,No,Fiber optic,Yes,No,No,Yes,No,No,Two year,No,Electronic check,107.29,4473.88,No
5804-65631,Male,0,No,No,34,Yes,No,Fiber optic,Yes,No,No,No,No,No,Two year,Yes,Credit card (automatic),78.22,2690.12,No
6597-61388,Male,0,Yes,No,19,Yes,Yes,DSL,No,No,No,Yes,No,No,Two year,No,Bank transfer (automatic),55.43,1038.89,No
1778-93859,Male,0,Yes,No,40,No,No phone service,DSL,No,Yes,No,Yes,No,Yes,One year,Yes,Credit card (automatic),69.53,2847.69,No
4356-59997,Female,1,No,No,63,Yes,No,Fiber optic,No,Yes,No,No,No,Yes,Month-to-month,Yes,Electronic check,93.01,5716.05,No
9933-73304,Female,1,Yes,Yes,41,Yes,No,Fiber optic,No,No,No,No,Yes,Yes,One year,Yes,Electronic check,83.62,3498.66,No
3608-58769,Female,0,No,Yes,13,Yes,No,DSL,No,Yes,Yes,No,No,No,Two year,Yes,Credit card (automatic),67.61,876.04,No
3135-50265,Male,0,No,No,9,Yes,No,Fiber optic,No,Yes,No,No,Yes,Yes,One year,Yes,Bank transfer (automatic),113.96,1019.98,No
5975-62880,Male,0,Yes,No,24,Yes,No,DSL,No,Yes,Yes,No,No,Yes,Month-to-month,Yes,Mailed check,80.64,1877.75,Yes
8136-49679,Male,1,Yes,No,24,Yes,No,Fiber optic,No,No,Yes,No,No,No,One year,No,Bank transfer (automatic),100.98,2414.75,Yes
8771-46994,Male,1,No,Yes,40,Yes,No,No,No internet service,No internet service,No internet service,No internet service,No internet service,No internet service,Month-to-month,Yes,Credit card (automatic),27.17,1100.26,No
4513-11118,Male,0,No,No,2,Yes,No,DSL,No,No,No,No,Yes,No,Month-to-month,Yes,Electronic check,74.39,144.45,No
4744-58919,Female,0,Yes,No,31,Yes,No,Fiber optic,Yes,No,No,No,No,No,Month-to-month,No,Bank transfer (automatic),109.32,3273.77,No
5105-72382,Male,0,No,No,13,Yes,Yes,Fiber optic,No,No,No,Yes,No,Yes,Month-to-month,Yes,Electronic check,109.2,1385.6,No
3599-71203,Female,0,No,No,35,Yes,No,No,No internet service,No internet service,No internet service,No internet service,No internet service,No internet service,Two year,Yes,Credit card (automatic),24.29,866.57,No
8440-41310,Female,0,Yes,Yes,28,Yes,No,Fiber optic,No,Yes,No,No,Yes,No,Month-to-month,Yes,Bank transfer (automatic),106.94,2918.51,No
5767-87228,Female,0,Yes,No,31,Yes,No,Fiber optic,No,No,No,No,No,No,Month-to-month,Yes,Electronic check,102.4,3253.75,Yes
4525-33126,Male,0,No,Yes,28,Yes,No,Fiber optic,No,No,No,Yes,Yes,No,Two year,No,Mailed check,99.91,2865.69,No
4697-35841,Female,0,No,No,67,Yes,No,Fiber optic,No,No,Yes,Yes,Yes,Yes,Two year,Yes,Credit card (automatic),119.0,7781.19,No
4415-73300,Male,0,No,No,40,Yes,Yes,No,No internet service,No internet service,No internet service,No internet service,No internet service,No internet service,Month-to-month,Yes,Mailed check,28.34,1119.18,Yes
7382-26476,Male,0,Yes,Yes,27,Yes,No,Fiber optic,No,Yes,Yes,No,No,Yes,Month-to-month,Yes,Credit card (automatic),113.6,3115.67,Yes
8708-10285,Male,0,No,No,0,Yes,Yes,Fiber optic,No,No,No,No,Yes,No,Month-to-month,Yes,Bank transfer (automatic),116.04,,No
6594-77071,Male,0,No,No,14,Yes,No,No,No internet service,No internet service,No internet service,No internet service,No internet service,No internet service,One year,Yes,Bank transfer (automatic),25.52,363.07,No
1985-24141,Female,0,No,No,52,Yes,No,DSL,No,Yes,No,Yes,Yes,No,Two year,Yes,Electronic check,79.68,4211.42,No
8651-48914,Female,0,Yes,No,48,Yes,No,Fiber optic,No,No,No,No,No,Yes,Month-to-month,Yes,Credit card (automatic),86.64,4124.31,No
6209-53330,Female,0,Yes,No,17,Yes,Yes,No,No internet service,No internet service,No internet service,No internet service,No internet service,No internet service,Two year,No,Credit card (automatic),33.72,593.99,No
4290-63952,Male,0,No,No,57,Yes,No,No,No internet service,No internet service,No internet service,No internet service,No internet service,No internet service,One year,No,Electronic check,28.07,1557.72,No
3813-49112,Male,0,Yes,No,60,Yes,No,DSL,No,Yes,No,Yes,No,No,One year,Yes,Electronic check,49.9,3013.87,No
6199-30643,Female,0,Yes,No,25,Yes,No,Fiber optic,No,No,Yes,No,Yes,No,Month-to-month,No,Bank transfer (automatic),113.14,2756.49,No
4147-79690,Male,0,No,Yes,58,Yes,No,DSL,Yes,No,No,No,No,No,Two year,No,Credit card (automatic),61.0,3508.09,No
2935-33203,Female,0,Yes,Yes,6,Yes,No,Fiber optic,Yes,Yes,No,No,No,Yes,Month-to-month,No,Credit card (automatic),119.0,696.37,No
7227-51562,Female,0,No,Yes,6,Yes,No,Fiber optic,No,Yes,Yes,No,Yes,Yes,Month-to-month,No,Electronic check,114.95,684.03,No
9030-14177,Female,0,No,No,1,Yes,Yes,Fiber optic,No,Yes,No,No,Yes,Yes,Month-to-month,Yes,Credit card (automatic),103.68,104.63,No
1404-26199,Female,0,No,No,11,Yes,Yes,No,No internet service,No internet service,No internet service,No internet service,No internet service,No internet service,Month-to-month,Yes,Credit card (automatic),28.61,325.73,No
8269-22071,Male,0,Yes,Yes,70,Yes,No,DSL,No,No,No,Yes,No,No,Month-to-month,No,Bank transfer (automatic),45.32,3075.74,Yes
2170-48302,Male,0,No,No,47,Yes,Yes,No,No internet service,No internet service,No internet service,No internet service,No internet service,No internet service,Month-to-month,No,Bank transfer (automatic),30.59,1450.17,No
9658-46960,Male,0,No,No,46,Yes,No,Fiber optic,No,Yes,Yes,No,Yes,Yes,Month-to-month,No,Bank transfer (automatic),89.37,4039.57,Yes
4704-24824,Male,0,No,Yes,0,Yes,Yes,DSL,Yes,No,Yes,No,No,No,Month-to-month,No,Bank transfer (automatic),63.22,,Yes
4791-85992,Male,0,Yes,No,21,Yes,Yes,No,No internet service,No internet service,No internet service,No internet service,No internet service,No internet service,One year,No,Mailed check,33.97,720.48,No
9185-54619,Female,0,Yes,No,25,Yes,No,No,No internet service,No internet service,No internet service,No internet service,No internet service,No internet service,One year,Yes,Bank transfer (automatic),24.54,615.15,No
5659-80873,Male,0,No,Yes,42,Yes,No,No,No internet service,No internet service,No internet service,No internet service,No internet service,No internet service,One year,Yes,Credit card (automatic),27.76,1175.91,No
9107-63902,Female,0,Yes,No,16,No,No phone service,No,No internet service,No internet service,No internet service,No internet service,No internet service,No internet service,Month-to-month,No,Bank transfer (automatic),25.92,419.69,Yes
1091-15888,Female,1,No,Yes,15,Yes,No,DSL,No,No,No,Yes,No,No,Month-to-month,Yes,Bank transfer (automatic),47.43,686.65,No
1133-65079,Female,0,Yes,No,9,No,No phone service,DSL,Yes,No,Yes,Yes,Yes,Yes,One year,No,Credit card (automatic),98.23,910.89,No
4629-29974,Male,0,Yes,No,34,Yes,Yes,DSL,No,Yes,Yes,No,No,No,One year,Yes,Credit card (automatic),84.15,2875.06,No
4201-41001,Female,0,No,No,47,Yes,No,DSL,Yes,No,No,No,No,No,Month-to-month,No,Electronic check,66.14,3051.13,No
8637-87962,Male,0,No,No,49,Yes,No,No,No internet service,No internet service,No internet service,No internet service,No internet service,No internet service,Two year,No,Credit card (automatic),23.59,1146.29,No
9932-70649,Male,1,No,Yes,19,Yes,No,Fiber optic,No,Yes,No,Yes,No,Yes,Two year,Yes,Bank transfer (automatic),119.0,2319.36,No
8615-58137,Male,0,Yes,No,36,Yes,No,DSL,Yes,No,No,No,No,Yes,Two year,Yes,Mailed check,69.63,2601.06,No
2858-22817,Male,1,No,No,14,Yes,No,Fiber optic,No,Yes,No,No,Yes,Yes,One year,No,Credit card (automatic),91.44,1286.07,No
7375-17401,Male,0,No,No,7,Yes,No,Fiber optic,No,No,No,No,No,Yes,Month-to-month,No,Credit card (automatic),99.07,702.64,Yes
5411-52013,Male,0,Yes,No,56,Yes,Yes,Fiber optic,No,No,No,No,Yes,No,Two year,Yes,Mailed check,114.95,6581.04,No
5250-42284,Female,1,Yes,No,51,Yes,Yes,No,No internet service,No internet service,No internet service,No internet service,No internet service,No internet service,Two year,Yes,Credit card (automatic),33.5,1766.26,No
3285-81262,Male,0,Yes,Yes,46,Yes,Yes,Fiber optic,Yes,No,No,No,Yes,Yes,Two year,Yes,Credit card (automatic),95.51,4398.47,No
7305-22096,Male,0,No,No,41,Yes,No,Fiber optic,Yes,No,No,No,No,No,Two year,Yes,Electronic check,79.7,3168.67,No
5390-41298,Female,0,Yes,No,54,Yes,No,DSL,No,No,No,No,Yes,Yes,Two year,Yes,Credit card (automatic),72.27,4008.68,No
7273-67759,Female,1,No,No,32,Yes,No,Fiber optic,No,Yes,No,Yes,Yes,Yes,One year,Yes,Credit card (automatic),103.04,3392.02,No
5799-94378,Female,0,Yes,No,65,Yes,No,Fiber optic,No,No,No,No,Yes,No,Month-to-month,Yes,Bank transfer (automatic),79.88,5380.75,No
6027-20040,Male,0,No,No,28,Yes,No,Fiber optic,No,No,No,No,No,Yes,Month-to-month,Yes,Electronic check,107.04,2943.38,Yes
1885-87027,Female,0,No,No,44,Yes,No,DSL,Yes,No,No,Yes,Yes,No,One year,Yes,Electronic check,58.6,2569.54,No
6785-80998,Female,0,No,No,65,Yes,No,Fiber optic,No,No,No,No,No,No,Two year,Yes,Bank transfer (automatic),84.5,5609.88,No
8271-65600,Male,0,Yes,No,25,Yes,No,DSL,No,Yes,No,Yes,Yes,No,Month-to-month,Yes,Electronic check,81.64,1979.79,Yes
8196-26089,Male,0,Yes,No,42,Yes,No,No,No internet service,No internet service,No internet service,No internet service,No internet service,No internet service,Month-to-month,No,Electronic check,19.9,823.84,No
4165-55267,Female,0,No,No,22,Yes,Yes,Fiber optic,No,No,No,No,Yes,No,Two year,No,Bank transfer (automatic),106.52,2420.25,No
7351-69013,Male,1,Yes,Yes,46,Yes,No,DSL,Yes,No,No,Yes,No,Yes,Month-to-month,Yes,Mailed check,84.97,4062.49,No
9911-16581,Male,0,No,No,19,Yes,No,Fiber optic,No,No,Yes,No,No,Yes,Month-to-month,No,Mailed check,89.23,1730.02,No
1651-80456,Female,0,Yes,Yes,45,Yes,Yes,No,No internet service,No internet service,No internet service,No internet service,No internet service,No internet service,One year,Yes,Credit card (automatic),31.36,1461.95,No
1878-96903,Female,0,Yes,No,51,No,No phone service,Fiber optic,No,Yes,No,No,No,Yes,Month-to-month,No,Bank transfer (automatic),81.42,4250.21,Yes
5790-68696,Female,0,Yes,No,56,Yes,No,No,No internet service,No internet service,No internet service,No internet service,No internet service,No internet service,Month-to-month,Yes,Bank transfer (automatic),26.13,1484.16,No
4791-45692,Female,1,No,No,7,Yes,No,No,No internet service,No internet service,No internet service,No internet service,No internet service,No internet service,One year,No,Electronic check,29.01,206.57,No
1548-76701,Female,0,No,No,36,Yes,No,No,No internet service,No internet service,No internet service,No internet service,No internet service,No internet service,Two year,No,Credit card (automatic),29.77,1047.55,No
7480-50947,Male,0,Yes,No,34,Yes,No,Fiber optic,No,Yes,No,No,Yes,Yes,Month-to-month,Yes,Electronic check,119.0,4176.94,Yes
4156-61815,Male,0,Yes,Yes,22,Yes,Yes,Fiber optic,No,No,No,No,Yes,Yes,Month-to-month,No,Credit card (automatic),92.49,2004.13,Yes
3169-11930,Female,0,Yes,No,31,Yes,Yes,DSL,No,No,No,No,Yes,No,Month-to-month,No,Electronic check,81.23,2586.77,No
8820-50076,Male,0,No,No,18,Yes,Yes,No,No internet service,No internet service,No internet service,No internet service,No internet service,No internet service,One year,Yes,Credit card (automatic),31.8,581.42,No
4474-99309,Male,0,No,Yes,45,Yes,No,No,No internet service,No internet service,No internet service,No internet service,No internet service,No internet service,Month-to-month,Yes,Electronic check,26.25,1144.08,No
5906-24557,Female,0,Yes,Yes,59,Yes,Yes,DSL,No,No,No,No,No,Yes,Month-to-month,No,Electronic check,64.03,3851.76,No
1146-84020,Female,1,No,No,22,Yes,No,Fiber optic,Yes,No,No,No,No,No,One year,Yes,Electronic check,95.84,2129.39,No
2793-43632,Male,0,No,No,63,Yes,No,DSL,No,Yes,No,No,Yes,No,Two year,Yes,Bank transfer (automatic),57.57,3624.23,No
7454-34851,Male,0,No,No,44,Yes,Yes,No,No internet service,No internet service,No internet service,No internet service,No internet service,No internet service,Month-to-month,Yes,Electronic check,25.91,1169.13,No
8971-93870,Female,0,No,No,44,Yes,Yes,DSL,Yes,No,Yes,No,No,Yes,One year,Yes,Mailed check,56.62,2501.17,No
5492-51464,Male,0,No,No,43,Yes,No,Fiber optic,No,No,No,No,Yes,No,Two year,Yes,Credit card (automatic),82.68,3670.24,No
9310-99754,Female,0,No,Yes,39,Yes,No,Fiber optic,Yes,No,Yes,No,No,No,Month-to-month,Yes,Bank transfer (automatic),112.21,4386.48,Yes
4859-60140,Female,0,Yes,No,22,Yes,No,DSL,No,No,No,No,No,Yes,Two year,Yes,Mailed check,61.14,1328.2,No
2721-49488,Female,0,Yes,No,8,Yes,Yes,No,No internet service,No internet service,No internet service,No internet service,No internet service,No internet service,Month-to-month,Yes,Electronic check,29.43,226.4,No
1448-34831,Male,0,Yes,No,10,Yes,Yes,Fiber optic,No,No,No,No,No,No,Month-to-month,No,Electronic check,79.29,792.8,Yes
3190-12919,Female,0,Yes,No,44,Yes,No,Fiber optic,No,No,No,No,No,Yes,Month-to-month,Yes,Bank transfer (automatic),84.05,3748.92,No
3257-79384,Male,1,Yes,Yes,22,Yes,Yes,DSL,Yes,Yes,No,No,Yes,Yes,Month-to-month,Yes,Credit card (automatic),74.81,1644.78,No
1240-41562,Female,0,No,Yes,19,Yes,Yes,Fiber optic,No,No,No,No,Yes,No,Two year,Yes,Electronic check,83.3,1634.09,No
5692-77729,Male,1,No,No,20,No,No phone service,DSL,No,Yes,Yes,No,No,No,One year,Yes,Mailed check,62.47,1268.71,No
8716-91310,Male,0,Yes,No,56,Yes,No,Fiber optic,No,No,No,No,Yes,Yes,Two year,Yes,Credit card (automatic),76.74,4192.37,No
9963-36567,Female,0,Yes,No,28,No,No phone service,Fiber optic,Yes,Yes,No,No,No,No,One year,Yes,Credit card (automatic),93.53,2560.77,Yes
3788-38794,Male,0,No,No,9,Yes,Yes,DSL,No,No,Yes,Yes,Yes,No,Month-to-month,Yes,Bank transfer (automatic),58.94,521.43,Yes
7018-99597,Female,0,No,No,41,Yes,No,No,No internet service,No internet service,No internet service,No internet service,No internet service,No internet service,Two year,Yes,Bank transfer (automatic),27.78,1127.55,No
3343-46186,Female,0,Yes,No,60,Yes,No,DSL,No,No,Yes,No,Yes,No,Two year,Yes,Bank transfer (automatic),61.06,3618.94,No
2983-83371,Male,0,No,Yes,45,Yes,No,Fiber optic,No,No,Yes,No,No,Yes,Month-to-month,Yes,Electronic check,93.04,4120.13,No
4560-66615,Male,0,Yes,Yes,18,Yes,No,No,No internet service,No internet service,No internet service,No internet service,No internet service,No internet service,Two year,Yes,Mailed check,27.4,495.53,No
1513-14189,Female,0,Yes,No,49,Yes,Yes,No,No internet service,No internet service,No internet service,No internet service,No internet service,No internet service,Two year,Yes,Electronic check,26.96,1308.69,No
6657-24690,Male,0,No,No,24,No,No phone service,Fiber optic,No,No,No,No,Yes,No,Month-to-month,No,Mailed check,102.83,2562.33,Yes
6475-68621,Male,0,No,No,27,No,No phone service,DSL,No,No,Yes,Yes,No,No,Month-to-month,No,Bank transfer (automatic),59.71,1606.5,No
9218-92947,Male,0,Yes,Yes,9,Yes,Yes,Fiber optic,No,Yes,Yes,No,No,Yes,Month-to-month,No,Electronic check,114.12,1000.2,Yes
8925-12442,Male,0,No,No,47,Yes,Yes,Fiber optic,No,No,No,No,No,Yes,Two year,Yes,Mailed check,101.4,4838.84,No
8882-13611,Female,0,No,Yes,14,No,No phone service,Fiber optic,Yes,No,No,No,No,Yes,One year,Yes,Mailed check,97.92,1378.7,No
8899-33009,Male,0,Yes,Yes,40,Yes,No,Fiber optic,No,Yes,No,No,Yes,Yes,Two year,Yes,Credit card (automatic),101.73,3910.02,No
8565-43171,Female,0,No,No,38,Yes,Yes,No,No internet service,No internet service,No internet service,No internet service,No internet service,No internet service,Two year,Yes,Electronic check,30.83,1177.4,No
4053-28737,Male,0,Yes,No,12,Yes,No,Fiber optic,No,No,No,No,Yes,No,Month-to-month,Yes,Mailed check,76.44,917.86,No
2061-31270,Female,0,Yes,Yes,28,Yes,No,No,No internet service,No internet service,No internet service,No internet service,No internet service,No internet service,Two year,Yes,Credit card (automatic),19.93,551.3,No
4081-21458,Male,0,Yes,No,19,Yes,No,No,No internet service,No internet service,No internet service,No internet service,No internet service,No internet service,Month-to-month,Yes,Bank transfer (automatic),25.59,502.07,Yes
1701-39440,Male,0,Yes,No,21,Yes,Yes,Fiber optic,Yes,No,No,No,No,No,One year,No,Mailed check,90.1,1961.12,No
9968-52116,Female,0,Yes,No,68,Yes,Yes,DSL,No,No,No,Yes,No,No,Month-to-month,Yes,Credit card (automatic),54.78,3685.42,No
6278-89327,Male,0,No,No,49,Yes,Yes,Fiber optic,No,No,No,No,Yes,No,Month-to-month,Yes,Bank transfer (automatic),104.94,5187.84,Yes
1334-47122,Male,0,Yes,Yes,1,Yes,No,Fiber optic,No,No,Yes,No,Yes,Yes,Month-to-month,Yes,Electronic check,119.0,117.83,Yes
6143-93725,Female,0,No,No,38,Yes,No,Fiber optic,No,No,No,No,No,Yes,Month-to-month,Yes,Bank transfer (automatic),84.4,3185.36,No
2901-62258,Male,0,Yes,No,14,Yes,No,Fiber optic,No,No,Yes,No,Yes,No,Month-to-month,No,Electronic check,115.61,1671.84,Yes
1743-69253,Male,0,No,Yes,27,Yes,No,DSL,No,Yes,Yes,No,No,No,Month-to-month,Yes,Electronic check,72.93,1951.29,Yes
8301-92670,Male,0,No,No,29,Yes,No,Fiber optic,No,No,No,Yes,No,No,One year,Yes,Credit card (automatic),82.45,2425.76,No
9412-22806,Female,0,Yes,Yes,59,Yes,No,Fiber optic,No,No,No,No,No,Yes,Two year,Yes,Credit card (automatic),89.97,5146.58,No
6944-57601,Female,0,No,No,15,Yes,No,No,No internet service,No internet service,No internet service,No internet service,No internet service,No internet service,Month-to-month,Yes,Mailed check,29.1,425.58,No
8463-37719,Female,0,No,No,46,Yes,Yes,Fiber optic,No,No,No,No,No,Yes,Month-to-month,Yes,Mailed check,104.91,4940.61,Yes
2739-96111,Female,0,No,No,13,Yes,No,DSL,Yes,No,Yes,No,No,Yes,One year,Yes,Electronic check,62.31,815.18,No
2557-91489,Male,0,Yes,Yes,7,Yes,No,Fiber optic,No,No,No,No,No,No,One year,No,Credit card (automatic),97.61,673.08,No
8365-59830,Male,0,No,Yes,9,Yes,No,No,No internet service,No internet service,No internet service,No internet service,No internet service,No internet service,One year,No,Credit card (automatic),22.45,201.01,No
7903-50099,Male,0,No,No,32,Yes,Yes,DSL,Yes,No,No,Yes,Yes,Yes,Two year,Yes,Credit card (automatic),84.46,2739.13,No
2318-35931,Male,0,Yes,Yes,60,Yes,No,DSL,No,No,Yes,Yes,No,No,Month-to-month,Yes,Electronic check,75.09,4598.41,No
8433-55441,Male,0,No,No,17,No,No phone service,No,No internet service,No internet service,No internet service,No internet service,No internet service,No internet service,Month-to-month,Yes,Electronic check,26.71,465.63,Yes
6481-70365,Female,0,Yes,No,37,Yes,No,DSL,Yes,No,Yes,Yes,Yes,No,Two year,No,Electronic check,62.64,2306.59,No
4105-59453,Female,0,Yes,Yes,28,Yes,Yes,Fiber optic,No,No,Yes,No,No,Yes,One year,Yes,Credit card (automatic),96.58,2748.85,No
7781-85497,Female,0,No,No,10,Yes,Yes,No,No internet service,No internet service,No internet service,No internet service,No internet service,No internet service,One year,No,Electronic check,28.86,278.03,No
9451-40778,Female,0,No,Yes,64,Yes,Yes,No,No internet service,No internet service,No internet service,No internet service,No internet service,No internet service,Two year,Yes,Bank transfer (automatic),31.53,2009.81,No
9414-23971,Female,0,Yes,No,1,Yes,No,DSL,No,No,Yes,Yes,No,Yes,Month-to-month,Yes,Bank transfer (automatic),70.82,71.82,No
8010-87919,Male,0,Yes,No,53,Yes,No,No,No internet service,No internet service,No internet service,No internet service,No internet service,No internet service,Month-to-month,No,Credit card (automatic),25.67,1360.13,No
1030-38060,Female,0,Yes,No,54,Yes,No,No,No internet service,No internet service,No internet service,No internet service,No internet service,No internet service,Month-to-month,Yes,Electronic check,23.94,1308.6,No
4785-75243,Female,1,No,No,50,Yes,Yes,No,No internet service,No internet service,No internet service,No internet service,No internet service,No internet service,Two year,No,Bank transfer (automatic),29.9,1529.88,No
8443-17406,Male,1,Yes,No,14,Yes,No,Fiber optic,No,No,No,No,Yes,No,Two year,No,Credit card (automatic),85.97,1231.03,Yes
5964-78866,Male,0,Yes,Yes,41,Yes,No,Fiber optic,Yes,No,No,Yes,No,Yes,Month-to-month,Yes,Bank transfer (automatic),114.32,4673.56,No
3016-10200,Female,0,Yes,Yes,2,Yes,No,Fiber optic,Yes,No,No,Yes,No,No,Month-to-month,No,Credit card (automatic),88.67,171.25,No
4603-17993,Male,0,No,Yes,2,Yes,No,Fiber optic,No,No,No,No,No,No,One year,No,Mailed check,89.63,180.6,Yes
1546-21413,Female,0,Yes,No,0,Yes,No,Fiber optic,Yes,No,Yes,No,Yes,No,Month-to-month,Yes,Electronic check,93.45,,Yes
2586-54637,Female,0,No,No,15,Yes,No,Fiber optic,No,No,No,No,No,Yes,Two year,Yes,Mailed check,93.0,1445.53,No
9094-26841,Male,0,Yes,No,24,Yes,Yes,Fiber optic,Yes,No,No,No,Yes,Yes,Month-to-month,Yes,Credit card (automatic),94.61,2309.37,No
5844-90499,Male,0,Yes,No,44,Yes,Yes,Fiber optic,No,No,No,Yes,No,No,Two year,Yes,Electronic check,115.72,4926.38,No
7028-62615,Male,0,Yes,No,55,Yes,No,DSL,Yes,No,No,No,No,No,Two year,Yes,Mailed check,47.77,2716.94,No
4123-20136,Male,0,Yes,Yes,40,Yes,Yes,No,No internet service,No internet service,No internet service,No internet service,No internet service,No internet service,Month-to-month,Yes,Electronic check,34.73,1407.06,No
1644-60093,Male,0,Yes,Yes,51,No,No phone service,No,No internet service,No internet service,No internet service,No internet service,No internet service,No internet service,One year,Yes,Credit card (automatic),25.98,1320.18,No
2727-51171,Female,0,Yes,No,59,Yes,No,Fiber optic,No,Yes,Yes,No,Yes,No,One year,No,Credit card (automatic),81.92,4927.21,No
2062-86537,Male,0,Yes,No,66,Yes,No,Fiber optic,No,No,Yes,Yes,No,Yes,Month-to-month,Yes,Mailed check,104.69,6636.65,No
1718-41772,Male,0,Yes,No,1,Yes,Yes,No,No internet service,No internet service,No internet service,No internet service,No internet service,No internet service,Month-to-month,No,Mailed check,34.58,34.18,No
4498-23521,Male,1,Yes,Yes,40,Yes,No,Fiber optic,No,No,Yes,No,No,Yes,Two year,No,Credit card (automatic),81.0,3155.77,No
2144-69274,Female,0,Yes,No,31,Yes,Yes,Fiber optic,No,No,No,No,Yes,No,One year,Yes,Credit card (automatic),89.33,2834.51,No
3874-91765,Male,0,Yes,Yes,37,No,No phone service,DSL,No,Yes,No,No,No,No,One year,Yes,Bank transfer (automatic),52.17,1946.9,No
5797-66415,Male,0,Yes,No,49,Yes,Yes,No,No internet service,No internet service,No internet service,No internet service,No internet service,No internet service,Month-to-month,Yes,Credit card (automatic),30.26,1508.66,No
3770-84610,Female,1,No,Yes,10,No,No phone service,DSL,No,No,Yes,No,No,Yes,One year,No,Bank transfer (automatic),54.18,541.85,No
5937-13563,Male,1,No,Yes,5,Yes,Yes,No,No internet service,No internet service,No internet service,No internet service,No internet service,No internet service,One year,Yes,Electronic check,28.6,138.69,No
2434-32770,Male,0,No,No,14,Yes,No,Fiber optic,Yes,No,No,No,No,No,Month-to-month,Yes,Credit card (automatic),90.45,1230.7,No
1656-80802,Male,0,Yes,No,56,Yes,Yes,Fiber optic,No,No,No,Yes,No,Yes,Month-to-month,Yes,Credit card (automatic),118.44,6576.73,No
9318-17513,Male,0,No,No,17,Yes,Yes,Fiber optic,No,No,No,No,Yes,Yes,Month-to-month,Yes,Credit card (automatic),89.03,1520.51,Yes
2992-16682,Male,0,No,Yes,5,Yes,Yes,Fiber optic,No,No,No,No,No,Yes,One year,Yes,Credit card (automatic),103.15,499.96,No
3836-88411,Female,1,Yes,No,37,Yes,No,No,No internet service,No internet service,No internet service,No internet service,No internet service,No internet service,Month-to-month,Yes,Electronic check,23.86,848.16,Yes
2266-89658,Male,0,Yes,No,70,Yes,No,DSL,No,No,No,No,No,No,Two year,No,Credit card (automatic),57.56,4004.04,No
6153-88084,Male,0,No,No,15,Yes,Yes,DSL,No,No,No,Yes,Yes,No,Month-to-month,Yes,Mailed check,71.13,1058.86,Yes
4699-91760,Male,0,No,Yes,63,Yes,No,No,No internet service,No internet service,No internet service,No internet service,No internet service,No internet service,Two year,Yes,Electronic check,28.13,1815.32,No
6394-36178,Female,0,No,No,32,Yes,Yes,DSL,No,No,No,No,Yes,No,Month-to-month,No,Bank transfer (automatic),75.71,2336.14,Yes
2255-48474,Female,0,No,No,12,No,No phone service,DSL,No,Yes,No,No,No,No,One year,Yes,Electronic check,69.89,834.18,Yes
6357-49699,Male,0,No,No,7,Yes,Yes,DSL,No,No,No,No,No,No,One year,No,Mailed check,73.87,523.12,Yes
1550-73910,Male,0,No,No,45,Yes,Yes,Fiber optic,No,Yes,No,No,No,Yes,One year,No,Mailed check,98.31,4581.01,No
8246-22233,Male,0,Yes,No,39,Yes,No,No,No internet service,No internet service,No internet service,No internet service,No internet service,No internet service,Two year,Yes,Credit card (automatic),19.41,735.68,No
8434-62012,Male,1,Yes,Yes,12,Yes,No,Fiber optic,No,No,No,Yes,Yes,No,Month-to-month,No,Credit card (automatic),97.81,1217.03,Yes
6742-54337,Male,0,No,Yes,5,Yes,No,DSL,No,Yes,No,Yes,No,No,Month-to-month,Yes,Credit card (automatic),50.73,251.26,Yes
1049-84792,Male,1,Yes,Yes,5,Yes,No,Fiber optic,No,No,No,Yes,Yes,Yes,Month-to-month,Yes,Electronic check,91.47,442.95,No
5152-34981,Female,0,Yes,No,21,Yes,No,Fiber optic,No,Yes,No,No,No,Yes,Month-to-month,No,Credit card (automatic),93.92,2000.94,Yes
7798-37316,Male,0,Yes,Yes,26,Yes,Yes,No,No internet service,No internet service,No internet service,No internet service,No internet service,No internet service,Two year,Yes,Electronic check,30.94,792.4,No
8531-65868,Male,0,Yes,Yes,39,Yes,Yes,Fiber optic,Yes,No,No,No,Yes,No,Month-to-month,Yes,Mailed check,85.68,3406.86,No
6875-41668,Male,0,Yes,No,12,Yes,Yes,Fiber optic,No,Yes,Yes,No,No,No,Two year,Yes,Credit card (automatic),111.09,1352.59,No
9365-64614,Female,0,No,Yes,27,Yes,Yes,No,No internet service,No internet service,No internet service,No internet service,No internet service,No internet service,Month-to-month,Yes,Electronic check,26.47,734.93,No
3989-56953,Female,0,Yes,No,14,Yes,Yes,DSL,No,No,No,No,No,No,Two year,Yes,Credit card (automatic),60.87,852.74,Yes
1622-99975,Male,0,No,No,38,Yes,Yes,No,No internet service,No internet service,No internet service,No internet service,No internet service,No internet service,Month-to-month,Yes,Bank transfer (automatic),24.83,947.09,No
3744-51892,Male,0,Yes,No,48,Yes,No,DSL,No,No,No,Yes,No,No,Two year,Yes,Bank transfer (automatic),52.05,2437.95,No
9733-75187,Female,0,No,No,47,Yes,Yes,Fiber optic,No,No,No,Yes,No,Yes,One year,Yes,Credit card (automatic),91.09,4376.79,No
9491-52594,Female,1,No,No,32,Yes,No,DSL,No,No,Yes,No,No,No,Two year,No,Bank transfer (automatic),52.88,1719.09,No
5573-50773,Male,1,No,No,44,Yes,No,No,No internet service,No internet service,No internet service,No internet service,No internet service,No internet service,One year,No,Mailed check,22.07,993.93,No
8642-21454,Female,1,Yes,No,53,Yes,Yes,Fiber optic,No,Yes,No,Yes,Yes,Yes,Month-to-month,Yes,Bank transfer (automatic),112.9,5910.62,Yes
4851-76438,Female,0,Yes,No,20,Yes,Yes,No,No internet service,No internet service,No internet service,No internet service,No internet service,No internet service,Two year,Yes,Electronic check,26.24,510.01,No
2006-76878,Male,1,No,Yes,22,Yes,No,No,No internet service,No internet service,No internet service,No internet service,No internet service,No internet service,Month-to-month,Yes,Credit card (automatic),23.29,508.65,No
8580-24250,Female,0,No,No,8,Yes,No,DSL,Yes,No,Yes,No,Yes,No,Month-to-month,Yes,Bank transfer (automatic),81.16,625.82,No
1140-76473,Male,1,Yes,No,8,Yes,No,DSL,No,No,Yes,No,Yes,No,Month-to-month,Yes,Bank transfer (automatic),78.39,630.42,Yes
1015-14590,Male,0,No,No,16,Yes,No,No,No internet service,No internet service,No internet service,No internet service,No internet service,No internet service,Two year,No,Bank transfer (automatic),21.32,347.48,No
1499-30098,Male,0,No,No,18,Yes,Yes,Fiber optic,No,No,No,No,No,Yes,One year,Yes,Credit card (automatic),107.43,1995.85,No
8554-16772,Male,1,Yes,No,5,Yes,No,No,No internet service,No internet service,No internet service,No internet service,No internet service,No internet service,Month-to-month,Yes,Credit card (automatic),27.37,139.03,No
9384-11107,Female,0,No,No,40,No,No phone service,Fiber optic,No,Yes,No,No,No,No,Two year,Yes,Bank transfer (automatic),97.2,3743.91,No
4270-29392,Male,0,Yes,No,4,Yes,No,Fiber optic,No,No,No,No,No,Yes,Month-to-month,No,Bank transfer (automatic),76.76,298.9,Yes
4085-43748,Male,0,Yes,Yes,28,Yes,Yes,Fiber optic,Yes,No,No,No,Yes,Yes,Month-to-month,No,Mailed check,97.26,2720.39,Yes
3780-81746,Male,0,No,No,13,Yes,No,Fiber optic,Yes,No,No,No,Yes,No,Month-to-month,Yes,Credit card (automatic),99.82,1331.62,No
7111-22641,Female,0,No,Yes,56,Yes,No,No,No internet service,No internet service,No internet service,No internet service,No internet service,No internet service,Month-to-month,Yes,Credit card (automatic),26.39,1504.08,No
4143-51798,Female,1,No,No,22,Yes,No,Fiber optic,No,Yes,No,No,No,No,One year,Yes,Credit card (automatic),80.78,1787.23,No
9329-56782,Female,1,No,No,17,Yes,No,No,No internet service,No internet service,No internet service,No internet service,No internet service,No internet service,Month-to-month,Yes,Credit card (automatic),28.97,507.9,No
4828-66263,Male,1,No,No,16,Yes,No,DSL,No,Yes,No,Yes,Yes,Yes,Month-to-month,Yes,Credit card (automatic),71.74,1169.9,No
8948-22737,Female,0,Yes,No,23,No,No phone service,No,No internet service,No internet service,No internet service,No internet service,No internet service,No internet service,Month-to-month,No,Bank transfer (automatic),22.7,509.37,No
2539-62572,Female,0,Yes,No,47,Yes,No,Fiber optic,No,Yes,No,No,No,Yes,Two year,Yes,Bank transfer (automatic),94.31,4368.06,No
6478-28406,Female,0,Yes,No,22,Yes,No,DSL,Yes,Yes,No,No,No,No,One year,No,Bank transfer (automatic),56.01,1272.5,No
9356-62597,Male,0,No,Yes,18,No,No phone service,Fiber optic,Yes,No,No,No,Yes,No,Month-to-month,No,Mailed check,115.53,2095.15,Yes
2248-16018,Female,0,No,No,9,Yes,No,Fiber optic,No,No,Yes,No,No,No,One year,Yes,Credit card (automatic),109.8,990.09,Yes
9155-10316,Male,0,No,Yes,5,Yes,Yes,No,No internet service,No internet service,No internet service,No internet service,No internet service,No internet service,Month-to-month,No,Credit card (automatic),24.48,118.92,No
8477-48234,Male,1,Yes,Yes,13,Yes,No,Fiber optic,No,No,Yes,No,No,No,Two year,Yes,Bank transfer (automatic),86.86,1123.5,No
9525-77763,Male,0,Yes,No,1,Yes,Yes,DSL,No,Yes,Yes,Yes,No,Yes,Month-to-month,Yes,Credit card (automatic),79.22,78.28,No
5387-64107,Male,0,No,No,48,Yes,No,No,No internet service,No internet service,No internet service,No internet service,No internet service,No internet service,Month-to-month,No,Bank transfer (automatic),22.36,1106.23,No
3746-56315,Male,0,No,No,5,Yes,No,DSL,No,No,No,No,No,No,Month-to-month,Yes,Credit card (automatic),53.81,270.09,No
9410-97755,Male,0,Yes,Yes,13,Yes,Yes,Fiber optic,No,Yes,No,No,Yes,Yes,Month-to-month,Yes,Electronic check,103.77,1390.04,No
8113-66718,Male,0,No,No,20,Yes,Yes,Fiber optic,No,No,No,No,Yes,Yes,Month-to-month,Yes,Bank transfer (automatic),85.79,1712.53,Yes
2071-33943,Female,0,No,Yes,29,Yes,Yes,Fiber optic,No,Yes,No,No,Yes,Yes,One year,Yes,Credit card (automatic),96.11,2702.95,No
7691-46609,Male,0,No,Yes,22,Yes,No,Fiber optic,Yes,No,No,No,No,Yes,Month-to-month,No,Credit card (automatic),110.43,2514.21,Yes
5937-13032,Female,0,Yes,Yes,37,Yes,No,Fiber optic,No,No,No,No,Yes,Yes,Month-to-month,Yes,Bank transfer (automatic),110.69,4099.81,Yes
5882-73817,Female,1,No,No,33,Yes,No,No,No internet service,No internet service,No internet service,No internet service,No internet service,No internet service,One year,No,Mailed check,26.46,885.15,No
1567-51354,Female,0,Yes,No,13,Yes,Yes,No,No internet service,No internet service,No internet service,No internet service,No internet service,No internet service,One year,Yes,Mailed check,33.08,421.14,No
1998-76240,Female,0,Yes,Yes,37,Yes,No,No,No internet service,No internet service,No internet service,No internet service,No internet service,No internet service,Two year,No,Mailed check,29.69,1076.24,No
2699-96920,Male,0,No,Yes,35,Yes,Yes,DSL,No,No,No,No,No,No,Month-to-month,Yes,Credit card (automatic),60.91,2194.13,No
5991-17623,Female,0,Yes,No,39,Yes,Yes,DSL,No,No,No,No,Yes,No,Two year,No,Bank transfer (automatic),77.92,2954.99,No
7878-90874,Female,0,Yes,No,17,Yes,No,DSL,Yes,Yes,No,No,No,Yes,One year,Yes,Credit card (automatic),56.79,960.67,No
1292-34418,Male,0,Yes,Yes,29,Yes,Yes,No,No internet service,No internet service,No internet service,No internet service,No internet service,No internet service,One year,No,Mailed check,26.75,801.7,No
8727-59774,Male,1,Yes,No,30,Yes,No,DSL,Yes,Yes,Yes,Yes,Yes,Yes,Month-to-month,Yes,Credit card (automatic),84.76,2593.09,No
9693-81149,Female,0,No,No,15,Yes,No,Fiber optic,Yes,Yes,No,No,Yes,Yes,Month-to-month,Yes,Credit card (automatic),109.83,1665.43,Yes
3060-60100,Male,0,Yes,No,47,Yes,No,No,No internet service,No internet service,No internet service,No internet service,No internet service,No internet service,Month-to-month,Yes,Bank transfer (automatic),21.36,983.72,No
8669-58118,Male,0,No,Yes,6,Yes,Yes,Fiber optic,No,No,No,No,No,Yes,One year,No,Credit card (automatic),80.46,473.86,No
1292-69685,Female,0,No,No,36,Yes,Yes,DSL,Yes,Yes,No,No,No,No,One year,No,Credit card (automatic),58.03,2050.19,No
6591-18587,Female,0,Yes,No,4,Yes,No,DSL,Yes,No,Yes,No,No,No,Month-to-month,Yes,Mailed check,67.64,266.82,Yes
8711-95635,Male,1,No,No,15,Yes,Yes,Fiber optic,No,No,No,No,No,No,Month-to-month,No,Mailed check,81.67,1195.97,Yes
5689-72163,Female,0,Yes,No,15,Yes,No,Fiber optic,No,No,No,Yes,No,Yes,Two year,No,Credit card (automatic),113.85,1659.13,No
3047-74538,Male,0,Yes,No,18,Yes,No,Fiber optic,No,No,Yes,No,Yes,Yes,Month-to-month,Yes,Mailed check,102.37,1914.29,No
4210-78595,Female,0,Yes,No,21,Yes,Yes,DSL,Yes,No,No,No,No,No,One year,Yes,Mailed check,57.25,1242.74,No
6231-64241,Female,0,Yes,No,65,Yes,Yes,No,No internet service,No internet service,No internet service,No internet service,No internet service,No internet service,Two year,Yes,Mailed check,27.74,1734.14,No
6029-88456,Male,1,Yes,Yes,17,Yes,Yes,No,No internet service,No internet service,No internet service,No internet service,No internet service,No internet service,Month-to-month,No,Credit card (automatic),25.9,434.46,No
5614-94052,Male,0,Yes,No,43,Yes,Yes,Fiber optic,No,No,No,No,No,No,One year,Yes,Mailed check,89.65,3968.41,No
1324-85536,Female,0,No,No,26,Yes,No,Fiber optic,Yes,No,No,No,Yes,No,Two year,Yes,Credit card (automatic),85.91,2176.92,No
7206-24279,Male,0,No,No,27,Yes,No,Fiber optic,No,No,No,No,No,Yes,Month-to-month,Yes,Electronic check,97.26,2623.09,Yes
1465-32365,Male,0,No,No,2,Yes,No,DSL,No,Yes,No,No,Yes,Yes,Month-to-month,Yes,Credit card (automatic),65.5,131.39,No
9434-66588,Male,0,No,Yes,20,Yes,Yes,No,No internet service,No internet service,No internet service,No internet service,No internet service,No internet service,Two year,No,Mailed check,28.89,566.76,No
8970-60081,Female,0,No,No,42,Yes,Yes,Fiber optic,Yes,No,No,No,Yes,Yes,Month-to-month,Yes,Mailed check,92.94,3963.38,No
2745-73635,Male,0,Yes,No,8,Yes,No,DSL,Yes,Yes,No,Yes,No,No,Month-to-month,Yes,Mailed check,64.03,496.58,Yes
2030-36589,Female,0,No,No,18,Yes,No,No,No internet service,No internet service,No internet service,No internet service,No internet service,No internet service,Month-to-month,Yes,Credit card (automatic),26.71,499.32,No
8712-54777,Female,1,Yes,No,20,Yes,No,No,No internet service,No internet service,No internet service,No internet service,No internet service,No internet service,Two year,Yes,Electronic check,23.29,462.15,No
8577-97938,Male,0,No,Yes,29,Yes,Yes,DSL,No,No,No,No,Yes,Yes,Month-to-month,Yes,Mailed check,63.82,1815.03,No
3369-83096,Female,0,No,Yes,44,Yes,No,Fiber optic,No,Yes,No,No,Yes,No,Month-to-month,Yes,Credit card (automatic),96.03,4306.44,Yes
7315-75339,Female,0,Yes,No,27,Yes,Yes,No,No internet service,No internet service,No internet service,No internet service,No internet service,No internet service,Month-to-month,Yes,Electronic check,24.27,672.56,No
5517-76751,Male,0,No,No,27,Yes,No,DSL,No,No,No,Yes,Yes,No,Month-to-month,No,Bank transfer (automatic),65.95,1823.95,No
1616-13578,Female,0,No,No,46,Yes,No,No,No internet service,No internet service,No internet service,No internet service,No internet service,No internet service,One year,Yes,Electronic check,21.28,1000.41,No
2452-25841,Male,0,No,No,42,Yes,No,Fiber optic,No,Yes,No,No,Yes,Yes,Two year,No,Bank transfer (automatic),85.45,3626.45,No
5965-60121,Male,0,Yes,No,12,Yes,No,Fiber optic,Yes,No,No,No,No,Yes,Month-to-month,Yes,Credit card (automatic),102.44,1263.5,No
8332-53374,Male,0,No,No,23,Yes,No,DSL,No,No,No,Yes,No,No,One year,No,Credit card (automatic),65.23,1452.98,No
8991-30582,Female,0,No,No,22,Yes,Yes,DSL,Yes,No,Yes,No,No,Yes,One year,No,Electronic check,57.87,1249.78,No
1079-65552,Female,0,Yes,No,55,Yes,No,Fiber optic,No,No,No,No,No,No,Two year,No,Electronic check,96.98,5392.04,No
8561-75744,Male,0,No,No,32,Yes,No,DSL,Yes,Yes,No,No,No,Yes,One year,Yes,Electronic check,76.03,2371.82,No
2431-15563,Female,0,Yes,No,35,Yes,Yes,Fiber optic,No,No,Yes,No,No,No,Month-to-month,No,Mailed check,107.33,3900.14,No
7665-60346,Female,0,No,No,3,Yes,No,DSL,No,Yes,No,Yes,Yes,No,One year,No,Bank transfer (automatic),81.07,251.75,No
9769-56747,Female,0,Yes,No,12,Yes,No,Fiber optic,No,Yes,No,No,No,Yes,One year,Yes,Mailed check,95.85,1115.07,No
1511-24118,Female,1,Yes,Yes,8,Yes,Yes,DSL,No,Yes,No,No,Yes,Yes,One year,Yes,Credit card (automatic),84.1,651.38,Yes
3851-74697,Male,0,Yes,No,28,Yes,Yes,Fiber optic,No,No,No,No,No,No,Month-to-month,Yes,Electronic check,102.19,2868.55,Yes
4248-17088,Female,0,No,No,32,Yes,Yes,DSL,Yes,No,No,No,No,No,Month-to-month,No,Electronic check,78.71,2584.51,No
4947-98691,Male,0,No,No,20,Yes,Yes,No,No internet service,No internet service,No internet service,No internet service,No internet service,No internet service,Month-to-month,No,Electronic check,26.55,538.89,No
4710-12281,Male,0,Yes,Yes,35,Yes,No,DSL,No,Yes,No,Yes,No,No,Month-to-month,Yes,Bank transfer (automatic),51.2,1765.63,Yes
1311-69533,Male,0,Yes,No,42,Yes,No,DSL,No,Yes,Yes,Yes,No,Yes,Month-to-month,No,Electronic check,84.76,3499.28,No
8221-37891,Female,0,No,Yes,10,Yes,Yes,DSL,No,No,No,No,Yes,No,Month-to-month,No,Mailed check,70.43,723.12,Yes
1191-56758,Female,0,Yes,No,37,Yes,No,Fiber optic,No,No,Yes,No,Yes,No,Month-to-month,Yes,Credit card (automatic),84.71,3122.69,Yes
4134-37497,Male,1,Yes,No,16,Yes,Yes,DSL,No,No,No,No,Yes,No,Month-to-month,Yes,Mailed check,77.9,1259.14,No
2863-61847,Male,0,No,No,27,No,No phone service,Fiber optic,No,No,Yes,Yes,No,Yes,Two year,Yes,Mailed check,103.44,2891.09,No
5518-26897,Male,0,Yes,No,38,Yes,No,DSL,Yes,Yes,No,Yes,Yes,No,Month-to-month,No,Bank transfer (automatic),74.4,2832.91,No
6374-63099,Female,1,No,No,26,No,No phone service,No,No internet service,No internet service,No internet service,No internet service,No internet service,No internet service,Month-to-month,Yes,Electronic check,26.87,707.78,No
4240-98261,Male,1,Yes,No,18,Yes,Yes,DSL,No,No,Yes,No,Yes,No,One year,No,Electronic check,56.59,1039.11,No
1933-25341,Female,0,No,No,16,Yes,No,DSL,No,No,No,No,No,No,Month-to-month,Yes,Credit card (automatic),66.57,1104.78,No
6487-80481,Male,0,No,No,50,Yes,Yes,Fiber optic,No,No,No,Yes,No,Yes,Month-to-month,Yes,Mailed check,96.39,4843.34,No
8392-60677,Male,0,Yes,No,12,Yes,No,DSL,Yes,Yes,No,No,Yes,No,Month-to-month,Yes,Electronic check,66.66,828.04,No
6419-46091,Female,0,No,No,17,Yes,Yes,Fiber optic,No,No,No,No,No,No,Month-to-month,Yes,Electronic check,92.12,1528.24,No
4233-62732,Male,0,No,Yes,36,Yes,Yes,Fiber optic,No,No,Yes,No,No,No,One year,No,Bank transfer (automatic),107.77,3991.62,No
7761-66044,Male,0,No,No,46,Yes,No,No,No internet service,No internet service,No internet service,No internet service,No internet service,No internet service,Month-to-month,Yes,Credit card (automatic),20.09,889.57,No
2560-76241,Male,1,Yes,No,11,Yes,Yes,DSL,Yes,Yes,No,No,No,No,Month-to-month,No,Mailed check,76.93,829.77,No
1090-26364,Female,0,Yes,Yes,54,Yes,No,DSL,No,No,No,No,No,Yes,Month-to-month,No,Bank transfer (automatic),54.97,2886.23,No
4544-77644,Male,0,No,Yes,48,Yes,No,DSL,No,No,No,No,Yes,Yes,Month-to-month,Yes,Credit card (automatic),76.04,3634.75,No
3782-65348,Male,0,Yes,No,15,Yes,No,Fiber optic,Yes,Yes,No,No,Yes,Yes,One year,No,Electronic check,119.0,1817.94,No
2031-86289,Male,0,Yes,No,24,Yes,No,Fiber optic,No,No,No,No,No,No,Month-to-month,Yes,Bank transfer (automatic),75.17,1738.81,No
5225-35370,Female,1,Yes,No,40,Yes,No,Fiber optic,No,No,No,Yes,Yes,Yes,Month-to-month,Yes,Electronic check,94.35,3784.83,No
1466-77938,Female,0,No,No,4,Yes,No,No,No internet service,No internet service,No internet service,No internet service,No internet service,No internet service,Month-to-month,Yes,Mailed check,29.72,123.41,No
6644-32601,Female,0,Yes,No,32,Yes,Yes,Fiber optic,No,No,No,No,Yes,Yes,One year,Yes,Credit card (automatic),104.21,3422.62,Yes
6423-68460,Male,0,Yes,No,33,Yes,No,Fiber optic,No,Yes,No,No,No,Yes,Month-to-month,No,Electronic check,109.41,3668.45,Yes
3529-64951,Female,0,No,Yes,58,Yes,No,Fiber optic,No,No,No,No,Yes,Yes,Two year,Yes,Credit card (automatic),105.88,5912.52,No
8497-32246,Male,0,Yes,No,32,Yes,Yes,Fiber optic,No,No,No,Yes,No,No,Month-to-month,Yes,Bank transfer (automatic),95.84,3103.18,No
7060-97878,Female,0,Yes,No,27,Yes,No,Fiber optic,No,No,No,No,No,No,Two year,No,Mailed check,69.32,1911.21,No
4614-99352,Female,0,Yes,No,20,Yes,No,DSL,No,Yes,No,No,Yes,No,Month-to-month,Yes,Mailed check,49.03,979.54,No
8830-96074,Female,0,Yes,Yes,42,Yes,No,DSL,Yes,No,No,Yes,No,No,One year,Yes,Electronic check,63.4,2644.73,No
5781-91081,Female,0,No,No,10,Yes,No,No,No internet service,No internet service,No internet service,No internet service,No internet service,No internet service,Month-to-month,Yes,Electronic check,25.89,261.14,No
9238-80332,Female,0,Yes,No,21,Yes,No,No,No internet service,No internet service,No internet service,No internet service,No internet service,No internet service,Month-to-month,Yes,Mailed check,22.14,477.91,No
4183-12012,Male,0,No,No,41,Yes,Yes,DSL,No,No,Yes,Yes,Yes,No,One year,Yes,Credit card (automatic),73.8,3060.05,No
9810-35800,Female,0,Yes,No,23,Yes,Yes,DSL,Yes,No,Yes,No,No,No,Two year,Yes,Electronic check,76.76,1818.01,No
3953-99598,Female,0,Yes,No,32,Yes,No,No,No internet service,No internet service,No internet service,No internet service,No internet service,No internet service,One year,No,Electronic check,21.2,654.71,No
5897-66001,Female,0,Yes,No,19,Yes,Yes,Fiber optic,No,Yes,No,No,Yes,Yes,Month-to-month,No,Electronic check,106.97,2096.19,Yes
6305-71106,Female,0,No,No,47,No,No phone service,DSL,No,No,No,No,No,No,Month-to-month,No,Bank transfer (automatic),69.62,3265.3,No
6837-38902,Male,0,Yes,Yes,33,Yes,No,No,No internet service,No internet service,No internet service,No internet service,No internet service,No internet service,Month-to-month,Yes,Mailed check,21.64,722.79,No
7342-71737,Female,0,Yes,No,35,Yes,Yes,Fiber optic,No,No,No,No,Yes,Yes,One year,No,Bank transfer (automatic),96.01,3434.59,No
8535-40205,Male,1,No,No,49,Yes,Yes,DSL,Yes,Yes,No,No,No,No,Month-to-month,Yes,Mailed check,71.02,3444.74,No
4647-75422,Female,0,Yes,No,24,Yes,Yes,Fiber optic,No,Yes,No,Yes,No,Yes,Month-to-month,No,Electronic check,111.15,2678.53,Yes
2973-93330,Female,0,No,No,37,Yes,Yes,No,No internet service,No internet service,No internet service,No internet service,No internet service,No internet service,Month-to-month,No,Bank transfer (automatic),24.8,946.08,No
7925-51408,Male,0,Yes,No,51,Yes,No,Fiber optic,Yes,Yes,No,No,No,No,Two year,Yes,Credit card (automatic),97.64,4925.05,No
8969-83508,Female,0,Yes,No,37,Yes,No,Fiber optic,No,No,No,No,Yes,Yes,Month-to-month,Yes,Bank transfer (automatic),105.06,3785.35,Yes
2281-92324,Female,0,No,No,58,Yes,Yes,DSL,No,Yes,No,No,No,Yes,Month-to-month,No,Bank transfer (automatic),71.22,4184.6,Yes
7293-27925,Female,0,Yes,Yes,25,Yes,No,Fiber optic,No,No,No,No,No,Yes,Month-to-month,No,Mailed check,79.47,2006.86,No
9356-84371,Male,0,Yes,No,48,Yes,No,Fiber optic,Yes,No,No,No,Yes,Yes,Month-to-month,Yes,Electronic check,119.0,5801.39,No
6868-69618,Male,0,Yes,Yes,32,No,No phone service,Fiber optic,No,Yes,No,No,Yes,Yes,Month-to-month,No,Credit card (automatic),100.13,3171.84,Yes
4083-57561,Female,0,Yes,No,27,Yes,Yes,Fiber optic,Yes,No,No,No,Yes,Yes,One year,Yes,Electronic check,91.91,2411.86,No
6676-67005,Female,0,No,No,27,Yes,Yes,Fiber optic,No,No,No,No,Yes,Yes,Month-to-month,Yes,Credit card (automatic),83.75,2222.96,Yes
3319-20625,Female,0,Yes,No,47,Yes,No,Fiber optic,No,Yes,No,No,No,No,Month-to-month,Yes,Bank transfer (automatic),102.41,4927.88,No
8315-87528,Female,1,No,Yes,50,Yes,No,No,No internet service,No internet service,No internet service,No internet service,No internet service,No internet service,Month-to-month,Yes,Bank transfer (automatic),20.08,1008.61,No
6501-38034,Male,0,Yes,No,37,Yes,No,No,No internet service,No internet service,No internet service,No internet service,No internet service,No internet service,Month-to-month,Yes,Mailed check,23.24,857.47,No
8875-40500,Female,0,Yes,No,30,No,No phone service,Fiber optic,No,No,Yes,No,No,No,One year,Yes,Credit card (automatic),107.24,3276.1,No
1111-65150,Male,0,Yes,No,38,Yes,No,No,No internet service,No internet service,No internet service,No internet service,No internet service,No internet service,Month-to-month,No,Credit card (automatic),22.51,848.27,No
1199-24951,Female,0,No,No,48,Yes,Yes,Fiber optic,No,No,No,No,No,Yes,One year,No,Credit card (automatic),95.95,4422.13,No
6074-96190,Female,0,No,No,18,No,No phone service,Fiber optic,No,No,Yes,No,Yes,Yes,Month-to-month,Yes,Mailed check,81.87,1492.61,Yes
1146-35074,Female,0,No,No,49,Yes,No,DSL,No,Yes,Yes,No,Yes,No,Month-to-month,Yes,Mailed check,60.62,3066.48,No
6034-39287,Female,0,Yes,Yes,14,Yes,No,DSL,Yes,Yes,No,Yes,No,No,Month-to-month,Yes,Credit card (automatic),63.73,880.18,No
3762-65555,Male,0,Yes,Yes,45,Yes,No,DSL,Yes,No,Yes,No,No,Yes,Month-to-month,Yes,Electronic check,66.55,2884.68,No
7560-47874,Male,0,No,No,0,Yes,Yes,DSL,Yes,No,No,No,No,No,Month-to-month,Yes,Credit card (automatic),72.59,,No
4686-65436,Male,0,Yes,No,14,Yes,Yes,Fiber optic,No,Yes,No,Yes,Yes,No,Month-to-month,Yes,Electronic check,114.38,1553.6,Yes
2521-79039,Female,1,No,Yes,59,Yes,No,No,No internet service,No internet service,No internet service,No internet service,No internet service,No internet service,Two year,Yes,Bank transfer (automatic),29.1,1713.39,No
2004-26447,Male,0,Yes,Yes,15,Yes,No,Fiber optic,Yes,Yes,Yes,No,No,No,Month-to-month,Yes,Credit card (automatic),97.08,1472.63,No
5396-76804,Female,0,Yes,No,17,Yes,No,No,No internet service,No internet service,No internet service,No internet service,No internet service,No internet service,Month-to-month,Yes,Bank transfer (automatic),21.31,375.8,No
8649-33541,Male,0,Yes,Yes,21,Yes,Yes,DSL,Yes,No,Yes,Yes,No,Yes,Month-to-month,Yes,Bank transfer (automatic),89.2,1939.49,No
6265-40819,Male,0,Yes,No,37,Yes,Yes,DSL,No,No,No,Yes,No,Yes,Month-to-month,No,Mailed check,84.46,3106.43,No
4782-77345,Male,1,No,No,34,Yes,No,DSL,No,Yes,No,No,No,Yes,Month-to-month,Yes,Electronic check,49.74,1742.44,Yes
3448-66836,Male,0,No,No,29,Yes,No,Fiber optic,Yes,No,No,No,No,Yes,One year,Yes,Credit card (automatic),109.85,3108.61,No
7878-61104,Male,0,No,No,22,Yes,Yes,DSL,Yes,No,No,No,No,Yes,One year,No,Credit card (automatic),80.78,1783.26,No
3869-40993,Male,0,No,Yes,58,Yes,No,DSL,No,No,Yes,No,No,Yes,One year,Yes,Credit card (automatic),60.95,3523.93,No
1924-50559,Female,0,Yes,Yes,29,Yes,No,DSL,Yes,Yes,No,No,Yes,No,Month-to-month,Yes,Credit card (automatic),54.61,1567.84,No
4142-72638,Female,0,No,Yes,5,Yes,No,Fiber optic,No,Yes,No,No,No,No,Month-to-month,Yes,Electronic check,83.65,422.64,No
3521-74488,Female,1,Yes,No,56,Yes,Yes,No,No internet service,No internet service,No internet service,No internet service,No internet service,No internet service,One year,No,Electronic check,29.4,1647.16,No
4803-94265,Male,0,No,No,0,Yes,No,DSL,No,Yes,No,No,No,Yes,Month-to-month,Yes,Electronic check,66.81,,No
4469-69942,Female,0,Yes,Yes,52,Yes,Yes,DSL,No,No,Yes,Yes,Yes,No,One year,Yes,Electronic check,79.73,4120.8,No
5594-72946,Female,0,No,No,50,No,No phone service,DSL,Yes,Yes,Yes,No,No,No,One year,No,Credit card (automatic),65.2,3339.98,No
7162-55346,Female,0,No,No,19,Yes,Yes,Fiber optic,Yes,No,No,No,No,Yes,Month-to-month,No,Mailed check,92.86,1721.53,Yes
8054-57400,Male,1,No,Yes,7,Yes,Yes,Fiber optic,Yes,No,No,No,No,Yes,Month-to-month,Yes,Credit card (automatic),104.62,731.37,No
3736-78953,Female,0,No,Yes,23,Yes,No,DSL,No,Yes,No,No,Yes,Yes,One year,Yes,Electronic check,71.71,1693.83,Yes
3810-83220,Female,0,No,No,5,Yes,Yes,DSL,Yes,No,Yes,No,No,Yes,Month-to-month,Yes,Credit card (automatic),81.04,398.33,Yes
8433-27523,Male,0,No,No,4,Yes,Yes,Fiber optic,No,Yes,Yes,No,Yes,Yes,Month-to-month,No,Electronic check,99.65,393.67,Yes
9633-16026,Male,0,No,No,13,Yes,Yes,DSL,No,No,Yes,Yes,No,Yes,Month-to-month,Yes,Credit card (automatic),78.92,1010.88,No
5232-94662,Female,0,Yes,Yes,8,Yes,Yes,Fiber optic,No,No,No,No,Yes,Yes,Month-to-month,Yes,Electronic check,103.37,822.43,Yes
5943-16619,Male,0,No,No,58,Yes,Yes,No,No internet service,No internet service,No internet service,No internet service,No internet service,No internet service,One year,Yes,Electronic check,33.72,1977.84,No
6933-78134,Male,0,Yes,Yes,7,Yes,Yes,No,No internet service,No internet service,No internet service,No internet service,No internet service,No internet service,Month-to-month,No,Mailed check,30.23,214.56,No
8114-86183,Female,0,No,No,57,No,No phone service,DSL,Yes,No,Yes,No,No,No,Two year,Yes,Bank transfer (automatic),73.75,4360.68,No
2096-41346,Male,0,No,No,46,Yes,No,No,No internet service,No internet service,No internet service,No internet service,No internet service,No internet service,Two year,Yes,Bank transfer (automatic),25.04,1165.23,No
3090-28437,Male,0,Yes,No,65,Yes,No,Fiber optic,No,No,No,No,Yes,Yes,Two year,No,Bank transfer (automatic),105.53,6758.0,No
3830-12480,Male,0,No,Yes,15,Yes,Yes,DSL,Yes,Yes,No,No,No,Yes,Month-to-month,No,Credit card (automatic),60.79,899.6,No
2772-83135,Female,0,Yes,Yes,12,Yes,No,DSL,No,No,Yes,No,No,No,Month-to-month,No,Electronic check,58.54,696.63,Yes
5132-53114,Male,0,No,No,63,Yes,Yes,Fiber optic,No,No,No,No,No,Yes,Two year,Yes,Bank transfer (automatic),104.91,6651.8,No
9732-30782,Female,0,No,Yes,40,Yes,Yes,No,No internet service,No internet service,No internet service,No internet service,No internet service,No internet service,One year,Yes,Mailed check,29.93,1230.38,No
3068-93470,Male,0,No,No,47,No,No phone service,No,No internet service,No internet service,No internet service,No internet service,No internet service,No internet service,Month-to-month,Yes,Bank transfer (automatic),25.12,1136.84,No
6984-50235,Female,0,No,Yes,28,No,No phone service,Fiber optic,No,Yes,No,No,No,Yes,Two year,Yes,Electronic check,102.16,2973.82,No
8401-33276,Female,0,Yes,Yes,54,Yes,Yes,Fiber optic,No,No,Yes,No,No,No,One year,Yes,Mailed check,98.84,5434.11,No
2786-35276,Female,0,Yes,No,2,Yes,Yes,DSL,No,Yes,No,No,No,No,One year,No,Mailed check,73.28,150.05,Yes
8901-54240,Female,0,No,Yes,50,Yes,No,Fiber optic,No,No,No,No,No,No,Two year,No,Credit card (automatic),90.67,4534.17,No
3940-66911,Male,0,Yes,No,16,Yes,Yes,DSL,No,Yes,Yes,Yes,No,No,Two year,Yes,Electronic check,92.49,1452.22,Yes
5047-97363,Female,0,Yes,No,31,Yes,Yes,Fiber optic,No,No,No,No,Yes,No,Month-to-month,Yes,Electronic check,112.13,3594.85,Yes
1039-43930,Female,0,Yes,Yes,70,Yes,No,Fiber optic,No,No,No,No,No,Yes,Month-to-month,Yes,Bank transfer (automatic),102.13,7139.33,Yes
3976-68349,Female,0,Yes,No,7,Yes,No,Fiber optic,No,No,No,No,No,No,One year,No,Credit card (automatic),75.43,532.53,No
2529-53055,Female,1,No,No,2,Yes,No,DSL,No,Yes,Yes,No,Yes,No,One year,No,Credit card (automatic),80.51,155.03,No
8813-85445,Female,0,Yes,No,60,Yes,Yes,No,No internet service,No internet service,No internet service,No internet service,No internet service,No internet service,One year,No,Mailed check,30.14,1779.29,No
7108-88243,Male,0,Yes,No,34,Yes,No,DSL,No,No,No,Yes,Yes,No,Month-to-month,Yes,Credit card (automatic),51.97,1734.93,Yes
7196-11874,Male,0,No,No,20,Yes,No,DSL,Yes,Yes,No,Yes,No,Yes,One year,Yes,Electronic check,86.96,1699.5,No
9677-17012,Male,0,No,No,2,No,No phone service,Fiber optic,No,No,No,No,Yes,Yes,Month-to-month,No,Credit card (automatic),100.46,198.66,Yes
7733-27554,Male,0,Yes,No,16,Yes,No,Fiber optic,Yes,Yes,No,Yes,Yes,No,Two year,Yes,Electronic check,119.0,1854.49,No
7557-20934,Female,0,No,No,38,Yes,No,Fiber optic,No,No,No,No,No,Yes,Two year,Yes,Electronic check,84.24,3296.69,No
2085-36232,Female,0,Yes,No,32,Yes,Yes,No,No internet service,No internet service,No internet service,No internet service,No internet service,No internet service,Month-to-month,Yes,Electronic check,25.47,835.51,No
2827-97840,Male,0,No,Yes,3,Yes,Yes,DSL,Yes,No,No,No,No,No,One year,Yes,Mailed check,48.99,152.24,No
2965-80618,Male,0,Yes,Yes,46,Yes,Yes,Fiber optic,No,No,No,Yes,No,No,One year,Yes,Electronic check,106.31,4788.8,Yes
9432-20765,Female,1,Yes,Yes,30,Yes,No,DSL,Yes,Yes,No,Yes,No,No,Month-to-month,No,Credit card (automatic),71.6,2215.19,No
4283-95533,Female,0,Yes,Yes,46,Yes,No,DSL,Yes,Yes,No,No,No,No,Month-to-month,Yes,Mailed check,79.46,3601.9,No
9626-77903,Female,0,No,No,48,Yes,No,DSL,No,No,No,Yes,No,No,One year,Yes,Bank transfer (automatic),59.77,2908.95,No
4459-25112,Female,0,Yes,No,56,Yes,Yes,DSL,Yes,No,Yes,No,Yes,Yes,One year,Yes,Mailed check,89.11,4821.79,No
7190-92524,Female,0,Yes,Yes,21,Yes,Yes,Fiber optic,No,No,No,No,No,No,Month-to-month,No,Electronic check,91.26,1982.22,No
1577-60666,Female,0,No,No,54,Yes,No,No,No internet service,No internet service,No internet service,No internet service,No internet service,No internet service,Two year,No,Electronic check,22.89,1187.99,No
6357-99719,Male,0,Yes,No,47,Yes,No,No,No internet service,No internet service,No internet service,No internet service,No internet service,No internet service,Two year,Yes,Bank transfer (automatic),26.39,1275.21,No
2992-94476,Female,0,No,No,22,Yes,No,Fiber optic,No,No,No,No,No,Yes,Two year,Yes,Mailed check,96.31,2184.46,No
8745-40033,Male,0,Yes,No,57,Yes,No,Fiber optic,No,No,Yes,No,Yes,No,Two year,No,Bank transfer (automatic),85.8,4992.19,No
2304-92413,Male,0,Yes,No,13,Yes,No,DSL,Yes,Yes,Yes,No,Yes,Yes,Month-to-month,No,Credit card (automatic),91.51,1180.53,No
7258-61668,Male,0,Yes,No,49,Yes,No,DSL,No,No,No,No,No,No,Two year,Yes,Credit card (automatic),40.7,1952.74,No
9945-33203,Male,0,Yes,Yes,58,Yes,No,Fiber optic,No,No,No,No,Yes,Yes,Two year,Yes,Credit card (automatic),98.17,5562.62,Yes
4512-98794,Male,0,Yes,Yes,35,Yes,No,Fiber optic,No,No,No,No,No,No,One year,No,Mailed check,75.99,2663.2,No
7114-14389,Female,0,No,No,37,Yes,No,Fiber optic,No,No,No,No,Yes,Yes,Month-to-month,Yes,Electronic check,100.16,3772.86,No
6433-87199,Female,0,No,Yes,9,No,No phone service,Fiber optic,Yes,Yes,No,No,Yes,Yes,Month-to-month,Yes,Bank transfer (automatic),101.29,942.74,Yes
8638-14024,Male,0,Yes,Yes,47,Yes,No,DSL,Yes,Yes,No,Yes,Yes,No,Month-to-month,Yes,Bank transfer (automatic),71.73,3285.81,Yes
8276-62435,Female,0,Yes,Yes,41,Yes,No,DSL,Yes,No,No,Yes,Yes,Yes,One year,No,Electronic check,61.65,2615.45,No
4126-60805,Male,0,No,No,35,Yes,No,No,No internet service,No internet service,No internet service,No internet service,No internet service,No internet service,Month-to-month,Yes,Credit card (automatic),27.99,981.85,No
4332-11483,Male,0,Yes,No,49,Yes,Yes,DSL,No,No,No,No,No,Yes,Two year,Yes,Electronic check,75.68,3714.35,No
9275-13135,Female,0,No,No,64,No,No phone service,No,No internet service,No internet service,No internet service,No internet service,No internet service,No internet service,Two year,Yes,Mailed check,19.06,1225.1,No
8031-53378,Male,0,No,No,3,Yes,No,DSL,Yes,Yes,Yes,No,No,Yes,Month-to-month,No,Credit card (automatic),64.57,186.35,No
3014-42243,Female,1,Yes,No,68,Yes,Yes,DSL,Yes,No,No,No,Yes,Yes,Month-to-month,No,Credit card (automatic),66.8,4704.63,No
8515-94281,Female,0,No,No,38,Yes,Yes,Fiber optic,No,No,No,Yes,Yes,Yes,One year,Yes,Credit card (automatic),108.79,4124.37,No
5064-75092,Male,0,No,No,48,Yes,Yes,DSL,Yes,Yes,Yes,No,No,Yes,Month-to-month,Yes,Credit card (automatic),78.31,3659.56,No
9445-30667,Male,0,No,Yes,34,No,No phone service,No,No internet service,No internet service,No internet service,No internet service,No internet service,No internet service,Two year,No,Mailed check,19.59,671.99,No
7330-35350,Female,0,No,Yes,13,Yes,No,Fiber optic,No,No,Yes,No,Yes,No,Two year,No,Bank transfer (automatic),88.55,1132.17,Yes
3554-83095,Female,0,Yes,No,50,Yes,Yes,Fiber optic,No,No,Yes,Yes,Yes,Yes,Month-to-month,No,Credit card (automatic),119.0,5951.31,No
3786-98771,Female,0,No,No,43,Yes,No,Fiber optic,No,No,No,No,No,Yes,One year,Yes,Bank transfer (automatic),97.96,4219.62,No
2310-50240,Male,0,Yes,No,48,Yes,No,DSL,No,Yes,Yes,Yes,Yes,Yes,Two year,Yes,Electronic check,70.52,3459.67,No
5878-31181,Male,0,Yes,No,71,Yes,No,Fiber optic,No,No,No,Yes,No,Yes,Two year,No,Electronic check,108.69,7650.99,No
5023-69136,Female,0,No,No,32,Yes,No,DSL,No,No,No,No,Yes,No,One year,Yes,Mailed check,44.62,1418.63,No
4086-18898,Female,0,Yes,Yes,17,Yes,No,Fiber optic,No,No,No,No,Yes,Yes,Two year,Yes,Credit card (automatic),96.26,1620.67,Yes
3793-70122,Male,0,No,No,2,Yes,Yes,Fiber optic,No,No,No,No,Yes,Yes,Month-to-month,Yes,Bank transfer (automatic),113.46,229.01,No
1562-11507,Female,0,No,No,18,Yes,Yes,No,No internet service,No internet service,No internet service,No internet service,No internet service,No internet service,Month-to-month,Yes,Mailed check,32.32,600.14,No
6081-96476,Female,0,No,No,2,Yes,Yes,Fiber optic,No,No,No,No,No,Yes,One year,No,Mailed check,106.33,208.12,Yes
2786-13224,Male,0,No,Yes,70,Yes,Yes,No,No internet service,No internet service,No internet service,No internet service,No internet service,No internet service,Two year,Yes,Bank transfer (automatic),32.58,2230.93,No
4111-50483,Male,0,No,Yes,58,Yes,No,DSL,No,No,Yes,Yes,No,No,Two year,No,Credit card (automatic),55.95,3259.36,No
3302-63071,Female,1,No,No,36,Yes,No,Fiber optic,No,Yes,No,No,No,Yes,Month-to-month,No,Mailed check,82.31,2927.16,No
2558-82565,Female,1,No,Yes,2,Yes,Yes,Fiber optic,No,No,No,No,Yes,No,Month-to-month,Yes,Mailed check,96.81,187.41,No
4318-25131,Male,0,No,Yes,11,Yes,No,DSL,No,Yes,No,No,No,No,One year,No,Credit card (automatic),74.46,847.7,No
8104-65488,Male,0,No,No,14,Yes,Yes,DSL,No,No,Yes,No,No,Yes,Two year,Yes,Bank transfer (automatic),72.41,996.61,No
4716-27407,Female,0,Yes,No,56,Yes,Yes,Fiber optic,No,Yes,No,Yes,Yes,Yes,One year,No,Bank transfer (automatic),112.59,6298.83,Yes
5730-36214,Male,0,Yes,Yes,45,Yes,Yes,Fiber optic,No,No,Yes,Yes,Yes,No,Month-to-month,No,Bank transfer (automatic),118.15,5368.57,No
6435-67793,Female,0,Yes,No,45,Yes,Yes,DSL,Yes,Yes,Yes,Yes,No,No,Two year,Yes,Credit card (automatic),82.83,3803.9,No
6487-12972,Female,0,Yes,Yes,3,Yes,No,Fiber optic,No,No,Yes,No,Yes,Yes,One year,Yes,Mailed check,107.08,313.32,Yes
4812-30364,Female,1,Yes,No,31,Yes,Yes,DSL,No,Yes,No,No,Yes,No,Two year,Yes,Credit card (automatic),61.25,1970.06,No
1669-21132,Male,1,No,No,51,Yes,Yes,DSL,No,Yes,Yes,Yes,No,Yes,Two year,Yes,Mailed check,71.35,3662.64,No
5905-19341,Male,0,No,No,37,Yes,Yes,DSL,No,No,No,No,No,Yes,Month-to-month,No,Electronic check,58.43,2085.92,Yes
1693-91400,Male,0,No,Yes,58,Yes,No,Fiber optic,No,No,No,No,Yes,Yes,Two year,No,Bank transfer (automatic),89.47,5147.93,No
2867-75691,Female,0,No,No,37,Yes,Yes,No,No internet service,No internet service,No internet service,No internet service,No internet service,No internet service,Month-to-month,No,Bank transfer (automatic),31.21,1110.23,No
4928-21516,Male,0,No,No,34,Yes,No,No,No internet service,No internet service,No internet service,No internet service,No internet service,No internet service,Two year,Yes,Mailed check,20.26,673.72,No
1270-94652,Male,1,No,No,37,Yes,No,DSL,No,No,Yes,No,Yes,Yes,Month-to-month,No,Mailed check,74.33,2733.63,No
9093-55833,Male,0,No,No,41,Yes,No,DSL,No,No,No,No,No,No,Two year,Yes,Bank transfer (automatic),43.12,1794.02,No
7619-73575,Male,0,Yes,Yes,7,Yes,No,No,No internet service,No internet service,No internet service,No internet service,No internet service,No internet service,Month-to-month,Yes,Bank transfer (automatic),23.03,167.61,No
9712-58948,Male,0,No,Yes,40,Yes,No,Fiber optic,No,No,No,No,No,No,Month-to-month,Yes,Credit card (automatic),107.17,4170.02,Yes
3163-97029,Female,0,Yes,No,14,Yes,No,DSL,No,No,No,Yes,No,No,Two year,No,Bank transfer (automatic),68.11,952.43,No
7339-42431,Female,0,Yes,No,10,Yes,Yes,No,No internet service,No internet service,No internet service,No internet service,No internet service,No internet service,Month-to-month,No,Credit card (automatic),33.84,343.77,No
7604-17146,Male,0,Yes,No,56,Yes,Yes,No,No internet service,No internet service,No internet service,No internet service,No internet service,No internet service,Month-to-month,Yes,Credit card (automatic),27.9,1550.82,No
8074-78046,Male,0,No,Yes,12,Yes,Yes,Fiber optic,No,Yes,No,Yes,Yes,Yes,Two year,Yes,Mailed check,96.53,1169.38,No
3205-73541,Male,0,No,Yes,2,Yes,No,No,No internet service,No internet service,No internet service,No internet service,No internet service,No internet service,Month-to-month,No,Credit card (automatic),26.11,50.93,No
5672-18516,Female,0,Yes,Yes,6,Yes,No,Fiber optic,No,Yes,No,No,Yes,Yes,One year,Yes,Mailed check,119.0,697.68,Yes
3544-21889,Male,0,No,Yes,58,Yes,Yes,No,No internet service,No internet service,No internet service,No internet service,No internet service,No internet service,Two year,No,Bank transfer (automatic),30.5,1793.76,No
2655-90660,Female,0,Yes,No,7,Yes,Yes,Fiber optic,No,Yes,No,No,No,Yes,Month-to-month,Yes,Mailed check,119.0,841.93,Yes
4164-14905,Male,0,Yes,Yes,71,Yes,Yes,Fiber optic,Yes,No,Yes,No,Yes,No,Month-to-month,Yes,Bank transfer (automatic),119.0,8283.12,No
7798-42596,Male,0,Yes,No,49,No,No phone service,Fiber optic,No,No,Yes,No,Yes,Yes,One year,Yes,Mailed check,106.53,5223.52,Yes
4220-73911,Female,0,Yes,Yes,57,Yes,No,DSL,Yes,Yes,No,No,No,Yes,One year,Yes,Bank transfer (automatic),75.88,4351.97,No
6553-70078,Female,0,No,No,32,Yes,Yes,Fiber optic,No,No,No,No,Yes,No,Month-to-month,Yes,Bank transfer (automatic),85.73,2797.14,Yes
8624-20297,Female,0,Yes,No,50,Yes,No,Fiber optic,No,No,No,No,No,No,Month-to-month,No,Mailed check,86.31,4151.2,Yes
1019-33082,Female,0,Yes,Yes,32,Yes,Yes,DSL,No,No,Yes,No,Yes,No,Month-to-month,No,Credit card (automatic),69.07,2219.9,No
2622-96259,Female,0,Yes,Yes,2,Yes,No,No,No internet service,No internet service,No internet service,No internet service,No internet service,No internet service,Month-to-month,No,Credit card (automatic),22.15,42.94,No
1222-57627,Female,0,No,No,48,No,No phone service,DSL,No,No,Yes,No,Yes,No,Month-to-month,Yes,Mailed check,55.99,2635.94,Yes
7874-64438,Male,0,No,Yes,33,Yes,No,No,No internet service,No internet service,No internet service,No internet service,No internet service,No internet service,Two year,No,Credit card (automatic),25.42,809.08,No
8337-61727,Male,0,No,Yes,28,Yes,No,Fiber optic,No,No,No,Yes,No,No,Month-to-month,Yes,Mailed check,87.59,2495.02,Yes
8565-21560,Male,0,No,No,25,No,No phone service,Fiber optic,No,Yes,No,Yes,No,Yes,Month-to-month,Yes,Bank transfer (automatic),91.33,2203.15,No
4187-39571,Male,0,No,No,65,No,No phone service,No,No internet service,No internet service,No internet service,No internet service,No internet service,No internet service,Two year,Yes,Electronic check,25.81,1639.38,No
3292-89685,Male,0,Yes,No,3,Yes,No,Fiber optic,Yes,Yes,No,No,Yes,Yes,Month-to-month,Yes,Credit card (automatic),119.0,344.27,No
5167-65003,Male,0,Yes,Yes,47,Yes,No,DSL,No,Yes,Yes,Yes,No,Yes,Two year,No,Electronic check,65.71,3189.12,No
2583-31953,Male,0,No,Yes,36,Yes,No,DSL,No,No,Yes,Yes,Yes,No,Two year,No,Bank transfer (automatic),60.45,2146.87,No
5515-48217,Female,1,Yes,No,43,Yes,No,Fiber optic,No,No,No,No,Yes,No,Month-to-month,Yes,Credit card (automatic),102.7,4550.0,No
7573-18808,Male,0,Yes,No,21,Yes,No,No,No internet service,No internet service,No internet service,No internet service,No internet service,No internet service,Month-to-month,Yes,Mailed check,27.78,584.73,No
3042-68169,Female,1,Yes,Yes,7,Yes,Yes,Fiber optic,No,Yes,No,No,Yes,Yes,Month-to-month,Yes,Electronic check,105.05,737.27,Yes
7225-25161,Male,0,Yes,No,35,Yes,No,DSL,Yes,No,No,No,Yes,Yes,Month-to-month,No,Bank transfer (automatic),54.77,1854.64,No
2897-12657,Female,1,No,No,32,Yes,Yes,No,No internet service,No internet service,No internet service,No internet service,No internet service,No internet service,Month-to-month,Yes,Credit card (automatic),26.05,801.28,No
2640-63406,Female,1,Yes,No,0,Yes,No,Fiber optic,No,No,Yes,No,No,No,Month-to-month,Yes,Credit card (automatic),92.18,,Yes
8133-70568,Male,1,Yes,No,10,Yes,No,Fiber optic,No,No,No,No,Yes,No,Month-to-month,Yes,Mailed check,109.05,1066.03,Yes
8596-17499,Male,0,No,No,65,Yes,Yes,No,No internet service,No internet service,No internet service,No internet service,No internet service,No internet service,Two year,No,Credit card (automatic),27.71,1756.12,No
2327-36466,Female,0,No,No,31,No,No phone service,DSL,No,No,No,No,Yes,No,Month-to-month,Yes,Bank transfer (automatic),49.25,1531.19,No
5509-92151,Female,0,Yes,Yes,3,Yes,Yes,Fiber optic,No,No,No,No,No,No,Month-to-month,No,Bank transfer (automatic),72.56,214.19,Yes
3483-93012,Male,0,Yes,No,37,Yes,Yes,Fiber optic,No,No,Yes,Yes,No,No,Month-to-month,No,Mailed check,94.49,3501.14,No
3992-89388,Female,0,Yes,No,30,No,No phone service,DSL,No,Yes,Yes,Yes,No,No,Month-to-month,Yes,Mailed check,76.95,2324.49,No
1818-91165,Female,1,Yes,No,15,Yes,No,DSL,No,No,No,No,No,No,Two year,Yes,Electronic check,69.02,999.98,No
8750-33304,Male,0,Yes,No,27,Yes,No,No,No internet service,No internet service,No internet service,No internet service,No internet service,No internet service,One year,No,Credit card (automatic),22.35,627.29,No
4899-51508,Male,0,Yes,Yes,26,Yes,Yes,No,No internet service,No internet service,No internet service,No internet service,No internet service,No internet service,Month-to-month,Yes,Mailed check,30.55,763.9,No
9048-97701,Male,0,No,No,9,Yes,No,DSL,No,No,Yes,No,No,No,One year,Yes,Bank transfer (automatic),47.18,413.03,No
5151-46620,Female,0,No,No,63,Yes,No,DSL,No,No,No,No,Yes,No,Month-to-month,No,Credit card (automatic),62.34,4028.27,Yes
8331-38097,Female,0,No,No,62,Yes,Yes,DSL,No,Yes,No,Yes,Yes,Yes,Two year,Yes,Bank transfer (automatic),86.87,5185.6,No
4770-80004,Female,0,No,No,23,No,No phone service,DSL,No,Yes,No,No,Yes,No,Month-to-month,Yes,Electronic check,51.23,1196.04,Yes
5386-64195,Female,0,No,Yes,36,Yes,No,Fiber optic,No,Yes,No,No,No,Yes,One year,No,Electronic check,88.59,3285.34,No
3627-31029,Male,1,No,No,4,Yes,No,Fiber optic,No,No,Yes,No,Yes,No,Month-to-month,No,Bank transfer (automatic),93.16,374.38,Yes
9350-58248,Male,0,No,No,36,Yes,No,DSL,No,No,No,No,Yes,Yes,Month-to-month,No,Mailed check,61.05,2219.15,No
4939-43241,Male,0,No,No,55,Yes,Yes,Fiber optic,No,No,No,No,No,No,Month-to-month,Yes,Mailed check,75.72,4276.79,No
7734-31075,Male,0,No,Yes,26,Yes,No,Fiber optic,No,Yes,Yes,No,Yes,Yes,Month-to-month,Yes,Electronic check,94.55,2387.82,No
1007-90619,Female,1,No,No,3,Yes,Yes,DSL,No,Yes,No,No,Yes,No,One year,No,Electronic check,55.72,170.49,Yes
8002-56940,Female,1,No,Yes,22,Yes,No,Fiber optic,No,No,No,Yes,No,Yes,One year,Yes,Bank transfer (automatic),112.16,2470.27,Yes
3783-74559,Male,0,Yes,No,39,Yes,Yes,Fiber optic,No,Yes,No,No,No,Yes,Month-to-month,No,Credit card (automatic),100.64,3824.35,No
5592-51464,Female,0,Yes,Yes,16,Yes,Yes,Fiber optic,No,Yes,No,No,Yes,No,Two year,No,Mailed check,87.97,1434.02,No
1075-36699,Female,0,Yes,No,49,Yes,No,Fiber optic,No,Yes,No,No,Yes,No,Month-to-month,No,Electronic check,97.59,4691.4,No
2753-85214,Male,0,Yes,Yes,69,Yes,Yes,No,No internet service,No internet service,No internet service,No internet service,No internet service,No internet service,Two year,No,Electronic check,24.41,1625.45,No
7576-84303,Female,0,Yes,Yes,20,Yes,Yes,Fiber optic,No,No,Yes,No,Yes,No,Month-to-month,Yes,Bank transfer (automatic),92.88,1903.73,Yes
6032-26854,Female,0,Yes,No,42,Yes,No,No,No internet service,No internet service,No internet service,No internet service,No internet service,No internet service,Month-to-month,No,Electronic check,27.84,1176.63,No
9114-19336,Female,0,Yes,No,46,Yes,Yes,Fiber optic,No,Yes,No,No,No,Yes,Month-to-month,No,Electronic check,119.0,5549.39,No
5260-59245,Female,0,No,No,34,Yes,Yes,DSL,Yes,Yes,Yes,No,Yes,No,One year,No,Credit card (automatic),89.83,3076.54,No
4059-56373,Male,0,Yes,No,53,Yes,No,DSL,Yes,Yes,No,Yes,Yes,No,One year,Yes,Bank transfer (automatic),84.09,4290.19,No
3096-21051,Female,1,Yes,No,7,Yes,No,Fiber optic,No,No,No,No,Yes,No,One year,Yes,Credit card (automatic),91.62,624.88,Yes
9087-63799,Male,0,Yes,No,41,Yes,No,No,No internet service,No internet service,No internet service,No internet service,No internet service,No internet service,Month-to-month,No,Credit card (automatic),20.62,854.42,No
2804-89490,Female,0,Yes,Yes,25,Yes,No,Fiber optic,No,No,No,Yes,Yes,No,Month-to-month,Yes,Mailed check,76.63,1947.22,No
7544-83055,Male,0,No,Yes,46,Yes,No,DSL,Yes,Yes,No,No,No,No,Two year,Yes,Bank transfer (automatic),59.92,2710.89,No
4047-78646,Male,1,No,No,40,Yes,No,DSL,No,Yes,No,No,No,Yes,Two year,Yes,Mailed check,64.21,2506.91,No
6387-86727,Female,0,Yes,No,18,Yes,Yes,Fiber optic,No,No,No,Yes,Yes,No,Month-to-month,Yes,Electronic check,81.83,1450.37,No
6118-20612,Male,0,No,Yes,51,Yes,No,Fiber optic,No,No,No,No,No,Yes,Two year,Yes,Mailed check,107.19,5382.28,No
6436-47846,Male,0,Yes,No,37,Yes,No,Fiber optic,No,Yes,No,No,Yes,No,One year,No,Credit card (automatic),103.4,3848.71,No
9361-27955,Female,0,No,No,38,Yes,No,DSL,Yes,Yes,No,Yes,Yes,No,Month-to-month,Yes,Credit card (automatic),67.69,2622.23,Yes
4751-85905,Male,1,No,No,2,Yes,No,Fiber optic,No,No,No,Yes,Yes,No,One year,No,Electronic check,114.85,233.52,No
3364-22098,Female,0,No,Yes,69,Yes,No,Fiber optic,No,No,No,No,Yes,Yes,Month-to-month,Yes,Mailed check,101.45,6814.92,Yes
5006-89918,Male,0,Yes,No,41,No,No phone service,No,No internet service,No internet service,No internet service,No internet service,No internet service,No internet service,Month-to-month,Yes,Credit card (automatic),24.34,1026.32,No
1674-97958,Male,0,No,No,28,Yes,No,No,No internet service,No internet service,No internet service,No internet service,No internet service,No internet service,One year,Yes,Credit card (automatic),29.49,832.4,No
1873-62390,Female,0,No,No,60,Yes,No,Fiber optic,No,Yes,No,No,Yes,No,Two year,No,Mailed check,104.8,6165.25,No
8024-74834,Male,0,No,No,40,Yes,Yes,DSL,Yes,No,No,No,No,Yes,Month-to-month,Yes,Mailed check,82.34,3305.56,Yes
5067-15949,Male,0,Yes,Yes,6,Yes,No,No,No internet service,No internet service,No internet service,No internet service,No internet service,No internet service,Month-to-month,Yes,Credit card (automatic),20.02,117.28,No
7456-35786,Female,0,Yes,No,27,Yes,No,No,No internet service,No internet service,No internet service,No internet service,No internet service,No internet service,Month-to-month,Yes,Credit card (automatic),28.27,751.85,No
6666-84057,Female,0,Yes,No,33,Yes,No,Fiber optic,Yes,No,No,Yes,Yes,Yes,Month-to-month,No,Mailed check,101.09,3392.09,No
8503-87224,Male,1,Yes,No,41,Yes,No,Fiber optic,No,No,Yes,No,Yes,Yes,One year,Yes,Electronic check,108.89,4354.09,No
4668-67097,Female,1,No,No,34,No,No phone service,Fiber optic,No,No,No,No,Yes,No,Month-to-month,Yes,Bank transfer (automatic),94.64,3252.88,Yes
2610-93348,Female,1,Yes,No,43,Yes,No,Fiber optic,No,No,No,No,Yes,Yes,Month-to-month,Yes,Mailed check,98.04,4272.35,Yes
9185-13138,Female,0,Yes,Yes,3,Yes,Yes,No,No internet service,No internet service,No internet service,No internet service,No internet service,No internet service,One year,Yes,Bank transfer (automatic),33.4,103.95,No
2023-88008,Male,0,No,Yes,3,Yes,Yes,Fiber optic,No,Yes,Yes,No,No,No,Month-to-month,Yes,Mailed check,106.56,330.5,Yes
7131-97117,Female,0,No,No,23,Yes,No,Fiber optic,No,No,No,No,Yes,Yes,Month-to-month,Yes,Bank transfer (automatic),84.62,1961.28,Yes
8514-78928,Female,1,No,No,45,Yes,No,No,No internet service,No internet service,No internet service,No internet service,No internet service,No internet service,One year,No,Electronic check,25.26,1151.64,No
4818-89728,Female,0,No,No,4,Yes,No,No,No internet service,No internet service,No internet service,No internet service,No internet service,No internet service,Month-to-month,No,Electronic check,22.24,92.09,No
9994-46072,Male,0,No,No,30,Yes,No,Fiber optic,No,No,No,No,No,Yes,Month-to-month,Yes,Credit card (automatic),79.11,2352.47,Yes
7936-78220,Female,0,No,No,35,Yes,Yes,No,No internet service,No internet service,No internet service,No internet service,No internet service,No internet service,Month-to-month,Yes,Electronic check,27.59,1002.58,No
8552-39010,Female,0,Yes,No,21,No,No phone service,Fiber optic,No,Yes,No,No,Yes,Yes,Month-to-month,Yes,Mailed check,112.42,2292.23,No
3856-60187,Male,1,Yes,No,29,Yes,Yes,DSL,Yes,No,No,No,No,No,Two year,No,Mailed check,74.55,2164.59,No
1247-76886,Female,0,No,No,60,Yes,No,DSL,No,No,No,Yes,Yes,No,One year,Yes,Bank transfer (automatic),68.35,4254.14,No
8271-19868,Female,0,Yes,Yes,40,Yes,No,DSL,No,No,No,No,No,Yes,Month-to-month,No,Credit card (automatic),60.19,2424.0,No
8165-38565,Male,0,Yes,No,42,Yes,No,Fiber optic,No,No,No,Yes,Yes,No,Month-to-month,No,Mailed check,87.55,3735.15,Yes
3425-23608,Female,0,No,No,46,Yes,Yes,No,No internet service,No internet service,No internet service,No internet service,No internet service,No internet service,Month-to-month,No,Bank transfer (automatic),24.64,1098.58,No
3994-63583,Male,0,Yes,No,18,Yes,No,DSL,No,No,No,No,No,No,Two year,Yes,Bank transfer (automatic),60.81,1132.46,No
1765-77347,Female,1,Yes,No,18,Yes,No,No,No internet service,No internet service,No internet service,No internet service,No internet service,No internet service,One year,Yes,Bank transfer (automatic),23.13,427.6,No
8180-22879,Female,0,Yes,Yes,46,Yes,Yes,DSL,No,No,No,No,No,No,One year,No,Credit card (automatic),51.94,2340.93,No
8113-62873,Female,0,Yes,No,40,Yes,Yes,DSL,No,No,Yes,No,Yes,No,Month-to-month,Yes,Credit card (automatic),55.99,2326.82,Yes
3153-14627,Male,0,No,Yes,71,Yes,Yes,DSL,Yes,Yes,No,No,Yes,No,Two year,Yes,Credit card (automatic),69.41,4930.0,No
2129-29291,Female,0,Yes,Yes,43,Yes,No,Fiber optic,Yes,No,No,No,No,No,Two year,No,Credit card (automatic),93.31,4088.81,No
7621-92323,Male,0,No,No,48,Yes,Yes,No,No internet service,No internet service,No internet service,No internet service,No internet service,No internet service,Month-to-month,No,Bank transfer (automatic),32.05,1560.87,No
9774-30312,Female,0,Yes,No,2,Yes,No,DSL,No,Yes,Yes,No,No,No,Month-to-month,Yes,Bank transfer (automatic),65.17,131.72,No
4553-81195,Female,1,No,No,46,Yes,Yes,DSL,No,No,No,No,Yes,No,Month-to-month,Yes,Bank transfer (automatic),47.66,2246.52,No
1405-52379,Male,0,Yes,No,33,Yes,Yes,No,No internet service,No internet service,No internet service,No internet service,No internet service,No internet service,One year,No,Electronic check,33.76,1077.5,No
3963-89458,Male,0,Yes,Yes,5,Yes,Yes,Fiber optic,No,No,Yes,No,Yes,No,Month-to-month,No,Credit card (automatic),103.12,520.41,Yes
4357-78292,Male,0,No,No,39,Yes,No,Fiber optic,No,No,No,Yes,No,No,Month-to-month,No,Credit card (automatic),107.33,4180.33,Yes
9417-30428,Female,0,Yes,Yes,56,Yes,Yes,Fiber optic,Yes,No,Yes,No,Yes,Yes,One year,Yes,Credit card (automatic),102.66,5961.12,No
3209-11523,Male,0,No,No,36,Yes,Yes,Fiber optic,No,No,No,No,No,Yes,One year,No,Credit card (automatic),109.65,3821.62,Yes
5435-91620,Male,1,Yes,No,33,Yes,Yes,Fiber optic,No,No,No,No,No,Yes,Month-to-month,Yes,Credit card (automatic),85.99,2860.33,No
9622-36456,Male,0,Yes,No,41,Yes,No,Fiber optic,Yes,No,No,Yes,Yes,No,Month-to-month,Yes,Electronic check,114.83,4562.11,Yes
7822-68406,Male,1,Yes,No,28,Yes,No,No,No internet service,No internet service,No internet service,No internet service,No internet service,No internet service,Month-to-month,No,Credit card (automatic),27.03,782.08,No
7826-31551,Male,0,No,No,12,Yes,No,DSL,Yes,No,No,No,Yes,Yes,Month-to-month,No,Electronic check,68.02,847.25,Yes
6502-25723,Male,0,Yes,No,29,Yes,Yes,Fiber optic,Yes,No,No,No,No,Yes,Two year,Yes,Bank transfer (automatic),83.59,2503.37,No
1643-68222,Male,0,Yes,No,49,Yes,Yes,No,No internet service,No internet service,No internet service,No internet service,No internet service,No internet service,One year,Yes,Bank transfer (automatic),34.77,1736.07,No
1269-61006,Female,0,No,No,67,Yes,No,DSL,Yes,No,No,Yes,No,No,Two year,Yes,Electronic check,52.32,3595.07,No
4580-41910,Male,1,Yes,No,10,Yes,No,DSL,No,Yes,No,No,No,Yes,One year,Yes,Credit card (automatic),69.58,706.94,No
6779-11600,Female,0,No,Yes,14,Yes,No,Fiber optic,No,No,No,No,Yes,No,Two year,No,Mailed check,78.49,1135.05,No
6437-53958,Female,0,No,No,34,Yes,Yes,Fiber optic,No,No,No,No,Yes,Yes,Month-to-month,No,Credit card (automatic),86.31,2920.8,Yes
2922-97531,Female,0,No,No,16,Yes,No,Fiber optic,Yes,Yes,Yes,Yes,Yes,Yes,Month-to-month,Yes,Mailed check,101.26,1587.94,Yes
7919-36922,Male,1,Yes,Yes,63,Yes,No,No,No internet service,No internet service,No internet service,No internet service,No internet service,No internet service,Two year,Yes,Credit card (automatic),26.47,1679.17,No
1200-72813,Male,0,Yes,No,16,No,No phone service,DSL,No,Yes,No,No,No,No,One year,Yes,Electronic check,49.6,798.01,No
2474-17692,Female,0,No,Yes,13,Yes,No,DSL,Yes,No,Yes,Yes,No,No,Two year,Yes,Credit card (automatic),81.06,1054.21,No
5596-92573,Female,0,No,No,27,Yes,Yes,DSL,No,No,Yes,No,Yes,No,One year,Yes,Credit card (automatic),56.39,1567.64,No
2983-33032,Female,1,Yes,No,1,No,No phone service,No,No internet service,No internet service,No internet service,No internet service,No internet service,No internet service,Month-to-month,No,Credit card (automatic),19.15,19.13,No
1244-28039,Male,0,No,No,5,Yes,No,DSL,Yes,No,No,No,No,No,Month-to-month,No,Bank transfer (automatic),51.7,265.08,No
7766-21095,Male,0,No,No,43,Yes,Yes,Fiber optic,No,No,No,No,No,Yes,Month-to-month,No,Credit card (automatic),98.46,4155.67,No
3597-92735,Male,1,Yes,No,55,No,No phone service,No,No internet service,No internet service,No internet service,No internet service,No internet service,No internet service,One year,No,Mailed check,20.03,1121.22,No
7412-25572,Male,0,Yes,No,51,Yes,No,DSL,No,Yes,No,No,Yes,No,Two year,Yes,Credit card (automatic),56.15,2838.43,No
9353-29203,Female,0,No,No,14,Yes,No,DSL,No,Yes,No,No,No,No,Two year,No,Bank transfer (automatic),58.5,787.62,No
9337-95319,Male,0,No,No,19,Yes,No,No,No internet service,No internet service,No internet service,No internet service,No internet service,No internet service,Month-to-month,Yes,Electronic check,27.32,512.86,No
5553-10461,Male,0,No,No,7,Yes,No,DSL,No,No,No,No,No,No,Month-to-month,Yes,Bank transfer (automatic),47.97,346.22,No
9376-83325,Female,0,Yes,No,1,Yes,No,Fiber optic,Yes,Yes,No,Yes,No,No,Month-to-month,Yes,Mailed check,92.89,91.28,Yes
4612-31435,Female,0,Yes,No,2,Yes,Yes,Fiber optic,No,No,No,No,Yes,No,Month-to-month,No,Electronic check,114.55,224.25,Yes
7484-26971,Male,0,Yes,No,21,No,No phone service,Fiber optic,No,No,Yes,Yes,Yes,Yes,Two year,No,Mailed check,98.09,2096.81,No
2584-20072,Male,0,Yes,Yes,39,Yes,No,DSL,No,No,No,No,No,No,One year,Yes,Electronic check,44.33,1660.92,No
5878-51494,Female,0,No,No,69,Yes,Yes,No,No internet service,No internet service,No internet service,No internet service,No internet service,No internet service,Month-to-month,No,Credit card (automatic),24.06,1641.48,No
1442-39062,Female,0,Yes,No,31,Yes,No,Fiber optic,No,Yes,No,No,Yes,Yes,Two year,No,Electronic check,101.15,3162.95,Yes
4277-30547,Female,0,Yes,No,6,Yes,Yes,DSL,Yes,No,Yes,Yes,No,Yes,Month-to-month,Yes,Bank transfer (automatic),69.05,400.88,Yes
5700-28916,Female,0,No,No,23,Yes,No,DSL,No,Yes,Yes,Yes,No,No,Two year,Yes,Electronic check,57.11,1303.69,No
3339-45552,Female,0,Yes,Yes,13,Yes,No,Fiber optic,Yes,No,Yes,No,Yes,Yes,One year,Yes,Mailed check,119.0,1559.2,No
2676-87611,Male,0,Yes,No,43,Yes,No,Fiber optic,Yes,No,Yes,No,Yes,No,Month-to-month,No,Credit card (automatic),96.54,4229.31,No
7416-96112,Male,0,No,No,54,Yes,No,Fiber optic,No,No,No,No,Yes,Yes,One year,Yes,Bank transfer (automatic),106.69,5616.21,No
6673-19227,Female,0,Yes,Yes,27,Yes,Yes,DSL,Yes,Yes,Yes,Yes,No,No,Month-to-month,Yes,Bank transfer (automatic),70.62,1931.53,No
4747-35122,Male,0,No,No,38,Yes,No,Fiber optic,No,Yes,No,No,Yes,Yes,One year,Yes,Electronic check,84.08,3318.46,Yes
2562-19602,Male,1,Yes,No,10,Yes,Yes,DSL,No,No,Yes,No,No,Yes,Month-to-month,No,Bank transfer (automatic),60.34,622.36,No
9267-70130,Male,0,Yes,No,45,Yes,Yes,Fiber optic,No,No,No,No,Yes,Yes,Month-to-month,No,Electronic check,112.26,5124.42,Yes
4773-86089,Female,0,No,Yes,26,Yes,No,Fiber optic,No,No,No,No,Yes,No,One year,No,Bank transfer (automatic),90.26,2335.83,No
3362-10925,Male,0,Yes,No,24,Yes,Yes,No,No internet service,No internet service,No internet service,No internet service,No internet service,No internet service,Month-to-month,Yes,Mailed check,34.62,807.56,No
2599-54537,Male,0,No,No,19,Yes,Yes,DSL,Yes,No,Yes,No,No,Yes,Month-to-month,Yes,Bank transfer (automatic),82.86,1542.78,Yes
3369-15749,Male,0,Yes,No,14,Yes,Yes,Fiber optic,No,No,Yes,No,No,No,Two year,Yes,Electronic check,75.98,1097.36,No
4596-94273,Male,0,No,Yes,33,No,No phone service,DSL,No,No,No,No,No,Yes,Month-to-month,Yes,Mailed check,73.62,2371.73,Yes
4502-28441,Female,1,Yes,Yes,24,Yes,No,DSL,No,No,No,No,No,No,One year,Yes,Bank transfer (automatic),49.02,1152.89,No
4834-67423,Male,0,No,No,42,Yes,No,DSL,Yes,Yes,No,Yes,Yes,Yes,One year,No,Mailed check,65.81,2664.15,No
2951-43275,Female,0,No,Yes,32,Yes,No,No,No internet service,No internet service,No internet service,No internet service,No internet service,No internet service,Month-to-month,Yes,Bank transfer (automatic),19.75,647.33,No
6650-45595,Male,0,No,Yes,53,Yes,Yes,Fiber optic,No,No,Yes,No,Yes,Yes,Two year,No,Credit card (automatic),119.0,6408.67,No
9460-40360,Female,0,Yes,No,37,Yes,Yes,No,No internet service,No internet service,No internet service,No internet service,No internet service,No internet service,Month-to-month,Yes,Electronic check,27.0,975.03,Yes
7830-45229,Female,1,No,No,30,Yes,Yes,DSL,No,Yes,No,Yes,Yes,Yes,Month-to-month,No,Credit card (automatic),88.19,2706.94,No
7975-55003,Female,0,No,No,48,Yes,No,Fiber optic,No,Yes,Yes,No,Yes,No,Month-to-month,Yes,Bank transfer (automatic),119.0,5760.83,Yes
7403-59015,Female,0,Yes,Yes,53,Yes,Yes,Fiber optic,Yes,No,No,No,Yes,No,One year,No,Credit card (automatic),87.23,4667.6,No
5400-81890,Male,0,No,No,43,No,No phone service,Fiber optic,No,No,Yes,No,No,No,Month-to-month,No,Credit card (automatic),108.33,4843.37,No
1391-70361,Female,0,Yes,No,40,Yes,Yes,No,No internet service,No internet service,No internet service,No internet service,No internet service,No internet service,Month-to-month,Yes,Credit card (automatic),26.29,1092.9,No
1685-71314,Female,0,Yes,No,6,Yes,Yes,No,No internet service,No internet service,No internet service,No internet service,No internet service,No internet service,Month-to-month,Yes,Credit card (automatic),34.35,206.11,No
3582-84231,Female,0,No,Yes,31,Yes,No,No,No internet service,No internet service,No internet service,No internet service,No internet service,No internet service,One year,No,Bank transfer (automatic),25.79,802.17,No
6164-42448,Female,0,Yes,Yes,12,Yes,Yes,DSL,No,No,No,No,No,Yes,Month-to-month,No,Mailed check,72.8,900.65,No
8486-95676,Female,0,Yes,No,38,Yes,Yes,Fiber optic,No,Yes,Yes,No,Yes,Yes,Month-to-month,Yes,Credit card (automatic),118.22,4363.1,No
3850-56385,Female,0,No,Yes,42,No,No phone service,No,No internet service,No internet service,No internet service,No internet service,No internet service,No internet service,Month-to-month,Yes,Electronic check,24.25,1014.12,No
8109-31924,Female,0,No,No,14,Yes,Yes,Fiber optic,No,Yes,No,Yes,No,Yes,Month-to-month,Yes,Credit card (automatic),99.73,1401.57,Yes
3011-14731,Female,0,Yes,Yes,51,Yes,No,Fiber optic,No,No,No,No,No,Yes,One year,No,Bank transfer (automatic),111.55,5493.2,Yes
1901-87719,Male,0,Yes,Yes,4,Yes,No,Fiber optic,Yes,No,No,No,No,Yes,Month-to-month,Yes,Electronic check,102.74,394.54,Yes
9525-49364,Male,0,Yes,No,36,Yes,Yes,Fiber optic,No,No,No,Yes,No,Yes,Month-to-month,No,Mailed check,114.67,4220.65,Yes
4341-55555,Male,0,No,No,39,Yes,Yes,DSL,Yes,No,Yes,No,Yes,No,Month-to-month,Yes,Electronic check,67.54,2706.32,No
9535-27711,Male,1,Yes,No,43,Yes,No,DSL,No,Yes,Yes,No,No,No,One year,Yes,Electronic check,66.05,2857.33,No
2434-61403,Male,0,No,No,5,Yes,No,DSL,No,No,No,Yes,Yes,Yes,One year,No,Mailed check,80.15,401.68,No
1973-45941,Male,0,No,Yes,45,Yes,No,Fiber optic,No,No,No,No,No,Yes,Month-to-month,No,Credit card (automatic),76.63,3418.59,No
3698-39309,Male,0,No,No,48,Yes,Yes,DSL,No,No,Yes,Yes,Yes,No,One year,Yes,Electronic check,86.12,4159.16,No
7050-74668,Male,0,Yes,Yes,34,Yes,Yes,No,No internet service,No internet service,No internet service,No internet service,No internet service,No internet service,One year,Yes,Electronic check,32.6,1150.13,No
7514-47714,Female,1,Yes,No,41,Yes,No,Fiber optic,No,Yes,No,Yes,No,No,Month-to-month,No,Credit card (automatic),92.91,3866.55,No
4146-67608,Female,0,Yes,No,16,Yes,No,DSL,No,Yes,Yes,Yes,Yes,No,Month-to-month,No,Bank transfer (automatic),78.74,1234.61,Yes
7303-50972,Female,0,Yes,No,23,Yes,Yes,Fiber optic,No,No,Yes,No,Yes,Yes,Month-to-month,Yes,Mailed check,97.21,2195.88,Yes
4523-83232,Male,1,Yes,Yes,58,Yes,No,DSL,No,No,Yes,Yes,No,No,Two year,Yes,Bank transfer (automatic),51.23,3016.64,No
7920-64926,Male,0,No,No,5,Yes,No,Fiber optic,No,Yes,No,No,No,No,Month-to-month,No,Credit card (automatic),75.78,375.1,Yes
4579-49456,Female,0,Yes,No,29,Yes,No,No,No internet service,No internet service,No internet service,No internet service,No internet service,No internet service,Month-to-month,No,Credit card (automatic),28.51,841.72,No
3534-36182,Male,0,Yes,No,24,Yes,No,Fiber optic,Yes,No,No,Yes,Yes,Yes,Month-to-month,Yes,Electronic check,119.0,2758.76,Yes
5690-49302,Female,0,No,Yes,38,Yes,No,DSL,Yes,Yes,No,No,Yes,No,Month-to-month,No,Bank transfer (automatic),63.18,2356.66,Yes
8371-99389,Male,0,No,No,31,Yes,Yes,Fiber optic,Yes,No,No,No,No,Yes,Two year,Yes,Mailed check,117.37,3606.09,No
6796-40665,Male,0,Yes,No,47,Yes,Yes,Fiber optic,Yes,No,No,No,No,Yes,Month-to-month,No,Bank transfer (automatic),119.0,5599.93,Yes
9562-12245,Female,0,No,No,5,Yes,No,Fiber optic,No,No,Yes,No,Yes,Yes,Month-to-month,Yes,Electronic check,91.32,454.98,No
3189-11709,Male,0,No,No,32,Yes,No,Fiber optic,No,Yes,No,No,No,Yes,One year,Yes,Credit card (automatic),113.78,3687.9,No
5556-66652,Male,0,Yes,No,37,Yes,No,DSL,Yes,No,No,No,No,Yes,One year,Yes,Credit card (automatic),68.96,2490.17,No
7090-12637,Female,0,No,No,54,No,No phone service,No,No internet service,No internet service,No internet service,No internet service,No internet service,No internet service,Two year,Yes,Bank transfer (automatic),25.29,1359.15,No
2858-14209,Male,0,Yes,No,4,Yes,No,Fiber optic,No,No,No,No,No,No,One year,Yes,Electronic check,92.19,354.88,No
5861-70665,Female,0,Yes,Yes,22,Yes,Yes,Fiber optic,Yes,No,No,No,Yes,Yes,Month-to-month,Yes,Credit card (automatic),94.85,2132.47,Yes
8652-66924,Male,0,Yes,Yes,41,Yes,Yes,DSL,Yes,No,Yes,Yes,No,No,Month-to-month,Yes,Credit card (automatic),74.02,3001.56,No
9739-75226,Male,0,Yes,No,32,Yes,No,DSL,No,No,No,No,Yes,No,Two year,Yes,Mailed check,52.07,1612.34,No
9792-93179,Female,0,No,No,55,Yes,No,Fiber optic,Yes,Yes,No,Yes,Yes,No,One year,No,Bank transfer (automatic),89.93,4938.61,No
5890-52964,Male,0,No,No,0,Yes,No,Fiber optic,No,No,No,No,Yes,Yes,Month-to-month,No,Bank transfer (automatic),80.57,,Yes
3955-90364,Female,0,Yes,Yes,42,Yes,Yes,No,No internet service,No internet service,No internet service,No internet service,No internet service,No internet service,Month-to-month,No,Bank transfer (automatic),27.03,1108.11,No
5429-62563,Female,0,No,No,53,Yes,No,DSL,No,No,No,No,No,No,One year,No,Bank transfer (automatic),48.73,2560.17,No
7775-89176,Female,0,Yes,No,19,Yes,Yes,No,No internet service,No internet service,No internet service,No internet service,No internet service,No internet service,Month-to-month,Yes,Electronic check,24.88,456.25,No
7585-99063,Male,0,Yes,No,60,Yes,No,DSL,Yes,No,Yes,No,Yes,No,One year,Yes,Bank transfer (automatic),70.55,4107.49,No
4142-30820,Female,0,No,No,37,Yes,Yes,No,No internet service,No internet service,No internet service,No internet service,No internet service,No internet service,One year,No,Bank transfer (automatic),25.3,911.4,No
5818-75376,Female,0,Yes,No,39,Yes,No,DSL,No,No,No,No,No,No,Month-to-month,Yes,Bank transfer (automatic),55.9,2188.06,No
1660-89358,Female,0,No,Yes,25,Yes,No,Fiber optic,No,No,No,No,No,Yes,Two year,Yes,Bank transfer (automatic),81.58,2062.8,No
4542-12507,Male,1,Yes,No,63,Yes,No,Fiber optic,No,Yes,No,No,No,No,Two year,No,Electronic check,110.22,7078.29,No
5211-11215,Female,0,No,No,30,No,No phone service,Fiber optic,No,Yes,No,Yes,Yes,Yes,Month-to-month,No,Credit card (automatic),98.5,2905.2,Yes
7534-29137,Male,0,Yes,No,46,Yes,No,No,No internet service,No internet service,No internet service,No internet service,No internet service,No internet service,Month-to-month,Yes,Mailed check,28.6,1322.23,No
5339-24754,Female,1,Yes,Yes,44,Yes,Yes,No,No internet service,No internet service,No internet service,No internet service,No internet service,No internet service,Two year,Yes,Credit card (automatic),31.9,1457.56,No
1424-50779,Male,1,No,No,7,Yes,Yes,DSL,No,Yes,No,No,Yes,No,Month-to-month,No,Bank transfer (automatic),71.63,483.75,Yes
3544-91164,Female,0,No,Yes,13,Yes,Yes,DSL,No,No,No,No,No,No,Two year,Yes,Credit card (automatic),51.04,689.39,No
6333-90203,Female,0,Yes,No,43,Yes,Yes,DSL,No,Yes,Yes,No,Yes,No,Month-to-month,No,Credit card (automatic),67.05,2894.65,No
6564-20243,Male,1,No,No,15,Yes,No,DSL,Yes,Yes,Yes,Yes,No,No,One year,No,Credit card (automatic),61.08,933.12,No
8194-87634,Female,0,Yes,No,37,Yes,No,Fiber optic,No,No,No,No,Yes,Yes,One year,Yes,Bank transfer (automatic),79.87,2917.93,No
1480-23927,Female,0,Yes,No,28,Yes,No,DSL,Yes,No,Yes,No,No,No,Month-to-month,Yes,Bank transfer (automatic),55.03,1506.0,No
8096-41399,Male,0,Yes,No,17,Yes,Yes,Fiber optic,No,No,No,No,No,No,One year,Yes,Mailed check,82.41,1418.61,No
1478-64975,Male,0,No,No,59,Yes,No,DSL,No,No,No,No,Yes,No,Month-to-month,No,Mailed check,64.2,3673.49,No
7593-35188,Female,0,No,No,38,Yes,Yes,No,No internet service,No internet service,No internet service,No internet service,No internet service,No internet service,Month-to-month,No,Electronic check,27.26,1060.86,No
8213-35681,Male,0,No,No,28,Yes,No,DSL,No,No,No,No,Yes,No,Month-to-month,Yes,Mailed check,61.91,1783.45,No
5478-36171,Male,0,No,Yes,22,Yes,No,Fiber optic,No,No,Yes,No,No,Yes,Month-to-month,Yes,Credit card (automatic),84.75,1905.48,No
4072-50388,Female,0,Yes,No,40,Yes,No,Fiber optic,No,No,Yes,No,No,Yes,Month-to-month,Yes,Bank transfer (automatic),103.25,4199.31,No
5991-14133,Male,0,Yes,No,25,Yes,Yes,Fiber optic,No,No,Yes,No,No,Yes,Month-to-month,No,Bank transfer (automatic),101.48,2527.93,No
5077-65056,Female,1,Yes,No,64,Yes,Yes,Fiber optic,Yes,No,No,No,No,Yes,Month-to-month,Yes,Credit card (automatic),85.17,5401.71,No
8599-43918,Male,0,No,No,33,Yes,Yes,DSL,No,No,No,Yes,No,No,Month-to-month,Yes,Credit card (automatic),60.29,2000.98,No
1007-65558,Female,1,Yes,No,31,Yes,Yes,Fiber optic,No,Yes,No,No,No,Yes,Month-to-month,Yes,Mailed check,111.33,3379.5,Yes
2359-22842,Male,1,No,Yes,54,Yes,Yes,DSL,No,No,No,No,Yes,No,Two year,Yes,Electronic check,64.48,3417.57,No
9759-75019,Female,0,No,No,61,Yes,No,DSL,No,No,Yes,No,Yes,No,Month-to-month,No,Credit card (automatic),76.61,4650.93,No
3832-53205,Female,0,No,No,31,Yes,Yes,No,No internet service,No internet service,No internet service,No internet service,No internet service,No internet service,One year,No,Mailed check,31.33,991.84,No
9321-19463,Male,0,Yes,No,12,Yes,Yes,DSL,No,No,No,No,No,No,Month-to-month,No,Credit card (automatic),60.62,730.28,Yes
7236-69602,Male,1,Yes,Yes,37,Yes,No,DSL,Yes,Yes,Yes,No,No,No,Month-to-month,Yes,Electronic check,74.16,2837.08,No
1305-66524,Female,0,No,No,64,Yes,No,DSL,No,No,No,Yes,Yes,Yes,Month-to-month,Yes,Credit card (automatic),78.07,4976.55,No
4068-82895,Female,0,No,No,30,Yes,Yes,Fiber optic,No,Yes,Yes,Yes,Yes,No,Month-to-month,Yes,Credit card (automatic),119.0,3665.49,No
7886-91395,Female,1,Yes,Yes,39,Yes,No,Fiber optic,No,Yes,Yes,Yes,No,Yes,Month-to-month,No,Bank transfer (automatic),90.52,3664.38,No
6403-66552,Male,0,No,No,49,Yes,Yes,DSL,No,No,No,Yes,No,Yes,One year,No,Mailed check,67.21,3252.86,No
8951-47435,Female,1,No,Yes,56,Yes,No,Fiber optic,Yes,No,No,No,No,No,Month-to-month,No,Credit card (automatic),72.0,3890.08,Yes
2644-79783,Female,0,Yes,No,59,Yes,No,No,No internet service,No internet service,No internet service,No internet service,No internet service,No internet service,Month-to-month,Yes,Mailed check,20.2,1146.75,No
5367-78308,Male,0,No,Yes,35,Yes,No,Fiber optic,No,No,No,No,Yes,No,Two year,Yes,Mailed check,99.28,3605.72,No
7550-90317,Male,0,Yes,Yes,8,Yes,Yes,No,No internet service,No internet service,No internet service,No internet service,No internet service,No internet service,Month-to-month,Yes,Electronic check,32.25,262.48,No
8714-78877,Male,0,No,No,16,Yes,No,DSL,Yes,No,Yes,No,Yes,Yes,Two year,Yes,Bank transfer (automatic),69.96,1083.6,No
9341-64682,Female,0,Yes,Yes,11,Yes,No,DSL,No,Yes,No,No,Yes,No,One year,Yes,Credit card (automatic),51.32,561.04,Yes
4750-61289,Male,1,Yes,Yes,10,Yes,No,Fiber optic,No,No,No,No,Yes,Yes,Month-to-month,No,Electronic check,116.84,1156.79,Yes
9520-61874,Male,0,Yes,No,15,Yes,Yes,Fiber optic,No,Yes,No,No,Yes,Yes,Month-to-month,No,Bank transfer (automatic),103.86,1588.66,No
4229-52631,Female,0,No,Yes,48,Yes,Yes,Fiber optic,No,No,Yes,Yes,Yes,Yes,Month-to-month,Yes,Credit card (automatic),98.32,4760.89,No
2489-72104,Male,1,No,Yes,28,Yes,No,No,No internet service,No internet service,No internet service,No internet service,No internet service,No internet service,One year,Yes,Credit card (automatic),24.88,711.14,No
7724-88097,Female,0,Yes,No,26,Yes,Yes,Fiber optic,No,No,No,Yes,Yes,Yes,Two year,Yes,Mailed check,119.0,3169.5,No
9848-29051,Female,0,Yes,No,26,Yes,Yes,Fiber optic,No,Yes,No,No,Yes,Yes,Month-to-month,Yes,Mailed check,101.52,2599.21,Yes
5651-65812,Female,1,Yes,No,31,Yes,Yes,Fiber optic,No,No,No,Yes,Yes,No,Two year,Yes,Electronic check,85.21,2547.1,No
7258-67519,Female,0,Yes,No,13,Yes,Yes,DSL,No,Yes,Yes,Yes,No,No,Month-to-month,Yes,Electronic check,68.4,869.19,No
7458-77939,Female,0,No,No,48,Yes,No,Fiber optic,No,No,Yes,No,Yes,Yes,Month-to-month,Yes,Credit card (automatic),118.73,5839.75,Yes
3334-65786,Female,0,Yes,No,44,Yes,No,DSL,No,No,No,No,No,No,Month-to-month,Yes,Electronic check,62.91,2869.81,Yes
7143-37498,Female,0,No,No,13,Yes,Yes,Fiber optic,No,No,No,No,Yes,No,Two year,No,Bank transfer (automatic),99.06,1236.32,Yes
2094-15789,Male,0,No,No,13,Yes,No,Fiber optic,No,No,Yes,No,Yes,No,Month-to-month,No,Credit card (automatic),117.9,1558.42,Yes
1036-40845,Male,0,Yes,No,56,Yes,No,No,No internet service,No internet service,No internet service,No internet service,No internet service,No internet service,Two year,Yes,Electronic check,19.86,1134.29,No
6502-41542,Female,0,No,No,72,Yes,No,Fiber optic,No,Yes,Yes,No,No,No,Month-to-month,Yes,Electronic check,102.03,7177.23,Yes
8326-63395,Male,0,No,No,25,Yes,No,DSL,No,Yes,Yes,No,No,No,Two year,No,Electronic check,49.41,1213.46,No
1336-74916,Female,0,No,No,21,Yes,No,DSL,No,No,No,Yes,Yes,No,Two year,Yes,Bank transfer (automatic),54.66,1156.35,No
5117-88856,Female,0,No,Yes,30,Yes,Yes,No,No internet service,No internet service,No internet service,No internet service,No internet service,No internet service,One year,Yes,Mailed check,25.04,726.43,No
8824-36503,Female,0,Yes,No,56,Yes,No,DSL,Yes,No,No,No,No,No,One year,Yes,Bank transfer (automatic),70.69,4087.51,No
7389-70649,Male,0,Yes,No,7,No,No phone service,Fiber optic,No,No,No,No,No,No,Month-to-month,No,Credit card (automatic),68.4,460.07,Yes
4914-28089,Male,0,No,No,23,Yes,Yes,DSL,No,No,No,No,No,No,Two year,No,Mailed check,72.63,1626.36,Yes
6287-11387,Male,1,Yes,No,33,Yes,No,No,No internet service,No internet service,No internet service,No internet service,No internet service,No internet service,One year,No,Electronic check,28.86,978.6,No
6820-72806,Female,0,No,Yes,48,Yes,No,DSL,Yes,Yes,No,No,Yes,Yes,Month-to-month,No,Electronic check,74.58,3562.99,No
3601-60532,Female,0,No,Yes,55,Yes,No,Fiber optic,No,No,Yes,No,Yes,No,Two year,No,Bank transfer (automatic),106.34,6068.56,No
4570-91283,Female,0,Yes,No,21,Yes,No,Fiber optic,No,No,No,No,No,No,One year,Yes,Electronic check,98.59,1992.13,No
1648-65052,Female,0,Yes,No,24,Yes,No,Fiber optic,No,No,Yes,No,Yes,Yes,One year,Yes,Credit card (automatic),95.06,2302.02,No
5033-87007,Female,1,Yes,No,19,Yes,Yes,Fiber optic,No,No,No,No,No,Yes,One year,Yes,Electronic check,114.79,2216.54,No
9916-99478,Female,0,No,Yes,2,Yes,No,DSL,No,Yes,No,No,No,Yes,Month-to-month,Yes,Mailed check,69.21,134.09,Yes
4642-49155,Male,0,Yes,Yes,28,Yes,Yes,DSL,No,No,Yes,No,Yes,No,Month-to-month,Yes,Credit card (automatic),57.32,1600.47,No
7790-43325,Female,0,Yes,No,29,Yes,No,DSL,No,Yes,No,No,No,Yes,Month-to-month,No,Credit card (automatic),61.49,1783.49,No
5310-17780,Male,0,No,Yes,42,Yes,Yes,No,No internet service,No internet service,No internet service,No internet service,No internet service,No internet service,Two year,No,Mailed check,27.99,1195.01,No
9035-89819,Female,0,No,No,9,Yes,Yes,DSL,Yes,No,Yes,No,Yes,No,One year,Yes,Bank transfer (automatic),61.82,538.26,No
9893-96491,Female,1,No,No,61,Yes,No,Fiber optic,No,Yes,Yes,No,No,Yes,Two year,Yes,Bank transfer (automatic),115.48,6960.82,No
4247-99921,Male,0,No,No,47,Yes,No,DSL,Yes,Yes,No,No,No,Yes,Month-to-month,No,Bank transfer (automatic),68.65,3226.82,No
7087-40019,Female,0,Yes,No,38,Yes,No,Fiber optic,No,No,No,No,Yes,No,Two year,Yes,Credit card (automatic),110.29,4345.94,No
8843-50898,Male,0,No,No,46,Yes,Yes,DSL,Yes,Yes,Yes,No,Yes,No,Month-to-month,Yes,Bank transfer (automatic),81.46,3796.86,No
4601-25909,Female,0,No,No,42,No,No phone service,No,No internet service,No internet service,No internet service,No internet service,No internet service,No internet service,Month-to-month,No,Bank transfer (automatic),22.18,968.54,No
1837-58109,Male,0,Yes,No,53,Yes,No,No,No internet service,No internet service,No internet service,No internet service,No internet service,No internet service,Two year,Yes,Credit card (automatic),21.36,1087.48,No
6157-28479,Male,0,Yes,No,43,Yes,No,Fiber optic,Yes,No,No,No,Yes,Yes,One year,No,Mailed check,111.84,4958.87,No
1165-20019,Female,0,Yes,No,40,Yes,No,No,No internet service,No internet service,No internet service,No internet service,No internet service,No internet service,Two year,Yes,Credit card (automatic),29.95,1228.87,No
4091-18047,Male,0,No,Yes,46,Yes,No,DSL,No,No,No,Yes,No,No,One year,Yes,Electronic check,70.36,3107.3,No
6638-24162,Female,1,No,Yes,45,Yes,No,Fiber optic,No,Yes,No,No,No,Yes,Month-to-month,Yes,Credit card (automatic),77.08,3523.68,No
5633-51449,Female,0,No,No,43,Yes,No,DSL,Yes,No,No,No,No,No,Month-to-month,No,Electronic check,59.74,2613.65,Yes
3567-37723,Male,1,No,No,48,Yes,No,Fiber optic,Yes,No,No,No,No,No,Two year,No,Mailed check,102.65,4980.75,No
1749-61636,Male,0,Yes,No,25,Yes,No,Fiber optic,Yes,No,No,No,No,No,Month-to-month,Yes,Credit card (automatic),99.78,2440.67,Yes
4403-53887,Male,0,No,No,12,Yes,No,Fiber optic,No,Yes,Yes,No,Yes,No,One year,Yes,Bank transfer (automatic),88.64,1059.48,No
8663-60122,Male,1,No,No,43,No,No phone service,No,No internet service,No internet service,No internet service,No internet service,No internet service,No internet service,Month-to-month,Yes,Bank transfer (automatic),28.84,1200.41,No
1734-45735,Male,0,No,No,38,Yes,No,No,No internet service,No internet service,No internet service,No internet service,No internet service,No internet service,Month-to-month,No,Mailed check,24.44,960.9,No
5516-14384,Female,0,Yes,No,65,Yes,Yes,DSL,No,Yes,No,No,Yes,Yes,Two year,No,Credit card (automatic),86.03,5692.7,No
1476-41547,Male,0,No,Yes,49,Yes,Yes,Fiber optic,No,No,No,No,Yes,Yes,Two year,Yes,Mailed check,89.36,4530.48,Yes
3838-62406,Female,0,No,No,19,Yes,No,No,No internet service,No internet service,No internet service,No internet service,No internet service,No internet service,Month-to-month,No,Electronic check,20.13,373.26,No
3817-44272,Male,1,Yes,Yes,70,No,No phone service,Fiber optic,No,No,No,No,Yes,Yes,Month-to-month,Yes,Mailed check,114.97,8053.28,No
6899-23523,Female,0,No,Yes,32,Yes,No,Fiber optic,No,No,No,No,No,Yes,Month-to-month,No,Electronic check,79.02,2483.11,Yes
1126-40811,Female,0,Yes,Yes,45,Yes,Yes,Fiber optic,No,No,Yes,Yes,No,Yes,Month-to-month,No,Credit card (automatic),111.11,5039.52,Yes
8488-22589,Male,0,Yes,No,42,Yes,Yes,DSL,No,No,Yes,No,No,No,Two year,No,Credit card (automatic),55.4,2351.14,No
7566-98379,Female,0,No,No,8,No,No phone service,Fiber optic,No,No,Yes,No,Yes,Yes,Month-to-month,Yes,Credit card (automatic),96.38,799.28,Yes
6261-53115,Male,0,Yes,No,59,Yes,No,Fiber optic,No,No,No,No,Yes,No,Month-to-month,Yes,Credit card (automatic),100.99,5900.28,Yes
8933-91916,Male,1,No,No,64,Yes,No,DSL,No,Yes,No,Yes,No,No,Two year,Yes,Electronic check,77.64,5105.43,No
1504-24046,Female,0,No,No,50,Yes,No,No,No internet service,No internet service,No internet service,No internet service,No internet service,No internet service,Two year,No,Mailed check,26.3,1354.26,No
5728-47714,Female,1,Yes,No,3,Yes,No,DSL,No,No,Yes,No,Yes,Yes,Month-to-month,Yes,Mailed check,63.59,190.28,Yes
7309-51713,Male,0,Yes,Yes,68,Yes,Yes,No,No internet service,No internet service,No internet service,No internet service,No internet service,No internet service,Two year,Yes,Electronic check,27.54,1836.02,No
1068-44522,Male,0,Yes,No,42,Yes,Yes,Fiber optic,Yes,No,No,No,No,No,Month-to-month,Yes,Credit card (automatic),83.81,3494.93,Yes
3360-37503,Male,0,Yes,No,12,Yes,No,DSL,No,No,Yes,No,Yes,No,Month-to-month,Yes,Credit card (automatic),74.08,908.11,No
8825-66367,Male,0,No,No,51,Yes,No,DSL,No,Yes,Yes,No,Yes,No,Two year,No,Credit card (automatic),67.03,3473.05,No
8192-95049,Male,1,Yes,Yes,52,Yes,Yes,Fiber optic,No,No,No,Yes,Yes,Yes,Month-to-month,Yes,Electronic check,112.14,5991.37,Yes
3594-88286,Male,0,No,Yes,53,Yes,Yes,DSL,No,No,Yes,Yes,No,No,Two year,Yes,Credit card (automatic),67.19,3684.75,No
5511-72074,Female,0,Yes,No,28,Yes,No,DSL,No,No,Yes,No,No,No,One year,Yes,Credit card (automatic),70.4,1983.97,No
5511-64225,Male,0,Yes,No,43,No,No phone service,Fiber optic,No,No,Yes,No,Yes,No,Two year,Yes,Electronic check,86.89,3730.36,No
8819-43258,Female,0,No,No,2,Yes,No,No,No internet service,No internet service,No internet service,No internet service,No internet service,No internet service,Month-to-month,Yes,Credit card (automatic),23.12,44.72,No
1953-60262,Female,0,No,No,11,Yes,Yes,Fiber optic,No,No,No,No,Yes,No,Month-to-month,Yes,Electronic check,99.01,1080.05,Yes
3629-88916,Female,1,No,No,63,Yes,No,Fiber optic,No,No,No,No,No,Yes,Two year,Yes,Mailed check,99.73,6246.53,No
6240-92405,Male,0,No,No,30,Yes,No,Fiber optic,No,Yes,No,No,Yes,No,Two year,Yes,Electronic check,105.03,3241.39,No
9270-54642,Female,0,No,No,45,Yes,Yes,Fiber optic,No,No,Yes,No,No,No,Two year,Yes,Credit card (automatic),75.45,3510.95,No
3131-72781,Female,0,Yes,Yes,66,Yes,Yes,DSL,Yes,No,No,No,Yes,Yes,Month-to-month,No,Bank transfer (automatic),76.89,5104.01,No
9122-60902,Male,0,Yes,No,46,Yes,Yes,Fiber optic,No,Yes,Yes,No,No,No,One year,Yes,Bank transfer (automatic),99.84,4745.82,Yes
9920-10182,Female,0,No,No,37,Yes,No,Fiber optic,No,No,No,No,No,Yes,Month-to-month,Yes,Credit card (automatic),113.81,4093.63,Yes
8920-69144,Male,0,Yes,No,29,Yes,Yes,DSL,Yes,No,No,No,No,No,Month-to-month,Yes,Credit card (automatic),72.61,2130.93,No
2262-20271,Female,0,No,No,15,Yes,No,DSL,No,No,No,No,Yes,No,Month-to-month,No,Bank transfer (automatic),71.28,1068.45,No
7835-22179,Male,0,No,Yes,43,Yes,No,Fiber optic,No,No,No,Yes,Yes,No,One year,Yes,Electronic check,93.0,3977.77,Yes
9354-47505,Female,1,No,No,7,Yes,No,DSL,Yes,No,Yes,Yes,No,No,Month-to-month,Yes,Credit card (automatic),60.53,417.31,No
1037-83228,Male,1,No,No,25,Yes,No,Fiber optic,Yes,No,No,Yes,No,No,Month-to-month,Yes,Credit card (automatic),106.72,2726.84,Yes
8882-41037,Male,0,No,No,67,Yes,Yes,Fiber optic,No,No,No,No,Yes,Yes,Two year,Yes,Bank transfer (automatic),108.8,7005.75,No
8560-67561,Male,0,Yes,No,24,Yes,No,DSL,No,No,No,No,Yes,Yes,Two year,Yes,Credit card (automatic),77.7,1840.85,No
9873-24742,Male,0,No,No,15,Yes,No,No,No internet service,No internet service,No internet service,No internet service,No internet service,No internet service,Month-to-month,No,Mailed check,21.87,319.76,No
5694-96655,Male,0,No,No,38,Yes,Yes,No,No internet service,No internet service,No internet service,No internet service,No internet service,No internet service,Two year,No,Electronic check,26.98,1004.15,No
1216-18172,Male,0,Yes,No,13,Yes,Yes,Fiber optic,No,Yes,No,No,Yes,Yes,Two year,Yes,Mailed check,112.28,1402.64,No
3453-28239,Male,0,No,Yes,34,Yes,No,Fiber optic,No,Yes,No,No,No,No,Month-to-month,No,Credit card (automatic),110.17,3796.87,Yes
8100-52859,Female,0,Yes,No,5,Yes,No,Fiber optic,Yes,No,Yes,No,No,No,One year,Yes,Electronic check,100.03,484.89,No
4595-99804,Female,1,Yes,Yes,46,Yes,Yes,DSL,No,No,No,Yes,Yes,No,Two year,No,Credit card (automatic),83.45,3701.09,No
5454-16101,Female,1,No,No,3,Yes,No,Fiber optic,No,Yes,No,No,No,Yes,One year,No,Credit card (automatic),112.69,333.74,No
3162-47091,Female,0,No,No,11,Yes,No,DSL,No,Yes,No,Yes,Yes,No,Month-to-month,Yes,Electronic check,68.75,736.28,Yes
3384-66935,Male,0,Yes,No,5,Yes,Yes,No,No internet service,No internet service,No internet service,No internet service,No internet service,No internet service,One year,No,Mailed check,28.97,146.89,No
2140-12042,Male,0,No,No,33,Yes,Yes,Fiber optic,No,No,No,No,Yes,Yes,Two year,Yes,Credit card (automatic),106.18,3548.99,No
7602-64522,Male,0,Yes,No,31,Yes,No,Fiber optic,Yes,No,No,No,No,No,One year,No,Credit card (automatic),110.12,3423.21,No
8904-20054,Male,0,Yes,No,68,Yes,No,DSL,No,No,No,No,Yes,Yes,Month-to-month,Yes,Credit card (automatic),65.59,4619.06,No
4765-50917,Male,1,Yes,No,4,Yes,No,Fiber optic,Yes,No,No,No,Yes,Yes,Month-to-month,Yes,Electronic check,100.4,411.57,Yes
3935-35468,Female,0,No,No,46,Yes,No,DSL,No,No,No,Yes,No,No,Two year,No,Mailed check,47.03,2174.11,No
9142-81927,Female,0,Yes,No,41,Yes,Yes,Fiber optic,No,No,No,No,No,Yes,Month-to-month,Yes,Mailed check,99.1,4193.07,Yes
3756-57079,Female,0,Yes,No,26,Yes,Yes,Fiber optic,Yes,No,Yes,No,Yes,Yes,Two year,Yes,Mailed check,102.71,2623.19,No
2518-64329,Male,0,No,Yes,33,Yes,Yes,Fiber optic,No,No,No,No,Yes,Yes,Month-to-month,Yes,Bank transfer (automatic),97.08,3191.06,Yes
8365-39413,Female,0,Yes,No,62,Yes,No,Fiber optic,No,No,No,No,Yes,Yes,Two year,No,Bank transfer (automatic),78.24,4853.26,No
1139-29319,Male,0,Yes,No,33,Yes,Yes,DSL,Yes,Yes,Yes,No,Yes,No,Month-to-month,No,Bank transfer (automatic),66.27,2125.36,No
1905-68558,Male,0,Yes,No,72,Yes,No,Fiber optic,No,No,No,No,Yes,No,Two year,Yes,Electronic check,79.73,5907.26,No
6218-33672,Male,0,No,No,44,Yes,No,DSL,No,Yes,No,No,No,Yes,Two year,No,Electronic check,65.37,2798.61,No
6169-19525,Female,0,No,No,44,Yes,No,No,No internet service,No internet service,No internet service,No internet service,No internet service,No internet service,Month-to-month,Yes,Credit card (automatic),28.98,1265.02,No
5929-21560,Male,0,No,No,22,Yes,Yes,Fiber optic,No,No,No,Yes,Yes,No,Month-to-month,Yes,Credit card (automatic),85.94,1925.89,Yes
3279-45776,Male,0,Yes,Yes,49,Yes,Yes,Fiber optic,No,No,No,No,Yes,Yes,Two year,No,Bank transfer (automatic),96.01,4589.66,Yes
6891-80015,Male,1,Yes,Yes,39,Yes,Yes,No,No internet service,No internet service,No internet service,No internet service,No internet service,No internet service,Two year,Yes,Credit card (automatic),25.52,978.86,No
2848-52629,Male,0,No,No,55,Yes,Yes,DSL,No,Yes,No,No,No,No,One year,Yes,Electronic check,74.78,4104.6,No
7006-99087,Male,0,Yes,No,35,Yes,No,Fiber optic,No,No,No,No,No,No,Month-to-month,Yes,Electronic check,101.75,3679.53,Yes
2879-16957,Male,0,Yes,No,30,Yes,No,Fiber optic,No,Yes,No,No,Yes,Yes,Two year,No,Credit card (automatic),115.15,3318.14,No
3010-25057,Male,0,Yes,No,5,Yes,No,Fiber optic,No,Yes,No,No,No,Yes,One year,No,Credit card (automatic),106.76,516.69,Yes
1957-18145,Male,0,Yes,No,26,Yes,No,Fiber optic,No,Yes,No,Yes,Yes,No,Month-to-month,Yes,Bank transfer (automatic),113.62,3047.57,No
4909-43308,Male,0,Yes,No,34,Yes,Yes,No,No internet service,No internet service,No internet service,No internet service,No internet service,No internet service,Month-to-month,Yes,Credit card (automatic),35.18,1179.04,No
6655-22049,Male,0,No,No,27,Yes,Yes,Fiber optic,No,No,Yes,Yes,No,No,Month-to-month,No,Credit card (automatic),106.73,2976.27,Yes
3771-83877,Female,1,No,No,40,Yes,No,No,No internet service,No internet service,No internet service,No internet service,No internet service,No internet service,Two year,No,Bank transfer (automatic),26.72,1056.35,No
1540-33588,Male,0,No,No,42,Yes,Yes,Fiber optic,No,No,No,Yes,Yes,Yes,Two year,No,Electronic check,100.33,4154.69,No
6383-20148,Female,0,Yes,No,49,Yes,Yes,Fiber optic,No,No,Yes,No,Yes,Yes,Month-to-month,Yes,Mailed check,106.14,5249.48,No
4163-34738,Female,1,No,No,16,Yes,No,DSL,No,No,Yes,No,No,No,Month-to-month,Yes,Bank transfer (automatic),59.4,913.0,Yes
3157-97982,Male,0,No,No,36,Yes,Yes,DSL,No,No,Yes,Yes,Yes,Yes,Month-to-month,Yes,Electronic check,68.39,2453.32,Yes
8218-76045,Male,0,No,No,8,Yes,No,No,No internet service,No internet service,No internet service,No internet service,No internet service,No internet service,Month-to-month,Yes,Electronic check,23.68,183.27,No
7005-82153,Male,0,Yes,No,59,Yes,Yes,No,No internet service,No internet service,No internet service,No internet service,No internet service,No internet service,Two year,No,Mailed check,27.15,1541.49,No
7970-20519,Male,0,No,Yes,43,Yes,No,Fiber optic,No,Yes,No,No,No,Yes,One year,Yes,Mailed check,86.72,3611.82,No
4757-86288,Male,0,Yes,No,2,Yes,Yes,Fiber optic,No,Yes,Yes,No,Yes,Yes,Month-to-month,No,Mailed check,108.53,214.94,Yes
5245-72451,Male,0,No,No,70,Yes,No,DSL,Yes,No,No,No,No,Yes,Month-to-month,No,Credit card (automatic),74.21,5338.56,No
6454-26089,Male,0,No,No,57,Yes,Yes,DSL,No,Yes,No,No,Yes,Yes,Month-to-month,Yes,Credit card (automatic),82.15,4641.33,Yes
4785-58581,Male,1,No,No,45,Yes,Yes,DSL,No,No,No,Yes,No,Yes,One year,No,Bank transfer (automatic),59.73,2715.27,No
6377-66129,Female,0,No,No,0,No,No phone service,No,No internet service,No internet service,No internet service,No internet service,No internet service,No internet service,Month-to-month,Yes,Credit card (automatic),21.66,,No
1886-51603,Male,0,No,No,31,Yes,No,DSL,No,Yes,Yes,No,Yes,No,Month-to-month,Yes,Bank transfer (automatic),62.85,1951.43,No
1905-18442,Female,0,No,No,54,Yes,No,Fiber optic,No,No,No,No,Yes,No,Two year,Yes,Bank transfer (automatic),101.13,5483.67,No
6058-51907,Male,0,Yes,Yes,58,No,No phone service,Fiber optic,No,Yes,No,Yes,Yes,No,One year,No,Mailed check,116.98,6828.61,No
2812-55980,Female,0,Yes,No,32,Yes,No,Fiber optic,No,No,No,No,Yes,Yes,Two year,No,Credit card (automatic),107.12,3317.17,Yes
2695-77621,Male,0,No,No,30,Yes,No,Fiber optic,No,No,No,Yes,No,Yes,Month-to-month,No,Credit card (automatic),85.71,2670.42,Yes
7689-52834,Female,1,No,No,31,Yes,No,Fiber optic,No,Yes,No,No,No,Yes,Month-to-month,No,Credit card (automatic),81.91,2532.88,No
1472-53487,Female,0,No,Yes,49,Yes,No,DSL,No,No,Yes,No,Yes,No,Two year,Yes,Mailed check,50.78,2391.47,No
5362-38536,Male,0,Yes,Yes,69,Yes,Yes,Fiber optic,No,No,No,No,Yes,No,Two year,Yes,Electronic check,85.58,5889.23,No
5868-84444,Female,0,No,No,35,No,No phone service,Fiber optic,No,No,Yes,No,Yes,No,One year,Yes,Credit card (automatic),79.92,2704.46,No
8513-42493,Male,0,Yes,Yes,58,Yes,No,No,No internet service,No internet service,No internet service,No internet service,No internet service,No internet service,One year,No,Mailed check,27.13,1617.69,No
1408-65357,Male,0,Yes,Yes,22,Yes,Yes,Fiber optic,Yes,No,Yes,No,Yes,No,Month-to-month,Yes,Bank transfer (automatic),119.0,2547.92,No
2134-99124,Female,0,Yes,No,28,Yes,Yes,Fiber optic,No,Yes,Yes,No,No,No,One year,No,Electronic check,114.28,3216.47,Yes
1715-52668,Female,0,Yes,No,41,Yes,Yes,No,No internet service,No internet service,No internet service,No internet service,No internet service,No internet service,Month-to-month,No,Credit card (automatic),34.6,1386.8,No
4310-77653,Male,0,No,No,0,Yes,No,DSL,Yes,No,Yes,Yes,Yes,Yes,Month-to-month,No,Credit card (automatic),62.26,,No
2571-59245,Female,0,Yes,No,7,Yes,No,DSL,No,No,No,Yes,No,Yes,Month-to-month,Yes,Credit card (automatic),74.11,536.34,Yes
8601-91395,Female,0,Yes,No,18,Yes,No,DSL,Yes,No,No,No,No,Yes,Month-to-month,No,Credit card (automatic),63.94,1174.11,No
6465-77795,Female,0,No,No,49,Yes,No,No,No internet service,No internet service,No internet service,No internet service,No internet service,No internet service,Month-to-month,Yes,Mailed check,23.73,1126.77,No
3610-31347,Male,0,Yes,No,36,Yes,No,Fiber optic,Yes,No,No,No,Yes,Yes,Month-to-month,Yes,Electronic check,102.42,3630.55,No
6291-89636,Female,0,Yes,Yes,25,Yes,No,Fiber optic,No,No,Yes,No,Yes,No,Month-to-month,Yes,Bank transfer (automatic),99.27,2471.19,No
9883-37421,Male,0,Yes,No,37,Yes,No,Fiber optic,No,Yes,No,No,No,No,Two year,No,Bank transfer (automatic),106.25,3788.34,No
8317-10018,Female,0,Yes,No,63,Yes,Yes,Fiber optic,No,No,No,No,Yes,No,Two year,Yes,Bank transfer (automatic),96.43,6009.48,No
1531-35312,Female,1,No,Yes,47,Yes,No,Fiber optic,No,No,No,No,No,No,Month-to-month,Yes,Mailed check,78.94,3822.99,No
2196-90858,Female,0,Yes,No,46,Yes,No,DSL,Yes,No,Yes,No,No,Yes,Month-to-month,No,Bank transfer (automatic),66.27,3145.35,No
7438-44796,Female,0,Yes,No,40,Yes,Yes,Fiber optic,No,Yes,No,No,No,No,Two year,Yes,Bank transfer (automatic),111.76,4428.62,No
6073-19982,Female,1,Yes,No,5,Yes,No,Fiber optic,No,Yes,No,No,Yes,No,Month-to-month,No,Credit card (automatic),85.19,440.78,Yes
6819-15599,Male,0,Yes,No,16,Yes,No,Fiber optic,No,No,No,No,Yes,No,One year,Yes,Credit card (automatic),73.96,1164.49,No
4063-23381,Male,0,Yes,No,26,Yes,Yes,DSL,No,Yes,No,No,Yes,No,Month-to-month,No,Electronic check,80.32,2077.43,Yes
4790-60453,Female,0,Yes,No,59,Yes,No,DSL,No,No,Yes,Yes,Yes,Yes,One year,Yes,Bank transfer (automatic),86.24,5185.6,No
1531-15140,Male,0,Yes,No,47,Yes,No,DSL,Yes,Yes,No,No,Yes,No,Month-to-month,No,Bank transfer (automatic),81.52,3942.41,No
6615-40632,Female,0,Yes,Yes,32,Yes,No,No,No internet service,No internet service,No internet service,No internet service,No internet service,No internet service,One year,Yes,Bank transfer (automatic),26.75,827.16,No
9324-58648,Male,1,No,Yes,9,Yes,No,DSL,No,No,No,Yes,No,Yes,Month-to-month,Yes,Electronic check,54.55,479.94,No
3472-87907,Female,0,Yes,Yes,71,Yes,Yes,Fiber optic,No,No,Yes,Yes,No,No,Month-to-month,Yes,Electronic check,85.72,6007.5,No
2401-45349,Male,0,Yes,No,17,Yes,No,DSL,Yes,No,No,No,No,No,Month-to-month,Yes,Mailed check,68.57,1156.63,No
2118-63103,Male,0,No,Yes,48,No,No phone service,DSL,No,No,No,Yes,Yes,Yes,Month-to-month,Yes,Bank transfer (automatic),69.81,3454.55,No
6708-54269,Male,1,Yes,Yes,20,Yes,Yes,Fiber optic,No,No,No,No,No,No,Two year,No,Mailed check,84.53,1668.96,Yes
8284-33436,Male,0,No,No,11,No,No phone service,No,No internet service,No internet service,No internet service,No internet service,No internet service,No internet service,Month-to-month,Yes,Mailed check,24.27,276.84,No
1967-80899,Male,1,Yes,No,57,Yes,No,Fiber optic,No,Yes,Yes,No,No,Yes,Month-to-month,Yes,Electronic check,88.01,4845.59,Yes
9192-58418,Male,0,Yes,No,20,Yes,No,Fiber optic,No,No,No,Yes,Yes,Yes,One year,Yes,Bank transfer (automatic),105.38,2160.97,No
9744-16847,Female,0,No,No,52,Yes,No,Fiber optic,No,No,Yes,No,No,No,Month-to-month,Yes,Electronic check,97.58,5089.41,Yes
3454-25020,Female,0,Yes,Yes,23,Yes,No,Fiber optic,No,Yes,No,No,No,Yes,Two year,Yes,Credit card (automatic),105.36,2455.36,No
3000-48188,Female,0,Yes,No,31,No,No phone service,No,No internet service,No internet service,No internet service,No internet service,No internet service,No internet service,Two year,Yes,Bank transfer (automatic),25.85,793.18,No
5231-39145,Female,0,No,No,36,Yes,Yes,DSL,Yes,No,Yes,No,No,No,Month-to-month,No,Mailed check,80.11,2811.66,No
3578-67500,Female,1,No,No,39,Yes,Yes,DSL,Yes,No,No,Yes,No,No,One year,Yes,Mailed check,74.85,2832.48,No
8622-72398,Female,0,Yes,No,26,Yes,Yes,Fiber optic,No,No,No,No,Yes,No,One year,No,Electronic check,101.52,2563.52,No
9792-45018,Male,0,No,No,38,Yes,No,Fiber optic,Yes,No,No,No,No,No,Month-to-month,No,Mailed check,85.57,3311.52,No
7405-28775,Female,0,Yes,Yes,45,Yes,No,Fiber optic,No,No,Yes,No,Yes,Yes,One year,Yes,Credit card (automatic),113.13,5012.53,Yes
3590-14015,Male,0,No,Yes,2,Yes,No,No,No internet service,No internet service,No internet service,No internet service,No internet service,No internet service,Month-to-month,Yes,Bank transfer (automatic),19.38,38.41,No
8064-76209,Male,0,Yes,Yes,18,Yes,Yes,DSL,Yes,Yes,No,Yes,No,No,Month-to-month,Yes,Bank transfer (automatic),70.7,1295.08,No
1688-23010,Female,0,No,No,45,Yes,No,No,No internet service,No internet service,No internet service,No internet service,No internet service,No internet service,One year,Yes,Credit card (automatic),19.72,873.65,No
7470-92322,Male,0,Yes,Yes,2,Yes,No,Fiber optic,No,Yes,Yes,Yes,No,Yes,One year,Yes,Bank transfer (automatic),99.4,204.18,No
6770-55532,Female,1,No,No,32,Yes,Yes,No,No internet service,No internet service,No internet service,No internet service,No internet service,No internet service,One year,Yes,Electronic check,29.19,925.67,No
2720-27034,Female,0,Yes,Yes,28,Yes,No,Fiber optic,No,No,No,No,No,No,Month-to-month,Yes,Mailed check,68.28,1917.85,Yes
1229-96931,Female,0,No,No,52,Yes,No,Fiber optic,No,Yes,No,No,Yes,Yes,One year,No,Electronic check,119.0,5992.94,No
9685-31731,Female,0,No,No,9,Yes,No,Fiber optic,No,No,Yes,No,No,Yes,Month-to-month,Yes,Mailed check,91.29,791.78,Yes
2345-86927,Female,1,No,Yes,40,Yes,No,Fiber optic,No,No,No,No,Yes,No,One year,No,Bank transfer (automatic),82.52,3393.36,No
2232-70920,Male,0,No,Yes,31,Yes,No,No,No internet service,No internet service,No internet service,No internet service,No internet service,No internet service,Month-to-month,Yes,Electronic check,26.56,818.15,Yes
1556-22305,Female,0,Yes,No,18,Yes,Yes,Fiber optic,No,No,No,No,Yes,Yes,Month-to-month,No,Mailed check,97.97,1761.04,Yes
3700-84478,Male,0,No,Yes,1,Yes,Yes,DSL,Yes,Yes,No,No,Yes,No,Month-to-month,Yes,Credit card (automatic),78.4,75.38,No
7652-86878,Male,0,Yes,Yes,67,Yes,Yes,No,No internet service,No internet service,No internet service,No internet service,No internet service,No internet service,Month-to-month,Yes,Bank transfer (automatic),32.44,2143.96,No
8390-90859,Male,1,No,No,1,Yes,No,Fiber optic,No,Yes,No,No,Yes,Yes,Month-to-month,No,Bank transfer (automatic),117.0,119.7,Yes
8256-12427,Male,1,No,No,10,Yes,Yes,Fiber optic,No,No,Yes,No,No,Yes,Month-to-month,No,Credit card (automatic),90.41,918.1,Yes
9155-71864,Female,0,Yes,No,8,Yes,Yes,DSL,No,No,No,No,No,No,Month-to-month,No,Mailed check,49.5,385.39,No
2196-79190,Male,0,Yes,No,2,Yes,No,Fiber optic,No,Yes,No,No,No,No,Month-to-month,No,Credit card (automatic),106.88,208.57,No
7062-67299,Female,0,No,No,20,Yes,Yes,Fiber optic,No,Yes,No,No,Yes,No,Month-to-month,Yes,Mailed check,110.1,2227.35,Yes
2950-85866,Female,0,No,No,44,Yes,Yes,No,No internet service,No internet service,No internet service,No internet service,No internet service,No internet service,One year,Yes,Credit card (automatic),29.77,1300.06,No
9070-55442,Female,1,No,No,47,Yes,No,Fiber optic,No,Yes,Yes,No,No,No,Two year,No,Credit card (automatic),98.51,4459.86,No
5927-66399,Female,0,No,No,67,Yes,No,DSL,Yes,No,Yes,Yes,No,No,Two year,No,Credit card (automatic),69.89,4785.29,No
2508-62819,Male,0,Yes,No,35,Yes,No,Fiber optic,No,Yes,No,No,No,Yes,Two year,Yes,Bank transfer (automatic),114.46,3942.9,Yes
7807-78337,Male,0,No,No,28,Yes,Yes,Fiber optic,No,No,No,No,No,Yes,Two year,Yes,Mailed check,88.24,2375.3,No
8348-12365,Female,0,No,No,43,Yes,Yes,Fiber optic,No,No,No,No,No,No,Month-to-month,Yes,Mailed check,89.16,3721.03,Yes
1222-43432,Female,0,No,No,15,Yes,No,No,No internet service,No internet service,No internet service,No internet service,No internet service,No internet service,Month-to-month,No,Credit card (automatic),28.35,430.32,No
1374-31715,Female,0,No,No,11,Yes,No,No,No internet service,No internet service,No internet service,No internet service,No internet service,No internet service,Month-to-month,No,Mailed check,26.57,286.72,No
4091-42736,Male,0,No,No,40,Yes,No,No,No internet service,No internet service,No internet service,No internet service,No internet service,No internet service,Month-to-month,Yes,Credit card (automatic),26.79,1076.16,No
7065-77094,Male,0,No,Yes,51,Yes,Yes,DSL,No,Yes,No,Yes,No,Yes,Two year,Yes,Electronic check,68.48,3459.81,No
4102-99385,Male,0,No,No,31,Yes,No,DSL,No,No,Yes,No,Yes,No,Two year,Yes,Credit card (automatic),68.42,2118.41,No
2600-79336,Male,1,No,No,59,Yes,No,DSL,No,Yes,No,No,No,Yes,One year,No,Credit card (automatic),52.37,3201.46,No
2270-30113,Male,0,No,No,38,Yes,No,No,No internet service,No internet service,No internet service,No internet service,No internet service,No internet service,Two year,No,Bank transfer (automatic),27.54,1016.14,No
8668-21658,Female,0,Yes,No,21,Yes,Yes,Fiber optic,No,No,Yes,No,Yes,No,One year,Yes,Credit card (automatic),101.32,2048.04,No
8572-26232,Male,0,Yes,No,46,Yes,Yes,DSL,No,Yes,No,Yes,Yes,No,Month-to-month,Yes,Electronic check,74.65,3463.93,Yes
3583-27217,Female,0,No,No,15,Yes,Yes,Fiber optic,No,No,Yes,No,No,No,Month-to-month,Yes,Bank transfer (automatic),114.2,1666.34,Yes
1950-77968,Female,0,No,No,25,Yes,No,No,No internet service,No internet service,No internet service,No internet service,No internet service,No internet service,Two year,Yes,Electronic check,25.35,632.78,No
4828-11728,Female,0,No,Yes,42,Yes,No,DSL,Yes,Yes,No,Yes,Yes,No,One year,Yes,Mailed check,88.31,3573.86,No
9893-75896,Male,0,No,No,2,Yes,Yes,Fiber optic,No,Yes,No,No,No,Yes,Month-to-month,Yes,Credit card (automatic),91.46,189.87,No
6296-18061,Male,0,Yes,No,38,Yes,No,Fiber optic,No,No,No,No,No,No,Month-to-month,No,Mailed check,102.09,3984.13,Yes
9627-50921,Female,1,Yes,Yes,29,Yes,No,DSL,No,No,No,Yes,Yes,No,Two year,No,Mailed check,72.63,2146.7,No
1990-79470,Male,0,No,No,15,Yes,Yes,Fiber optic,No,No,No,Yes,No,Yes,Two year,Yes,Mailed check,93.86,1424.33,No
8610-84294,Female,0,No,No,32,Yes,No,No,No internet service,No internet service,No internet service,No internet service,No internet service,No internet service,Month-to-month,Yes,Credit card (automatic),24.99,802.04,No
5031-97898,Female,0,Yes,Yes,46,Yes,No,DSL,No,No,No,No,No,Yes,Two year,Yes,Bank transfer (automatic),47.98,2282.87,No
7974-34882,Male,0,Yes,No,49,Yes,No,Fiber optic,No,Yes,Yes,No,Yes,No,Month-to-month,Yes,Credit card (automatic),90.41,4482.97,No
7262-46420,Female,0,Yes,No,41,Yes,No,No,No internet service,No internet service,No internet service,No internet service,No internet service,No internet service,Two year,Yes,Bank transfer (automatic),24.05,1019.71,No
6613-78323,Male,1,Yes,No,2,Yes,No,Fiber optic,No,No,No,No,Yes,No,One year,No,Credit card (automatic),78.85,157.63,Yes
1639-80273,Male,0,No,Yes,10,Yes,Yes,DSL,No,Yes,No,No,No,Yes,One year,Yes,Credit card (automatic),60.71,617.04,No
4731-80552,Female,0,Yes,No,22,Yes,No,Fiber optic,No,No,No,No,Yes,No,Two year,No,Electronic check,88.05,1867.75,No
8297-58421,Female,0,Yes,No,58,Yes,Yes,Fiber optic,No,No,No,Yes,No,Yes,Two year,No,Electronic check,119.0,6917.26,Yes
2679-92119,Male,0,No,No,41,Yes,Yes,DSL,No,No,No,No,No,No,Month-to-month,Yes,Electronic check,52.66,2210.74,No
7645-56983,Female,0,No,Yes,24,No,No phone service,DSL,No,Yes,No,No,Yes,No,Two year,No,Credit card (automatic),63.93,1533.06,No
5230-37611,Female,0,No,Yes,37,Yes,No,No,No internet service,No internet service,No internet service,No internet service,No internet service,No internet service,Month-to-month,No,Mailed check,23.5,896.32,No
6404-18747,Female,0,Yes,No,7,Yes,No,Fiber optic,No,No,Yes,No,No,No,Month-to-month,Yes,Credit card (automatic),100.64,691.13,No
6385-95204,Male,0,Yes,No,42,Yes,No,DSL,No,No,No,Yes,No,No,One year,Yes,Credit card (automatic),55.75,2388.31,No
2541-39739,Male,0,Yes,Yes,62,Yes,Yes,DSL,Yes,Yes,No,Yes,Yes,Yes,Month-to-month,No,Credit card (automatic),95.94,5769.08,Yes
3062-89936,Female,0,No,No,33,No,No phone service,No,No internet service,No internet service,No internet service,No internet service,No internet service,No internet service,Month-to-month,Yes,Bank transfer (automatic),27.27,877.45,No
9592-66693,Female,0,Yes,No,37,Yes,Yes,No,No internet service,No internet service,No internet service,No internet service,No internet service,No internet service,Month-to-month,No,Credit card (automatic),33.46,1190.12,No
1206-33579,Female,0,No,No,19,Yes,No,Fiber optic,No,No,No,No,Yes,No,Month-to-month,Yes,Credit card (automatic),73.34,1447.32,Yes
5215-78451,Male,0,No,No,21,Yes,Yes,Fiber optic,No,No,Yes,No,Yes,No,Month-to-month,Yes,Credit card (automatic),115.6,2495.56,No
5478-71558,Male,0,No,No,13,Yes,Yes,DSL,Yes,Yes,No,No,No,No,One year,Yes,Electronic check,57.14,725.89,Yes
7243-93315,Female,1,Yes,No,68,Yes,Yes,DSL,Yes,No,No,Yes,No,No,Month-to-month,Yes,Mailed check,55.62,3715.31,No
8484-27685,Male,0,Yes,No,48,Yes,Yes,No,No internet service,No internet service,No internet service,No internet service,No internet service,No internet service,One year,Yes,Bank transfer (automatic),25.03,1208.01,No
6773-48161,Male,0,No,No,2,Yes,No,Fiber optic,No,No,No,No,No,No,Month-to-month,No,Bank transfer (automatic),93.82,191.94,No
7847-26184,Female,1,Yes,Yes,43,Yes,No,DSL,Yes,No,No,No,No,No,Month-to-month,Yes,Credit card (automatic),47.42,2085.34,No
9500-66097,Female,0,No,No,45,Yes,No,Fiber optic,No,Yes,No,No,Yes,Yes,Month-to-month,No,Mailed check,99.1,4356.27,No
1606-82828,Male,0,Yes,No,71,Yes,Yes,Fiber optic,No,No,No,No,No,Yes,Month-to-month,No,Credit card (automatic),103.54,7540.71,Yes
2476-31114,Male,0,No,No,52,No,No phone service,No,No internet service,No internet service,No internet service,No internet service,No internet service,No internet service,Two year,Yes,Credit card (automatic),24.69,1232.88,No
8504-61777,Male,0,No,Yes,18,Yes,No,DSL,No,Yes,No,Yes,No,No,Two year,Yes,Credit card (automatic),75.15,1335.95,No
6468-35923,Female,0,Yes,No,25,No,No phone service,Fiber optic,No,No,Yes,No,Yes,No,Month-to-month,No,Bank transfer (automatic),82.91,2083.68,Yes
6655-58154,Male,0,No,No,8,Yes,Yes,Fiber optic,No,No,Yes,No,Yes,No,Month-to-month,No,Credit card (automatic),119.0,972.92,Yes
7630-94274,Female,0,No,No,53,Yes,No,Fiber optic,Yes,No,Yes,Yes,No,No,One year,No,Credit card (automatic),115.09,6214.44,No
7294-79179,Male,0,No,No,62,No,No phone service,Fiber optic,No,No,No,Yes,No,Yes,Month-to-month,Yes,Electronic check,86.13,5181.47,No
4645-58996,Female,0,Yes,No,34,Yes,No,Fiber optic,No,Yes,No,No,No,No,Month-to-month,Yes,Bank transfer (automatic),73.66,2491.49,No
7217-57377,Female,0,Yes,Yes,8,No,No phone service,Fiber optic,No,No,Yes,No,Yes,Yes,Month-to-month,Yes,Electronic check,81.09,665.98,Yes
1199-12326,Female,0,No,Yes,54,Yes,No,DSL,No,No,Yes,Yes,No,No,One year,Yes,Credit card (automatic),62.85,3474.27,No
7596-90253,Female,0,Yes,No,71,Yes,Yes,No,No internet service,No internet service,No internet service,No internet service,No internet service,No internet service,Month-to-month,No,Mailed check,33.42,2317.38,No
7371-91943,Female,0,No,Yes,13,Yes,No,DSL,No,No,No,No,No,No,Two year,Yes,Electronic check,53.01,665.21,No
6974-44345,Male,0,Yes,No,49,Yes,No,DSL,Yes,Yes,Yes,No,No,Yes,Month-to-month,Yes,Credit card (automatic),73.84,3478.02,No
1895-80454,Female,0,No,No,47,Yes,No,DSL,No,No,Yes,Yes,Yes,No,Month-to-month,Yes,Mailed check,68.71,3182.77,No
7327-93840,Female,0,Yes,No,19,Yes,Yes,DSL,Yes,No,No,No,No,Yes,Two year,No,Electronic check,58.94,1095.81,No
3837-98395,Female,0,No,No,29,Yes,No,DSL,No,No,Yes,No,Yes,Yes,Month-to-month,Yes,Bank transfer (automatic),72.7,2083.3,Yes
9830-73468,Male,1,Yes,No,7,Yes,No,Fiber optic,Yes,No,No,Yes,No,Yes,Month-to-month,Yes,Electronic check,111.92,758.75,Yes
4758-40006,Female,0,Yes,No,1,No,No phone service,Fiber optic,No,Yes,No,No,Yes,No,Month-to-month,Yes,Electronic check,92.86,92.22,Yes
9192-14129,Male,0,Yes,Yes,3,Yes,Yes,Fiber optic,Yes,No,No,Yes,Yes,Yes,One year,No,Mailed check,108.85,314.0,No
4177-19149,Female,0,No,Yes,20,Yes,No,No,No internet service,No internet service,No internet service,No internet service,No internet service,No internet service,One year,Yes,Mailed check,24.65,473.28,No
2304-63974,Female,1,Yes,No,31,Yes,No,Fiber optic,No,No,No,Yes,No,No,Month-to-month,No,Credit card (automatic),80.97,2518.55,Yes
6634-13477,Male,0,No,No,34,Yes,No,No,No internet service,No internet service,No internet service,No internet service,No internet service,No internet service,Month-to-month,Yes,Electronic check,20.11,701.73,No
7176-87891,Female,0,Yes,No,40,Yes,No,DSL,Yes,No,No,Yes,Yes,No,Month-to-month,Yes,Electronic check,82.33,3185.81,No
7811-34059,Female,0,No,No,41,No,No phone service,Fiber optic,No,No,No,No,Yes,No,Month-to-month,Yes,Credit card (automatic),103.2,4153.15,Yes
9354-75505,Male,0,No,No,36,Yes,Yes,DSL,Yes,Yes,No,No,No,No,Month-to-month,No,Credit card (automatic),81.52,2949.19,No
4736-84108,Male,1,Yes,Yes,8,Yes,No,Fiber optic,Yes,Yes,No,No,Yes,Yes,Month-to-month,Yes,Electronic check,108.63,893.31,Yes
1061-67687,Male,0,Yes,Yes,47,Yes,No,No,No internet service,No internet service,No internet service,No internet service,No internet service,No internet service,Month-to-month,No,Bank transfer (automatic),28.93,1347.04,No
4677-31693,Female,0,Yes,No,31,Yes,No,DSL,Yes,Yes,No,No,Yes,Yes,One year,No,Credit card (automatic),82.38,2627.79,No
5110-61764,Female,0,No,No,1,Yes,Yes,Fiber optic,No,No,No,No,No,Yes,One year,Yes,Electronic check,99.35,96.14,Yes
3972-28121,Female,0,No,No,55,Yes,No,Fiber optic,No,No,No,No,No,Yes,One year,Yes,Credit card (automatic),81.49,4531.6,Yes
1550-66423,Female,0,Yes,No,58,Yes,No,DSL,Yes,Yes,No,No,No,Yes,One year,Yes,Credit card (automatic),60.28,3503.78,No
7079-16591,Female,0,No,No,18,Yes,Yes,Fiber optic,No,No,No,No,No,No,Month-to-month,Yes,Credit card (automatic),81.99,1498.39,Yes
8380-29678,Male,0,No,No,47,Yes,No,DSL,No,No,No,No,No,Yes,One year,Yes,Mailed check,47.84,2182.88,No
6594-94109,Male,0,No,Yes,38,Yes,Yes,Fiber optic,No,No,No,No,Yes,No,Month-to-month,Yes,Bank transfer (automatic),110.29,4265.75,Yes
6451-30023,Male,0,No,Yes,17,Yes,Yes,No,No internet service,No internet service,No internet service,No internet service,No internet service,No internet service,One year,No,Mailed check,33.16,542.07,No
2040-86424,Male,0,No,Yes,62,Yes,No,DSL,Yes,Yes,No,No,No,No,Month-to-month,No,Credit card (automatic),70.57,4343.29,No
5610-82529,Female,1,No,Yes,7,Yes,Yes,No,No internet service,No internet service,No internet service,No internet service,No internet service,No internet service,One year,Yes,Bank transfer (automatic),29.33,202.95,No
2258-20412,Male,0,No,No,43,Yes,No,Fiber optic,Yes,Yes,Yes,No,Yes,No,Two year,No,Bank transfer (automatic),109.42,4724.28,No
1028-90550,Male,0,Yes,No,8,Yes,No,DSL,No,No,No,Yes,No,No,Month-to-month,Yes,Mailed check,66.19,536.22,No
6516-49003,Male,0,No,Yes,33,No,No phone service,Fiber optic,No,No,Yes,No,No,No,Month-to-month,Yes,Credit card (automatic),100.02,3346.69,Yes
8137-78080,Male,0,No,Yes,22,Yes,No,Fiber optic,No,No,No,No,No,Yes,Two year,Yes,Electronic check,80.54,1766.18,No
2770-51502,Male,0,No,Yes,10,Yes,Yes,Fiber optic,No,Yes,Yes,No,Yes,No,Month-to-month,No,Credit card (automatic),98.84,1000.6,No
6328-12339,Male,0,Yes,Yes,26,No,No phone service,Fiber optic,No,Yes,No,No,No,Yes,Month-to-month,Yes,Credit card (automatic),83.28,2179.66,Yes
1791-98897,Female,0,No,Yes,29,Yes,Yes,Fiber optic,No,Yes,No,No,Yes,No,Month-to-month,Yes,Electronic check,104.63,3025.61,No
3488-23790,Male,0,Yes,Yes,6,Yes,No,No,No internet service,No internet service,No internet service,No internet service,No internet service,No internet service,Month-to-month,Yes,Mailed check,19.29,114.53,No
5847-19147,Male,0,No,Yes,16,No,No phone service,DSL,No,Yes,Yes,Yes,Yes,No,Month-to-month,No,Credit card (automatic),90.4,1502.78,Yes
5606-16827,Male,0,Yes,No,32,Yes,Yes,Fiber optic,No,Yes,No,No,No,Yes,Two year,No,Credit card (automatic),119.0,3749.45,No
4619-79281,Female,0,No,No,50,Yes,No,DSL,Yes,No,Yes,No,Yes,No,One year,Yes,Credit card (automatic),70.29,3579.72,No
1073-28779,Female,0,Yes,Yes,9,Yes,No,Fiber optic,Yes,Yes,No,No,Yes,No,Month-to-month,No,Credit card (automatic),107.15,985.33,Yes
6730-18402,Female,0,Yes,No,44,Yes,No,DSL,Yes,No,No,No,Yes,No,Two year,Yes,Credit card (automatic),53.0,2292.34,No
2351-36637,Female,0,Yes,Yes,51,Yes,Yes,DSL,Yes,No,No,Yes,No,No,Two year,Yes,Credit card (automatic),81.54,4319.16,No
2656-95643,Female,0,Yes,No,0,Yes,No,DSL,No,No,No,Yes,No,No,Month-to-month,No,Electronic check,61.31,,No
6562-46132,Female,1,Yes,No,45,Yes,No,No,No internet service,No internet service,No internet service,No internet service,No internet service,No internet service,One year,No,Electronic check,23.52,1033.95,No
9326-68177,Male,0,No,No,48,Yes,Yes,DSL,No,No,No,No,No,No,Month-to-month,No,Credit card (automatic),53.97,2691.58,Yes
7142-46240,Female,0,No,No,48,Yes,Yes,Fiber optic,No,Yes,Yes,No,Yes,No,Month-to-month,No,Electronic check,119.0,5771.91,Yes
4714-44463,Male,0,No,No,59,Yes,Yes,Fiber optic,No,No,No,No,No,Yes,Two year,Yes,Electronic check,80.12,4816.51,Yes
8440-89536,Male,0,No,Yes,36,Yes,No,DSL,No,No,Yes,No,No,Yes,Two year,Yes,Bank transfer (automatic),52.42,1946.46,No
4900-25287,Female,0,Yes,No,18,Yes,No,No,No internet service,No internet service,No internet service,No internet service,No internet service,No internet service,Two year,No,Bank transfer (automatic),19.54,346.35,No
5854-61143,Male,0,No,No,41,Yes,Yes,DSL,Yes,No,No,Yes,No,Yes,Month-to-month,Yes,Bank transfer (automatic),88.21,3686.32,No
5328-92198,Male,0,No,No,20,Yes,Yes,No,No internet service,No internet service,No internet service,No internet service,No internet service,No internet service,Month-to-month,Yes,Credit card (automatic),31.67,621.61,No
8108-20001,Female,0,Yes,Yes,69,Yes,No,DSL,No,No,Yes,No,Yes,No,Month-to-month,Yes,Credit card (automatic),74.04,4971.21,No
4560-87214,Male,0,No,No,26,Yes,No,Fiber optic,Yes,Yes,Yes,No,Yes,No,Month-to-month,Yes,Bank transfer (automatic),103.94,2595.81,Yes
4701-50604,Male,0,No,No,45,Yes,No,Fiber optic,No,No,No,No,Yes,Yes,Month-to-month,No,Mailed check,109.28,4839.25,Yes
5745-79657,Female,0,No,No,32,Yes,Yes,DSL,Yes,No,No,No,No,No,Month-to-month,Yes,Credit card (automatic),72.58,2415.43,No
6015-54734,Female,0,No,No,57,Yes,No,No,No internet service,No internet service,No internet service,No internet service,No internet service,No internet service,One year,No,Bank transfer (automatic),21.83,1261.17,Yes
7233-36592,Male,0,Yes,No,4,Yes,Yes,Fiber optic,Yes,No,No,No,No,No,Month-to-month,Yes,Electronic check,101.96,420.11,Yes
6287-27952,Female,0,No,No,38,No,No phone service,Fiber optic,No,No,No,No,Yes,Yes,Month-to-month,Yes,Electronic check,111.02,4092.69,No
3890-14497,Female,1,Yes,No,38,Yes,No,DSL,Yes,No,No,Yes,No,No,Month-to-month,Yes,Bank transfer (automatic),76.13,2831.88,No
2218-84080,Male,0,No,Yes,23,Yes,Yes,DSL,Yes,No,No,No,Yes,Yes,One year,Yes,Credit card (automatic),58.84,1336.14,No
2519-77307,Male,0,Yes,Yes,48,Yes,No,No,No internet service,No internet service,No internet service,No internet service,No internet service,No internet service,Month-to-month,Yes,Bank transfer (automatic),19.01,924.64,No
7178-44425,Male,1,No,No,10,Yes,Yes,DSL,Yes,No,No,No,No,No,Month-to-month,No,Electronic check,77.65,756.56,Yes
4105-42597,Male,0,No,No,41,Yes,No,DSL,No,Yes,No,No,No,Yes,Month-to-month,Yes,Bank transfer (automatic),76.37,3087.87,No
4605-68146,Male,0,Yes,No,72,Yes,Yes,DSL,Yes,No,No,Yes,Yes,No,Month-to-month,No,Mailed check,66.68,4913.95,No
2295-81174,Male,0,Yes,No,17,Yes,No,DSL,No,No,No,No,No,No,Month-to-month,Yes,Mailed check,41.13,714.95,Yes
3415-16223,Male,0,Yes,No,71,Yes,Yes,DSL,No,Yes,No,No,No,Yes,Two year,Yes,Mailed check,67.66,4682.09,No
5529-84741,Male,0,No,No,31,Yes,No,DSL,Yes,No,Yes,No,Yes,Yes,Month-to-month,Yes,Credit card (automatic),63.76,1945.84,Yes
8351-24874,Male,0,No,Yes,26,Yes,No,DSL,Yes,Yes,No,No,Yes,Yes,Month-to-month,Yes,Bank transfer (automatic),75.9,1942.62,No
4458-24402,Male,0,Yes,No,11,Yes,No,Fiber optic,No,No,No,No,Yes,Yes,Month-to-month,Yes,Mailed check,78.31,849.21,Yes
8636-77212,Male,0,No,No,36,No,No phone service,Fiber optic,Yes,No,No,No,Yes,Yes,Month-to-month,No,Credit card (automatic),82.54,2975.51,No
3741-93005,Male,0,No,Yes,59,Yes,No,No,No internet service,No internet service,No internet service,No internet service,No internet service,No internet service,Two year,No,Credit card (automatic),19.99,1188.58,No
1946-50975,Female,0,Yes,No,11,Yes,Yes,Fiber optic,No,Yes,No,No,No,Yes,One year,Yes,Electronic check,119.0,1308.44,No
3321-56203,Male,0,No,Yes,32,Yes,Yes,Fiber optic,Yes,Yes,No,No,Yes,No,Month-to-month,Yes,Credit card (automatic),119.0,3658.01,Yes
3564-33815,Female,1,Yes,Yes,55,Yes,No,DSL,No,Yes,Yes,Yes,No,No,One year,Yes,Bank transfer (automatic),71.51,3822.57,No
3183-35271,Female,0,Yes,No,66,Yes,No,Fiber optic,No,No,No,No,Yes,Yes,Month-to-month,Yes,Electronic check,95.36,6073.27,Yes
6280-50953,Female,1,Yes,No,11,Yes,Yes,Fiber optic,No,Yes,No,No,No,Yes,Month-to-month,No,Bank transfer (automatic),118.97,1263.98,No
7777-50426,Female,0,Yes,Yes,26,No,No phone service,Fiber optic,No,Yes,No,No,No,Yes,Month-to-month,Yes,Electronic check,106.96,2854.78,Yes
5560-12113,Male,0,No,No,62,Yes,No,DSL,No,Yes,No,No,No,No,Two year,Yes,Credit card (automatic),60.71,3735.66,No
4234-14645,Female,0,No,Yes,7,Yes,Yes,Fiber optic,Yes,No,No,No,Yes,Yes,One year,Yes,Credit card (automatic),108.47,735.54,No
3595-54819,Male,0,Yes,No,15,Yes,Yes,Fiber optic,No,No,No,No,No,No,Month-to-month,No,Credit card (automatic),109.84,1708.47,Yes
5962-42929,Male,0,No,No,68,Yes,No,Fiber optic,No,No,Yes,Yes,No,Yes,Two year,Yes,Bank transfer (automatic),114.09,7665.19,No
6972-74951,Male,1,Yes,No,12,Yes,No,Fiber optic,No,No,No,Yes,Yes,Yes,Month-to-month,Yes,Credit card (automatic),112.69,1370.84,Yes
9203-35788,Male,0,Yes,No,39,No,No phone service,DSL,No,Yes,Yes,Yes,No,No,Month-to-month,Yes,Electronic check,67.41,2662.87,Yes
8381-55573,Male,0,No,No,36,Yes,No,DSL,Yes,Yes,No,No,No,No,Month-to-month,No,Bank transfer (automatic),72.89,2540.03,No
6407-41498,Male,0,No,No,23,Yes,Yes,DSL,Yes,No,No,No,Yes,No,Month-to-month,Yes,Electronic check,52.0,1227.99,No
5426-22540,Female,0,No,Yes,24,Yes,Yes,Fiber optic,No,Yes,No,No,No,Yes,Month-to-month,No,Credit card (automatic),89.14,2186.18,Yes
9108-57853,Female,0,Yes,Yes,54,Yes,No,DSL,No,Yes,No,No,No,No,Two year,No,Electronic check,59.04,3245.57,No
7202-81962,Male,1,Yes,No,57,No,No phone service,No,No internet service,No internet service,No internet service,No internet service,No internet service,No internet service,Month-to-month,No,Bank transfer (automatic),28.96,1663.02,No
3786-91008,Female,0,Yes,No,49,Yes,No,Fiber optic,No,Yes,No,No,Yes,No,Month-to-month,Yes,Bank transfer (automatic),90.47,4512.53,Yes
4275-71766,Male,0,No,Yes,47,Yes,Yes,No,No internet service,No internet service,No internet service,No internet service,No internet service,No internet service,Month-to-month,Yes,Electronic check,24.98,1184.19,No
1692-10350,Male,0,Yes,No,63,Yes,Yes,No,No internet service,No internet service,No internet service,No internet service,No internet service,No internet service,Month-to-month,Yes,Bank transfer (automatic),30.0,1831.0,No
2877-31132,Female,0,No,No,40,Yes,No,Fiber optic,No,No,Yes,Yes,Yes,No,Month-to-month,Yes,Mailed check,81.3,3249.36,No
3955-32396,Female,1,Yes,No,70,Yes,Yes,Fiber optic,No,No,No,No,Yes,Yes,Month-to-month,Yes,Electronic check,117.67,8278.26,Yes
3754-87761,Male,1,Yes,No,32,Yes,Yes,Fiber optic,No,Yes,No,No,No,Yes,Month-to-month,Yes,Credit card (automatic),103.73,3430.32,Yes
2095-84525,Male,0,Yes,No,44,Yes,Yes,Fiber optic,No,Yes,No,Yes,Yes,Yes,Month-to-month,No,Mailed check,94.26,4268.89,Yes
1540-72482,Male,1,No,No,21,Yes,Yes,Fiber optic,No,No,Yes,No,Yes,No,Month-to-month,No,Electronic check,106.32,2228.12,Yes
1855-26460,Male,0,No,No,35,Yes,No,Fiber optic,No,No,No,No,No,No,One year,No,Electronic check,96.01,3372.68,No
1757-94999,Male,0,No,Yes,72,Yes,Yes,DSL,Yes,Yes,Yes,No,No,No,Two year,Yes,Credit card (automatic),81.31,5969.86,No
7354-85702,Female,0,No,No,23,Yes,Yes,Fiber optic,No,No,Yes,No,Yes,Yes,Month-to-month,Yes,Mailed check,110.24,2603.95,No
2765-77259,Female,0,No,No,29,Yes,Yes,Fiber optic,No,No,No,No,Yes,Yes,One year,No,Credit card (automatic),106.09,3089.74,No
5306-83988,Male,0,Yes,No,33,Yes,No,DSL,No,Yes,Yes,Yes,Yes,Yes,One year,No,Credit card (automatic),76.16,2428.74,No
2815-37559,Female,0,No,No,25,No,No phone service,Fiber optic,No,Yes,No,No,Yes,Yes,One year,No,Electronic check,95.96,2363.52,Yes
5545-89784,Male,0,No,No,1,Yes,Yes,Fiber optic,No,Yes,No,Yes,No,Yes,One year,No,Electronic check,110.92,115.19,No
5252-29226,Male,1,No,No,31,Yes,Yes,Fiber optic,No,No,No,No,Yes,No,Month-to-month,Yes,Bank transfer (automatic),109.12,3437.25,Yes
4285-57765,Male,1,Yes,Yes,43,Yes,Yes,Fiber optic,No,Yes,Yes,Yes,Yes,Yes,Two year,No,Electronic check,119.0,5170.7,No
1977-88699,Female,0,Yes,No,15,Yes,No,Fiber optic,Yes,Yes,Yes,No,No,Yes,Month-to-month,Yes,Bank transfer (automatic),115.6,1668.38,No
1749-37037,Female,0,No,No,13,Yes,Yes,Fiber optic,No,No,No,No,Yes,No,Month-to-month,Yes,Electronic check,86.91,1096.92,Yes
4064-72161,Female,0,Yes,Yes,38,Yes,No,Fiber optic,No,Yes,No,No,No,Yes,One year,Yes,Bank transfer (automatic),112.66,4354.41,No
4674-30249,Male,0,Yes,No,46,Yes,No,Fiber optic,No,Yes,No,Yes,Yes,Yes,Two year,No,Electronic check,98.97,4589.4,No
5855-24621,Female,0,Yes,No,30,Yes,No,No,No internet service,No internet service,No internet service,No internet service,No internet service,No internet service,Month-to-month,Yes,Credit card (automatic),23.28,713.08,No
7686-22239,Male,0,No,No,48,Yes,No,DSL,No,No,Yes,No,No,Yes,Two year,Yes,Electronic check,62.94,2904.64,No
1278-16701,Male,0,Yes,No,15,Yes,No,Fiber optic,No,Yes,Yes,Yes,No,Yes,One year,Yes,Electronic check,109.71,1646.16,No
9678-77105,Female,0,No,No,8,Yes,Yes,DSL,No,Yes,No,No,No,No,One year,No,Electronic check,73.29,598.55,No
9752-73920,Male,0,No,No,43,Yes,Yes,Fiber optic,No,No,No,No,Yes,No,Two year,No,Mailed check,82.07,3495.89,No
6847-34511,Female,0,No,No,25,Yes,Yes,DSL,No,Yes,No,No,No,No,One year,Yes,Electronic check,66.53,1713.66,No
3266-47390,Female,1,Yes,No,10,No,No phone service,Fiber optic,No,No,No,No,Yes,Yes,Month-to-month,Yes,Bank transfer (automatic),100.43,965.48,No
5210-88422,Female,0,No,Yes,38,Yes,No,DSL,No,Yes,Yes,No,No,No,Two year,Yes,Mailed check,78.59,3059.14,No
5348-11175,Male,0,Yes,Yes,33,No,No phone service,Fiber optic,No,No,No,No,Yes,Yes,Month-to-month,No,Credit card (automatic),108.05,3676.91,Yes
4492-40652,Male,0,Yes,No,32,Yes,No,Fiber optic,No,Yes,No,No,No,Yes,Two year,No,Credit card (automatic),101.26,3122.96,No
5972-92853,Female,0,Yes,No,60,Yes,Yes,DSL,No,No,No,Yes,Yes,No,Two year,Yes,Credit card (automatic),54.72,3291.92,No
5308-72813,Female,0,Yes,No,18,Yes,Yes,No,No internet service,No internet service,No internet service,No internet service,No internet service,No internet service,One year,Yes,Credit card (automatic),26.29,466.35,No
7593-53497,Female,0,No,Yes,12,Yes,No,DSL,No,No,No,No,No,No,Month-to-month,No,Mailed check,59.79,707.17,Yes
2335-72387,Female,0,Yes,Yes,4,Yes,No,DSL,No,No,Yes,No,No,Yes,Month-to-month,Yes,Mailed check,65.87,258.39,Yes
4098-58415,Male,0,No,No,64,Yes,No,Fiber optic,No,No,No,No,No,No,Month-to-month,No,Credit card (automatic),74.91,4708.17,Yes
9364-16810,Male,0,Yes,Yes,12,Yes,No,DSL,No,Yes,No,No,No,No,Month-to-month,No,Mailed check,69.47,804.63,No
4167-27611,Female,0,No,No,44,Yes,Yes,Fiber optic,No,No,No,No,Yes,No,One year,No,Credit card (automatic),101.81,4314.01,No
3807-41831,Male,0,No,No,32,Yes,No,DSL,No,No,Yes,No,No,No,Two year,Yes,Credit card (automatic),72.15,2294.01,No
6947-20443,Female,0,Yes,No,22,Yes,No,Fiber optic,Yes,No,Yes,No,Yes,Yes,One year,No,Bank transfer (automatic),115.08,2579.73,No
6671-29569,Male,0,No,No,5,No,No phone service,Fiber optic,No,No,No,No,No,Yes,Month-to-month,Yes,Credit card (automatic),76.78,376.83,Yes
8465-88857,Female,0,Yes,Yes,67,Yes,No,Fiber optic,No,No,No,Yes,No,No,Two year,No,Mailed check,109.8,7426.91,Yes
6575-48043,Female,0,No,No,57,Yes,Yes,DSL,Yes,Yes,No,No,Yes,No,Two year,Yes,Bank transfer (automatic),79.76,4501.35,No
7633-32658,Male,0,No,Yes,32,Yes,Yes,DSL,Yes,No,No,Yes,Yes,No,One year,Yes,Credit card (automatic),67.46,2164.56,No
1737-39274,Male,0,No,No,15,Yes,No,Fiber optic,No,Yes,No,No,Yes,Yes,Month-to-month,Yes,Credit card (automatic),117.34,1786.39,Yes
6490-66680,Female,0,Yes,No,30,Yes,No,DSL,No,Yes,Yes,No,Yes,No,One year,Yes,Electronic check,80.62,2385.65,No
8247-13467,Male,0,No,No,20,Yes,No,Fiber optic,No,Yes,No,No,Yes,Yes,Month-to-month,Yes,Electronic check,89.03,1750.69,Yes
2922-67491,Female,0,No,No,12,Yes,Yes,No,No internet service,No internet service,No internet service,No internet service,No internet service,No internet service,Month-to-month,Yes,Credit card (automatic),27.31,336.7,No
5476-10874,Female,0,No,Yes,52,Yes,No,No,No internet service,No internet service,No internet service,No internet service,No internet service,No internet service,One year,No,Mailed check,28.93,1495.75,No
2886-14212,Female,0,Yes,Yes,7,Yes,No,DSL,Yes,Yes,Yes,No,No,Yes,One year,Yes,Bank transfer (automatic),58.33,414.58,No
8311-15888,Male,1,Yes,No,60,Yes,Yes,No,No internet service,No internet service,No internet service,No internet service,No internet service,No internet service,Month-to-month,No,Mailed check,32.5,1945.83,No
2523-16070,Female,1,No,No,72,No,No phone service,Fiber optic,Yes,No,Yes,No,Yes,Yes,Two year,Yes,Credit card (automatic),119.0,8437.87,No
7131-29607,Male,0,No,No,51,Yes,No,No,No internet service,No internet service,No internet service,No internet service,No internet service,No internet service,Two year,Yes,Bank transfer (automatic),24.11,1192.24,No
5050-17425,Female,0,No,No,3,Yes,No,No,No internet service,No internet service,No internet service,No internet service,No internet service,No internet service,One year,No,Bank transfer (automatic),28.09,84.44,No
1908-63000,Female,0,No,No,58,Yes,No,DSL,No,No,No,No,No,No,Month-to-month,No,Credit card (automatic),45.14,2657.18,No
2623-73488,Male,0,No,No,4,Yes,No,No,No internet service,No internet service,No internet service,No internet service,No internet service,No internet service,Month-to-month,Yes,Electronic check,20.5,83.75,No
9570-27359,Male,0,Yes,Yes,53,No,No phone service,DSL,No,No,No,No,No,No,One year,Yes,Credit card (automatic),56.09,2907.08,No
3972-99191,Male,0,No,No,48,Yes,Yes,Fiber optic,No,No,No,No,No,No,Two year,Yes,Mailed check,94.56,4513.45,Yes
2420-95091,Female,0,Yes,No,16,Yes,Yes,Fiber optic,No,No,No,No,Yes,Yes,Month-to-month,Yes,Electronic check,99.06,1607.15,Yes
4243-46255,Male,0,No,No,0,Yes,No,Fiber optic,Yes,No,Yes,No,No,No,Month-to-month,Yes,Bank transfer (automatic),118.33,,Yes
7339-96943,Male,0,Yes,No,36,Yes,Yes,DSL,Yes,No,Yes,No,Yes,No,Month-to-month,No,Credit card (automatic),69.98,2612.31,Yes
7106-34786,Female,0,No,No,22,Yes,No,DSL,No,Yes,Yes,No,Yes,Yes,Month-to-month,No,Mailed check,65.4,1462.26,Yes
1734-53949,Female,1,No,No,20,Yes,Yes,No,No internet service,No internet service,No internet service,No internet service,No internet service,No internet service,One year,No,Electronic check,32.86,633.61,No
5021-99394,Female,0,No,No,29,Yes,Yes,Fiber optic,No,No,No,No,No,No,Month-to-month,No,Bank transfer (automatic),79.07,2334.01,Yes
4642-71833,Female,0,Yes,No,7,Yes,No,Fiber optic,Yes,Yes,No,No,Yes,Yes,Month-to-month,Yes,Mailed check,97.65,681.14,Yes
3275-93103,Female,1,No,No,21,No,No phone service,Fiber optic,No,No,No,Yes,Yes,Yes,Month-to-month,Yes,Bank transfer (automatic),115.32,2472.5,No
4953-55872,Female,0,Yes,No,32,Yes,Yes,No,No internet service,No internet service,No internet service,No internet service,No internet service,No internet service,Two year,Yes,Bank transfer (automatic),33.04,1017.01,No
3850-31614,Male,0,Yes,Yes,40,Yes,Yes,DSL,Yes,No,No,No,No,No,Month-to-month,Yes,Mailed check,65.96,2697.9,No
4108-41467,Female,0,No,No,62,No,No phone service,DSL,Yes,Yes,No,Yes,No,Yes,Month-to-month,Yes,Credit card (automatic),66.11,4013.18,No
7723-98855,Female,0,No,Yes,44,Yes,Yes,No,No internet service,No internet service,No internet service,No internet service,No internet service,No internet service,One year,Yes,Bank transfer (automatic),30.38,1292.19,No
2264-16849,Female,0,Yes,Yes,53,Yes,No,Fiber optic,No,No,No,No,Yes,Yes,Two year,No,Credit card (automatic),97.97,5040.33,No
2577-71370,Female,0,No,No,49,Yes,No,DSL,Yes,No,Yes,No,No,No,Month-to-month,Yes,Mailed check,76.99,3912.85,Yes
6989-96517,Female,0,Yes,Yes,21,Yes,No,DSL,No,Yes,No,Yes,No,No,Month-to-month,Yes,Bank transfer (automatic),71.01,1484.24,No
9748-90877,Male,0,No,No,36,Yes,Yes,No,No internet service,No internet service,No internet service,No internet service,No internet service,No internet service,One year,No,Mailed check,25.95,936.57,No
5602-86828,Female,1,No,No,63,Yes,Yes,Fiber optic,No,Yes,Yes,Yes,No,Yes,Month-to-month,No,Bank transfer (automatic),119.0,7467.08,No
7047-19517,Female,0,No,No,47,No,No phone service,No,No internet service,No internet service,No internet service,No internet service,No internet service,No internet service,Two year,Yes,Electronic check,24.03,1106.43,No
7320-96283,Male,0,No,No,46,No,No phone service,Fiber optic,No,Yes,No,No,Yes,Yes,One year,No,Credit card (automatic),107.58,5078.8,No
1156-12979,Female,0,No,No,9,Yes,No,Fiber optic,No,Yes,No,No,Yes,No,Month-to-month,Yes,Electronic check,76.13,700.85,Yes
8246-37833,Male,0,No,No,36,Yes,No,No,No internet service,No internet service,No internet service,No internet service,No internet service,No internet service,Two year,Yes,Mailed check,22.97,806.49,No
1281-95720,Female,0,Yes,Yes,40,Yes,No,Fiber optic,No,No,No,No,No,Yes,One year,Yes,Electronic check,102.59,4106.8,No
3416-78979,Female,0,Yes,No,47,Yes,No,Fiber optic,No,No,Yes,No,Yes,No,Month-to-month,No,Mailed check,94.91,4351.31,No
7722-96455,Male,1,No,No,47,Yes,No,Fiber optic,No,No,No,No,Yes,No,Month-to-month,Yes,Electronic check,102.9,4738.51,Yes
3401-31585,Male,0,Yes,No,15,Yes,Yes,No,No internet service,No internet service,No internet service,No internet service,No internet service,No internet service,One year,Yes,Credit card (automatic),31.59,464.78,No
9608-74759,Female,0,No,No,16,Yes,No,Fiber optic,No,No,No,Yes,Yes,Yes,Two year,Yes,Mailed check,91.19,1439.71,Yes
1202-78697,Male,0,Yes,No,23,Yes,No,DSL,Yes,No,No,No,Yes,No,Month-to-month,Yes,Bank transfer (automatic),71.2,1685.51,Yes
5489-85196,Female,0,No,Yes,8,Yes,No,Fiber optic,No,Yes,No,No,Yes,No,Month-to-month,Yes,Bank transfer (automatic),81.47,651.22,Yes
5253-81112,Male,0,No,Yes,12,Yes,Yes,No,No internet service,No internet service,No internet service,No internet service,No internet service,No internet service,Two year,No,Electronic check,28.6,336.66,No
4441-55084,Female,0,No,No,19,Yes,Yes,No,No internet service,No internet service,No internet service,No internet service,No internet service,No internet service,Month-to-month,Yes,Credit card (automatic),26.08,511.82,No
1658-11403,Female,0,No,No,42,Yes,No,Fiber optic,No,No,No,No,No,No,Month-to-month,No,Credit card (automatic),83.07,3458.97,No
2982-61840,Female,0,Yes,No,49,No,No phone service,Fiber optic,No,No,No,Yes,No,Yes,Month-to-month,No,Electronic check,97.54,4623.95,No
6776-84897,Male,0,No,No,31,Yes,Yes,DSL,No,No,No,No,Yes,No,One year,Yes,Credit card (automatic),53.24,1657.66,No
4166-47832,Female,0,Yes,No,19,Yes,Yes,DSL,No,No,No,Yes,No,Yes,One year,No,Credit card (automatic),80.83,1543.38,Yes
7990-38760,Male,0,No,No,30,Yes,Yes,No,No internet service,No internet service,No internet service,No internet service,No internet service,No internet service,Month-to-month,No,Bank transfer (automatic),24.71,736.14,No
6019-41912,Male,1,No,Yes,43,Yes,Yes,Fiber optic,No,No,No,No,No,No,Month-to-month,No,Electronic check,91.53,3914.75,Yes
7979-68627,Male,0,Yes,No,24,Yes,Yes,Fiber optic,No,No,No,No,Yes,Yes,One year,Yes,Electronic check,114.83,2801.07,Yes
8813-46785,Female,1,Yes,No,33,Yes,Yes,Fiber optic,No,No,Yes,No,Yes,Yes,One year,Yes,Bank transfer (automatic),98.45,3268.79,No
9858-51340,Female,0,Yes,No,40,Yes,No,DSL,No,Yes,No,No,No,No,Month-to-month,Yes,Bank transfer (automatic),53.1,2125.27,No
5235-76553,Male,0,Yes,No,21,Yes,No,Fiber optic,Yes,No,Yes,No,Yes,No,Month-to-month,Yes,Credit card (automatic),111.76,2304.17,Yes
1633-62248,Male,0,No,No,5,Yes,Yes,No,No internet service,No internet service,No internet service,No internet service,No internet service,No internet service,One year,No,Credit card (automatic),30.7,159.41,No
6255-63213,Female,0,Yes,Yes,69,Yes,Yes,Fiber optic,No,No,No,No,No,Yes,Month-to-month,No,Mailed check,106.75,7418.43,No
5222-72764,Male,0,No,No,3,Yes,Yes,Fiber optic,No,No,No,Yes,No,No,Month-to-month,Yes,Credit card (automatic),89.2,277.35,Yes
3453-89813,Male,0,No,No,26,Yes,No,Fiber optic,No,No,No,No,Yes,No,Two year,Yes,Credit card (automatic),110.78,2877.03,No
3281-51500,Female,1,No,Yes,54,Yes,Yes,DSL,Yes,No,No,No,Yes,No,Two year,Yes,Mailed check,67.59,3537.25,No
9910-22205,Male,0,No,No,34,No,No phone service,DSL,No,No,No,No,No,Yes,Month-to-month,Yes,Bank transfer (automatic),57.35,1893.69,Yes
1863-86503,Female,0,Yes,No,68,Yes,No,DSL,Yes,No,Yes,No,Yes,No,Two year,Yes,Bank transfer (automatic),63.51,4368.81,No
1422-50938,Female,0,No,No,2,Yes,No,Fiber optic,No,No,No,No,Yes,Yes,One year,Yes,Mailed check,79.61,156.02,Yes
8031-81826,Male,0,No,No,68,Yes,Yes,No,No internet service,No internet service,No internet service,No internet service,No internet service,No internet service,Two year,No,Mailed check,29.6,1976.34,No
3677-79054,Male,0,No,No,44,Yes,No,Fiber optic,No,No,Yes,No,Yes,No,Two year,No,Bank transfer (automatic),80.45,3541.38,No
3325-39475,Female,0,Yes,No,42,Yes,Yes,No,No internet service,No internet service,No internet service,No internet service,No internet service,No internet service,One year,No,Credit card (automatic),23.79,989.37,No
8557-49533,Female,0,Yes,No,29,Yes,No,DSL,No,No,No,Yes,Yes,No,Month-to-month,Yes,Credit card (automatic),76.82,2221.38,Yes
3471-98806,Female,0,No,No,29,Yes,No,Fiber optic,No,Yes,No,No,Yes,No,Month-to-month,No,Electronic check,85.48,2417.76,No
4272-59976,Male,0,No,No,46,Yes,No,Fiber optic,No,No,No,Yes,Yes,No,Month-to-month,Yes,Electronic check,105.86,4789.98,Yes
6529-42463,Female,0,Yes,Yes,38,Yes,No,DSL,No,No,Yes,No,Yes,No,Month-to-month,No,Credit card (automatic),78.5,2937.65,No
3035-98921,Female,0,No,No,6,Yes,No,DSL,No,Yes,No,No,Yes,No,One year,No,Mailed check,52.83,313.82,No
4647-80622,Male,0,Yes,No,61,Yes,No,DSL,No,Yes,Yes,No,No,Yes,Month-to-month,Yes,Bank transfer (automatic),82.25,4915.26,No
1299-13265,Female,1,No,Yes,64,Yes,No,DSL,No,No,No,No,Yes,Yes,Two year,No,Electronic check,58.23,3694.52,No
7555-38557,Female,0,Yes,No,12,Yes,Yes,No,No internet service,No internet service,No internet service,No internet service,No internet service,No internet service,Two year,Yes,Mailed check,28.34,342.12,No
6013-73293,Male,1,Yes,No,49,Yes,Yes,DSL,No,Yes,No,No,Yes,Yes,Month-to-month,Yes,Mailed check,77.6,3738.55,No
3464-60163,Male,0,Yes,Yes,55,Yes,Yes,DSL,Yes,No,No,No,No,Yes,One year,Yes,Credit card (automatic),61.33,3397.13,No
3192-79811,Female,0,Yes,No,65,Yes,Yes,No,No internet service,No internet service,No internet service,No internet service,No internet service,No internet service,Two year,Yes,Mailed check,34.8,2205.05,No
2016-73833,Male,0,Yes,No,39,Yes,Yes,DSL,No,Yes,No,No,No,No,One year,Yes,Electronic check,68.75,2751.97,No
3521-67193,Male,0,Yes,No,70,Yes,Yes,Fiber optic,No,Yes,No,No,Yes,No,Two year,No,Credit card (automatic),113.08,7645.65,No
8322-90695,Male,0,Yes,No,37,Yes,Yes,DSL,No,No,No,No,Yes,No,Month-to-month,No,Mailed check,62.61,2298.79,Yes
6810-70387,Female,0,No,Yes,42,Yes,No,No,No internet service,No internet service,No internet service,No internet service,No internet service,No internet service,Month-to-month,No,Credit card (automatic),24.09,1007.46,No
9145-72187,Male,0,No,No,24,No,No phone service,No,No internet service,No internet service,No internet service,No internet service,No internet service,No internet service,Month-to-month,Yes,Electronic check,20.47,507.08,No
9544-28234,Female,1,No,No,51,Yes,No,No,No internet service,No internet service,No internet service,No internet service,No internet service,No internet service,Month-to-month,No,Mailed check,27.68,1452.2,No
8471-37652,Female,0,Yes,No,40,Yes,Yes,DSL,Yes,Yes,Yes,No,No,Yes,Month-to-month,No,Electronic check,76.85,3007.52,Yes
1125-36475,Female,0,Yes,No,36,Yes,Yes,DSL,No,Yes,Yes,No,Yes,Yes,Two year,No,Electronic check,68.01,2371.47,No
9112-64573,Female,0,No,Yes,49,Yes,No,No,No internet service,No internet service,No internet service,No internet service,No internet service,No internet service,One year,Yes,Mailed check,21.75,1097.0,No
1102-25370,Male,0,No,Yes,42,Yes,No,No,No internet service,No internet service,No internet service,No internet service,No internet service,No internet service,Month-to-month,No,Electronic check,28.86,1252.32,No
7439-25902,Male,0,No,No,35,Yes,Yes,Fiber optic,No,No,No,No,Yes,Yes,Month-to-month,Yes,Bank transfer (automatic),98.5,3572.61,Yes
7601-70728,Male,0,No,Yes,29,Yes,Yes,Fiber optic,No,No,No,Yes,No,No,Month-to-month,Yes,Credit card (automatic),86.93,2500.86,No
2988-14775,Female,0,No,No,36,Yes,No,Fiber optic,No,Yes,No,No,No,Yes,Month-to-month,Yes,Credit card (automatic),103.29,3775.81,No
9328-28661,Female,0,No,No,30,Yes,No,DSL,No,No,No,Yes,Yes,No,Month-to-month,Yes,Bank transfer (automatic),55.66,1717.15,Yes
7929-22009,Male,0,Yes,Yes,46,Yes,No,Fiber optic,No,No,No,Yes,Yes,No,Month-to-month,Yes,Mailed check,97.65,4635.66,Yes
5619-79749,Female,0,No,No,14,Yes,Yes,No,No internet service,No internet service,No internet service,No internet service,No internet service,No internet service,Two year,Yes,Credit card (automatic),29.66,406.93,No
4420-28671,Female,0,No,No,55,Yes,Yes,No,No internet service,No internet service,No internet service,No internet service,No internet service,No internet service,Two year,No,Bank transfer (automatic),28.32,1563.68,No
3954-62089,Male,0,No,Yes,44,Yes,Yes,DSL,No,No,No,No,No,No,Month-to-month,Yes,Credit card (automatic),68.23,3080.3,No
8503-29620,Male,0,Yes,No,29,Yes,No,DSL,Yes,Yes,No,No,No,Yes,One year,Yes,Bank transfer (automatic),71.3,1987.45,No
2713-63061,Male,1,Yes,Yes,12,Yes,Yes,DSL,Yes,Yes,No,Yes,No,No,Two year,No,Mailed check,69.88,868.23,No
6485-44543,Male,0,Yes,No,8,Yes,Yes,DSL,Yes,Yes,No,No,No,Yes,Month-to-month,Yes,Mailed check,68.76,564.37,Yes
3749-52355,Male,0,Yes,No,0,Yes,No,DSL,Yes,No,No,No,Yes,No,Month-to-month,Yes,Credit card (automatic),66.42,,No
5757-47630,Female,0,No,No,28,Yes,Yes,DSL,No,No,No,No,No,No,Month-to-month,No,Bank transfer (automatic),46.89,1290.31,Yes
5108-50970,Female,0,No,No,31,Yes,Yes,No,No internet service,No internet service,No internet service,No internet service,No internet service,No internet service,Month-to-month,Yes,Mailed check,29.53,903.76,No
8809-36371,Female,0,Yes,No,34,Yes,No,No,No internet service,No internet service,No internet service,No internet service,No internet service,No internet service,Month-to-month,Yes,Electronic check,23.18,787.05,No
9573-96783,Male,0,No,No,43,Yes,No,No,No internet service,No internet service,No internet service,No internet service,No internet service,No internet service,One year,Yes,Mailed check,21.14,919.1,No
2950-53527,Female,1,Yes,Yes,37,Yes,No,Fiber optic,No,Yes,No,No,No,No,Month-to-month,Yes,Mailed check,102.16,3889.39,Yes
9914-41183,Male,1,No,Yes,35,No,No phone service,Fiber optic,No,Yes,No,Yes,Yes,No,Month-to-month,Yes,Mailed check,88.16,3188.93,Yes
3424-19221,Male,0,Yes,Yes,7,No,No phone service,Fiber optic,No,No,No,Yes,Yes,No,Month-to-month,Yes,Bank transfer (automatic),104.32,755.63,Yes
5985-25343,Female,0,No,No,3,Yes,No,Fiber optic,No,Yes,Yes,No,Yes,Yes,Month-to-month,No,Bank transfer (automatic),103.99,323.72,No
3548-36363,Female,0,No,No,3,Yes,No,DSL,No,No,No,No,Yes,Yes,Month-to-month,Yes,Credit card (automatic),78.05,242.59,No
9262-77954,Male,0,No,Yes,68,Yes,Yes,DSL,No,Yes,No,No,Yes,No,Month-to-month,Yes,Bank transfer (automatic),82.15,5405.74,No
4469-18624,Male,0,No,No,47,Yes,No,Fiber optic,No,No,No,No,No,No,Month-to-month,Yes,Credit card (automatic),92.04,4342.01,No
7369-16363,Female,0,Yes,No,41,Yes,No,Fiber optic,No,Yes,No,No,No,No,Month-to-month,No,Credit card (automatic),93.55,3961.61,No
1690-94754,Female,0,No,Yes,12,Yes,No,DSL,No,No,No,Yes,No,Yes,One year,Yes,Electronic check,70.89,855.13,No
9382-63785,Male,0,Yes,Yes,3,Yes,No,Fiber optic,No,No,No,No,No,No,Month-to-month,Yes,Electronic check,78.71,230.13,Yes
3348-78508,Female,0,Yes,No,39,No,No phone service,No,No internet service,No internet service,No internet service,No internet service,No internet service,No internet service,One year,No,Credit card (automatic),24.93,949.21,No
2372-47081,Female,0,No,Yes,50,Yes,No,DSL,No,No,No,No,No,No,Two year,Yes,Electronic check,55.78,2789.19,Yes
2265-71679,Male,1,No,No,44,No,No phone service,DSL,No,No,No,No,No,No,Month-to-month,Yes,Electronic check,49.68,2159.37,Yes
5067-98857,Female,0,No,No,48,Yes,Yes,No,No internet service,No internet service,No internet service,No internet service,No internet service,No internet service,Month-to-month,Yes,Electronic check,29.25,1352.91,No
1238-75682,Female,0,Yes,No,19,Yes,No,DSL,No,No,No,Yes,Yes,No,One year,Yes,Bank transfer (automatic),78.59,1484.26,Yes
7372-12664,Female,0,No,No,44,Yes,No,DSL,No,No,No,No,No,No,Month-to-month,Yes,Bank transfer (automatic),52.96,2320.95,No
8208-77022,Male,0,Yes,Yes,31,Yes,No,Fiber optic,No,Yes,No,No,No,Yes,Two year,Yes,Electronic check,106.62,3356.23,No
4766-14140,Male,0,No,No,44,Yes,No,No,No internet service,No internet service,No internet service,No internet service,No internet service,No internet service,Two year,No,Bank transfer (automatic),22.78,1035.85,No
5857-83593,Female,1,No,No,68,Yes,No,DSL,Yes,No,Yes,Yes,No,No,Month-to-month,Yes,Electronic check,59.91,3951.64,No
3132-58345,Female,0,No,No,4,Yes,No,DSL,Yes,No,No,No,Yes,No,Month-to-month,No,Credit card (automatic),50.9,207.72,No
9340-11372,Male,0,No,No,47,Yes,No,Fiber optic,No,No,No,No,Yes,No,One year,Yes,Electronic check,99.21,4814.15,No
2814-64848,Female,1,No,Yes,23,Yes,No,Fiber optic,No,Yes,Yes,Yes,Yes,No,One year,No,Mailed check,96.77,2173.85,No
6438-43247,Female,0,Yes,No,17,Yes,Yes,No,No internet service,No internet service,No internet service,No internet service,No internet service,No internet service,Month-to-month,Yes,Credit card (automatic),33.08,558.07,No
7700-72772,Male,0,No,No,47,Yes,No,No,No internet service,No internet service,No internet service,No internet service,No internet service,No internet service,One year,No,Bank transfer (automatic),27.02,1255.12,No
6131-45378,Female,1,No,No,51,Yes,No,No,No internet service,No internet service,No internet service,No internet service,No internet service,No internet service,Month-to-month,Yes,Credit card (automatic),19.84,999.32,No
6455-68020,Male,0,Yes,No,68,Yes,No,DSL,No,No,No,No,No,No,Two year,Yes,Electronic check,52.77,3692.97,No
9328-23959,Male,0,Yes,No,21,Yes,No,Fiber optic,No,No,Yes,Yes,No,No,Two year,No,Mailed check,111.62,2265.3,No
9320-11668,Male,0,Yes,No,32,Yes,Yes,Fiber optic,No,No,No,No,Yes,Yes,Month-to-month,Yes,Mailed check,107.04,3359.22,Yes
8827-92143,Male,0,No,No,44,No,No phone service,Fiber optic,No,No,Yes,No,Yes,No,Month-to-month,Yes,Credit card (automatic),114.67,5016.22,Yes
2224-77906,Female,0,No,Yes,24,Yes,No,Fiber optic,No,No,Yes,No,No,Yes,Month-to-month,Yes,Credit card (automatic),97.27,2417.39,Yes
9462-21686,Male,0,No,No,14,Yes,Yes,Fiber optic,No,No,No,No,Yes,No,Two year,No,Credit card (automatic),91.82,1247.64,No
3853-49567,Female,1,Yes,No,2,Yes,No,Fiber optic,No,No,No,No,No,No,Month-to-month,No,Bank transfer (automatic),79.18,155.76,Yes
3259-12894,Male,0,Yes,No,43,Yes,No,Fiber optic,No,No,No,No,Yes,Yes,Month-to-month,Yes,Credit card (automatic),86.42,3768.54,Yes
9476-99931,Female,0,No,No,54,Yes,Yes,DSL,Yes,No,No,No,Yes,No,One year,Yes,Mailed check,57.82,3174.59,No
9644-86345,Male,0,Yes,Yes,39,Yes,No,Fiber optic,No,Yes,No,No,No,Yes,Month-to-month,No,Electronic check,108.1,4329.66,No
1576-51757,Female,1,Yes,No,32,Yes,Yes,DSL,No,Yes,No,Yes,No,Yes,Month-to-month,Yes,Bank transfer (automatic),68.76,2162.37,No
9118-10764,Female,0,Yes,Yes,47,Yes,No,DSL,No,No,Yes,No,Yes,Yes,Two year,Yes,Credit card (automatic),62.81,2982.97,No
2225-79415,Female,0,Yes,Yes,2,Yes,No,Fiber optic,Yes,No,No,No,No,Yes,Month-to-month,Yes,Bank transfer (automatic),86.91,173.09,Yes
4575-26001,Male,0,Yes,No,1,Yes,Yes,No,No internet service,No internet service,No internet service,No internet service,No internet service,No internet service,One year,Yes,Credit card (automatic),28.59,29.65,No
1703-66899,Male,0,No,Yes,17,Yes,Yes,DSL,Yes,Yes,No,No,Yes,Yes,Month-to-month,Yes,Mailed check,69.11,1201.36,Yes
1942-60939,Male,1,Yes,No,17,No,No phone service,No,No internet service,No internet service,No internet service,No internet service,No internet service,No internet service,Month-to-month,No,Electronic check,23.71,396.25,No
6803-57011,Male,1,Yes,No,1,Yes,Yes,DSL,Yes,No,Yes,No,Yes,No,Month-to-month,No,Electronic check,82.93,83.74,No
4243-45707,Male,0,No,No,17,Yes,No,DSL,Yes,Yes,No,No,Yes,No,Month-to-month,No,Electronic check,67.58,1188.84,No
8353-79311,Female,0,No,Yes,54,Yes,No,Fiber optic,Yes,No,No,No,No,No,Two year,Yes,Bank transfer (automatic),93.57,5224.45,No
3301-68143,Male,0,No,Yes,41,Yes,No,DSL,Yes,No,No,No,No,Yes,Month-to-month,No,Mailed check,57.73,2434.24,No
7465-19488,Male,0,No,No,6,No,No phone service,No,No internet service,No internet service,No internet service,No internet service,No internet service,No internet service,Month-to-month,No,Mailed check,20.07,117.3,No
4500-62909,Male,0,No,No,30,Yes,No,Fiber optic,No,No,No,No,Yes,Yes,Two year,Yes,Mailed check,112.32,3355.91,Yes
5106-48175,Female,0,No,No,25,Yes,Yes,Fiber optic,Yes,Yes,No,No,No,Yes,Month-to-month,No,Bank transfer (automatic),93.57,2302.73,Yes
6521-43381,Female,0,No,No,22,Yes,No,No,No internet service,No internet service,No internet service,No internet service,No internet service,No internet service,Two year,Yes,Mailed check,25.83,545.85,No
1274-42239,Female,1,No,Yes,31,Yes,Yes,Fiber optic,No,No,Yes,No,No,No,Month-to-month,No,Credit card (automatic),77.9,2435.48,No
4215-49340,Male,0,No,No,34,Yes,No,Fiber optic,No,Yes,No,No,Yes,Yes,Month-to-month,No,Mailed check,117.04,4069.48,Yes
3471-34864,Male,0,Yes,No,16,Yes,No,DSL,Yes,No,Yes,Yes,No,No,Month-to-month,Yes,Credit card (automatic),72.1,1148.8,Yes
8098-45576,Female,0,Yes,Yes,28,Yes,No,Fiber optic,No,Yes,No,No,Yes,Yes,Month-to-month,No,Bank transfer (automatic),112.32,3249.92,Yes
9130-34647,Female,0,Yes,No,54,Yes,Yes,No,No internet service,No internet service,No internet service,No internet service,No internet service,No internet service,Two year,Yes,Mailed check,33.06,1789.15,No
7453-81467,Male,0,Yes,Yes,54,Yes,No,Fiber optic,No,Yes,Yes,Yes,No,Yes,Two year,No,Credit card (automatic),104.08,5753.82,No
2904-17692,Male,0,Yes,Yes,4,Yes,No,DSL,No,Yes,No,Yes,No,No,One year,No,Mailed check,60.82,233.92,No
7924-68465,Male,0,No,No,34,Yes,No,Fiber optic,Yes,No,No,Yes,Yes,No,Month-to-month,Yes,Bank transfer (automatic),103.8,3521.05,No
2964-62262,Female,0,No,No,30,Yes,No,Fiber optic,No,No,Yes,Yes,Yes,No,Month-to-month,Yes,Mailed check,116.74,3440.71,Yes
5962-94285,Male,1,Yes,No,54,Yes,No,Fiber optic,No,No,No,Yes,Yes,Yes,Month-to-month,No,Credit card (automatic),105.11,5645.39,Yes
7625-66050,Female,1,Yes,No,10,Yes,No,Fiber optic,No,Yes,No,No,Yes,Yes,Month-to-month,Yes,Bank transfer (automatic),118.52,1215.76,Yes
2159-95144,Female,0,Yes,No,5,Yes,No,Fiber optic,No,No,No,Yes,Yes,Yes,Month-to-month,Yes,Mailed check,91.64,448.43,Yes
9448-68190,Female,0,No,No,56,Yes,No,No,No internet service,No internet service,No internet service,No internet service,No internet service,No internet service,Month-to-month,Yes,Credit card (automatic),22.2,1275.22,No
3995-94979,Female,0,Yes,No,36,No,No phone service,Fiber optic,No,No,No,No,Yes,Yes,Month-to-month,Yes,Electronic check,88.4,3277.1,No
4631-14931,Male,0,Yes,Yes,22,Yes,No,Fiber optic,No,Yes,No,No,Yes,Yes,One year,No,Mailed check,84.48,1824.71,Yes
5271-76008,Female,1,Yes,No,22,Yes,Yes,No,No internet service,No internet service,No internet service,No internet service,No internet service,No internet service,Month-to-month,No,Mailed check,30.79,676.99,No
2374-50866,Male,1,No,No,28,Yes,No,No,No internet service,No internet service,No internet service,No internet service,No internet service,No internet service,Month-to-month,No,Credit card (automatic),26.42,738.49,No
1266-40233,Male,0,Yes,No,46,No,No phone service,DSL,No,Yes,No,Yes,No,Yes,Month-to-month,No,Credit card (automatic),60.26,2689.32,Yes
4580-79402,Male,0,No,No,33,Yes,Yes,DSL,No,No,No,No,No,No,One year,Yes,Credit card (automatic),48.88,1666.87,No
1365-16909,Male,0,No,No,53,Yes,Yes,Fiber optic,No,Yes,No,No,Yes,No,One year,Yes,Electronic check,98.2,5274.52,Yes
2331-67359,Male,0,No,No,43,Yes,Yes,Fiber optic,No,Yes,No,No,Yes,Yes,Month-to-month,Yes,Bank transfer (automatic),105.66,4609.65,Yes
8382-96628,Male,1,No,Yes,69,Yes,No,DSL,No,Yes,No,Yes,No,No,Two year,Yes,Mailed check,56.23,3958.99,No
2303-21037,Male,0,Yes,No,27,Yes,No,No,No internet service,No internet service,No internet service,No internet service,No internet service,No internet service,One year,No,Credit card (automatic),23.82,625.68,No
2716-68757,Male,0,Yes,Yes,40,Yes,No,DSL,No,No,Yes,Yes,No,Yes,Month-to-month,No,Bank transfer (automatic),69.85,2847.47,No
7410-68952,Male,0,No,No,29,No,No phone service,Fiber optic,No,No,Yes,No,No,Yes,Month-to-month,No,Credit card (automatic),97.37,2758.56,Yes
5881-44832,Male,0,Yes,No,64,Yes,No,No,No internet service,No internet service,No internet service,No internet service,No internet service,No internet service,Two year,Yes,Bank transfer (automatic),27.45,1808.77,No
8172-73723,Female,0,No,No,36,Yes,Yes,DSL,No,No,No,No,No,No,Month-to-month,Yes,Mailed check,62.21,2216.31,No
7746-49372,Male,1,No,No,29,Yes,No,No,No internet service,No internet service,No internet service,No internet service,No internet service,No internet service,Month-to-month,Yes,Credit card (automatic),20.75,619.49,No
4032-41279,Male,0,Yes,No,68,Yes,No,No,No internet service,No internet service,No internet service,No internet service,No internet service,No internet service,Month-to-month,No,Bank transfer (automatic),26.77,1840.65,No
5114-86003,Male,0,Yes,No,33,Yes,Yes,DSL,No,No,Yes,No,No,Yes,Month-to-month,Yes,Electronic check,85.49,2800.7,Yes
5618-34797,Male,0,No,Yes,56,Yes,No,DSL,No,Yes,No,Yes,Yes,No,Two year,Yes,Mailed check,57.2,3191.11,No
5869-87255,Female,0,No,Yes,13,Yes,No,No,No internet service,No internet service,No internet service,No internet service,No internet service,No internet service,Two year,Yes,Credit card (automatic),23.89,312.69,No
3414-55741,Female,0,No,No,27,Yes,No,No,No internet service,No internet service,No internet service,No internet service,No internet service,No internet service,Two year,Yes,Electronic check,27.53,714.99,No
5756-33003,Female,0,Yes,No,52,Yes,No,Fiber optic,No,No,No,No,No,Yes,One year,No,Electronic check,100.62,5092.32,No
7358-45106,Female,0,No,Yes,44,Yes,No,DSL,Yes,Yes,No,No,No,No,One year,No,Electronic check,60.85,2735.85,No
3565-13464,Male,0,Yes,No,1,No,No phone service,DSL,No,No,No,Yes,No,No,Month-to-month,Yes,Bank transfer (automatic),52.13,52.16,No
4729-30446,Female,0,Yes,No,51,Yes,Yes,DSL,No,Yes,Yes,No,No,No,Two year,No,Credit card (automatic),68.64,3515.32,No
7452-81808,Male,0,No,No,41,Yes,No,Fiber optic,No,No,No,No,Yes,No,Month-to-month,Yes,Electronic check,81.56,3331.23,Yes
5160-36738,Female,1,No,Yes,15,Yes,No,Fiber optic,No,Yes,No,No,No,Yes,Month-to-month,Yes,Credit card (automatic),78.21,1217.74,Yes
8211-55696,Male,0,Yes,No,40,Yes,Yes,Fiber optic,No,No,Yes,No,Yes,Yes,Two year,No,Electronic check,98.43,3943.86,No
3867-69415,Female,0,No,Yes,15,Yes,Yes,No,No internet service,No internet service,No internet service,No internet service,No internet service,No internet service,Two year,Yes,Mailed check,33.86,523.57,No
2859-79153,Male,0,Yes,Yes,27,Yes,No,DSL,Yes,Yes,No,No,No,Yes,Month-to-month,No,Credit card (automatic),73.85,1974.12,No
4055-10582,Female,0,Yes,No,33,No,No phone service,Fiber optic,No,No,No,Yes,No,Yes,Month-to-month,Yes,Credit card (automatic),81.95,2666.91,No
7406-93698,Male,0,Yes,No,16,Yes,No,DSL,Yes,No,No,No,Yes,No,Month-to-month,Yes,Credit card (automatic),79.61,1242.32,Yes
5963-43805,Female,0,No,Yes,43,No,No phone service,Fiber optic,No,No,No,No,Yes,No,One year,No,Mailed check,89.77,3719.96,No
2633-45085,Female,0,Yes,Yes,16,Yes,No,Fiber optic,No,No,Yes,No,Yes,Yes,Month-to-month,Yes,Credit card (automatic),119.0,1919.23,Yes
6548-90873,Female,0,No,No,8,Yes,No,No,No internet service,No internet service,No internet service,No internet service,No internet service,No internet service,Month-to-month,Yes,Credit card (automatic),24.73,197.92,No
5317-94806,Male,0,Yes,No,4,Yes,No,DSL,No,No,Yes,No,No,No,Month-to-month,No,Bank transfer (automatic),73.94,295.55,No
9255-40009,Male,1,Yes,Yes,46,Yes,Yes,No,No internet service,No internet service,No internet service,No internet service,No internet service,No internet service,Two year,Yes,Bank transfer (automatic),26.28,1194.98,No
2312-39093,Female,0,Yes,Yes,58,Yes,Yes,Fiber optic,No,No,Yes,No,No,Yes,Two year,No,Bank transfer (automatic),89.31,5141.62,No
5064-26354,Male,1,Yes,No,56,No,No phone service,DSL,No,Yes,No,No,No,No,Two year,No,Credit card (automatic),58.94,3346.97,No
3887-79728,Male,0,No,Yes,68,Yes,No,No,No internet service,No internet service,No internet service,No internet service,No internet service,No internet service,Two year,Yes,Mailed check,26.71,1785.68,No
1208-17295,Male,0,No,No,44,Yes,Yes,DSL,No,No,No,No,No,Yes,Month-to-month,No,Credit card (automatic),59.53,2521.34,No
2400-90413,Male,0,No,No,25,Yes,No,Fiber optic,No,No,No,No,Yes,No,Month-to-month,No,Credit card (automatic),73.78,1852.37,Yes
7579-58753,Male,0,Yes,No,33,Yes,No,Fiber optic,No,No,Yes,No,No,No,Month-to-month,Yes,Electronic check,110.77,3663.88,No
7816-68703,Male,0,No,No,7,Yes,No,Fiber optic,No,Yes,No,No,No,Yes,Month-to-month,Yes,Bank transfer (automatic),102.34,714.15,Yes
6215-85696,Female,0,No,No,55,No,No phone service,Fiber optic,No,No,No,No,No,Yes,One year,No,Credit card (automatic),96.33,5318.79,No
1302-47924,Female,0,Yes,Yes,42,Yes,No,No,No internet service,No internet service,No internet service,No internet service,No internet service,No internet service,Month-to-month,Yes,Credit card (automatic),27.77,1128.38,No
3603-16195,Male,0,No,No,21,Yes,No,Fiber optic,Yes,No,Yes,Yes,Yes,No,Two year,Yes,Electronic check,108.94,2302.0,No
9513-81883,Male,0,No,Yes,15,Yes,Yes,DSL,No,No,No,No,Yes,No,Month-to-month,Yes,Credit card (automatic),70.35,1065.66,Yes
4160-20382,Male,0,No,No,23,Yes,No,No,No internet service,No internet service,No internet service,No internet service,No internet service,No internet service,Month-to-month,Yes,Credit card (automatic),20.83,490.13,No
7490-99289,Female,0,No,Yes,19,Yes,No,DSL,No,No,No,No,Yes,Yes,One year,Yes,Credit card (automatic),75.87,1488.43,No
3530-42912,Male,0,No,No,41,Yes,Yes,Fiber optic,Yes,No,No,No,No,No,One year,Yes,Mailed check,113.87,4739.55,Yes
2743-52562,Female,0,No,Yes,38,Yes,No,No,No internet service,No internet service,No internet service,No internet service,No internet service,No internet service,Month-to-month,Yes,Credit card (automatic),23.35,884.3,No
3371-73010,Female,0,No,No,48,Yes,Yes,DSL,Yes,No,Yes,No,Yes,No,One year,No,Mailed check,84.87,4019.96,No
1455-58297,Female,0,No,No,59,Yes,Yes,DSL,No,Yes,No,Yes,No,No,One year,Yes,Electronic check,77.65,4485.57,No
8799-46177,Male,0,Yes,Yes,37,Yes,Yes,No,No internet service,No internet service,No internet service,No internet service,No internet service,No internet service,Month-to-month,No,Electronic check,31.18,1128.36,No
7027-31387,Female,0,No,No,5,Yes,No,DSL,No,No,No,No,Yes,No,Month-to-month,Yes,Mailed check,52.19,271.0,No
9747-94311,Female,0,No,Yes,70,Yes,Yes,Fiber optic,No,Yes,No,No,No,Yes,Two year,Yes,Bank transfer (automatic),104.12,7316.28,No
7101-37862,Female,0,Yes,No,45,Yes,No,DSL,No,No,No,No,No,No,Month-to-month,No,Mailed check,59.59,2759.17,Yes
7961-79747,Female,0,No,No,5,Yes,No,Fiber optic,No,Yes,No,No,Yes,No,Month-to-month,No,Electronic check,80.12,385.76,Yes
5934-69063,Female,0,No,No,55,Yes,Yes,No,No internet service,No internet service,No internet service,No internet service,No internet service,No internet service,Month-to-month,Yes,Electronic check,24.9,1351.06,No
7838-15022,Male,0,No,No,10,Yes,Yes,No,No internet service,No internet service,No internet service,No internet service,No internet service,No internet service,Month-to-month,No,Credit card (automatic),29.69,292.1,No
3019-13752,Female,0,No,No,44,Yes,Yes,Fiber optic,Yes,No,Yes,No,Yes,No,Two year,No,Mailed check,119.0,5217.8,No
5633-49618,Female,0,Yes,No,46,Yes,Yes,Fiber optic,No,No,No,No,Yes,No,Month-to-month,No,Bank transfer (automatic),100.95,4711.85,No
8761-67688,Male,0,No,No,30,Yes,No,DSL,No,No,No,No,No,No,Two year,Yes,Mailed check,68.74,2109.25,No
9057-81227,Male,0,No,No,64,Yes,No,Fiber optic,No,Yes,No,No,No,No,Two year,Yes,Electronic check,79.87,5067.48,No
1833-62799,Female,0,No,No,29,Yes,No,No,No internet service,No internet service,No internet service,No internet service,No internet service,No internet service,Month-to-month,Yes,Electronic check,27.09,802.65,No
6303-27983,Male,0,Yes,No,18,Yes,No,Fiber optic,No,Yes,Yes,No,Yes,Yes,Two year,Yes,Electronic check,116.23,2011.07,Yes
3455-49666,Male,0,Yes,Yes,13,Yes,No,Fiber optic,No,No,No,No,No,No,Two year,No,Bank transfer (automatic),83.96,1094.95,No
9430-19387,Female,0,No,No,56,Yes,No,DSL,No,Yes,No,No,No,Yes,Two year,No,Electronic check,56.12,3113.05,No
1104-29418,Female,1,Yes,Yes,14,Yes,No,Fiber optic,No,Yes,No,No,Yes,Yes,One year,No,Credit card (automatic),99.76,1419.14,No
1679-50643,Female,0,Yes,No,33,Yes,Yes,No,No internet service,No internet service,No internet service,No internet service,No internet service,No internet service,Month-to-month,Yes,Mailed check,29.49,972.64,Yes
4186-45962,Male,0,No,No,46,Yes,Yes,Fiber optic,No,No,No,No,No,No,Month-to-month,No,Credit card (automatic),98.18,4684.49,No
4168-92911,Male,0,No,No,13,Yes,Yes,Fiber optic,Yes,No,No,No,No,Yes,Month-to-month,No,Electronic check,98.93,1312.82,Yes
3479-11793,Female,0,No,Yes,48,Yes,No,Fiber optic,No,Yes,Yes,No,No,Yes,One year,No,Electronic check,119.0,5809.68,Yes
9729-18582,Female,1,No,Yes,11,Yes,No,DSL,No,No,No,No,No,Yes,Month-to-month,Yes,Bank transfer (automatic),55.11,628.39,Yes
5189-94796,Male,0,No,No,14,Yes,No,Fiber optic,No,No,No,Yes,No,Yes,One year,No,Credit card (automatic),82.23,1113.32,No
6132-39113,Male,0,No,No,56,Yes,No,DSL,No,No,Yes,No,No,No,Two year,Yes,Credit card (automatic),66.77,3718.36,No
9301-35805,Male,0,No,No,5,Yes,Yes,DSL,Yes,Yes,No,No,No,Yes,Month-to-month,Yes,Mailed check,64.34,325.84,No
8685-98395,Female,0,No,No,17,Yes,No,DSL,Yes,No,No,No,No,Yes,Two year,No,Mailed check,75.53,1249.28,No
9900-33671,Male,0,No,Yes,35,Yes,No,Fiber optic,No,No,No,No,Yes,Yes,Month-to-month,No,Bank transfer (automatic),92.88,3230.07,Yes
9939-30305,Female,0,Yes,No,1,Yes,Yes,No,No internet service,No internet service,No internet service,No internet service,No internet service,No internet service,Month-to-month,Yes,Mailed check,28.14,27.79,No
7962-25900,Male,1,Yes,No,65,No,No phone service,DSL,No,No,Yes,Yes,Yes,No,Two year,Yes,Electronic check,79.13,5074.72,No
3659-65621,Female,1,No,Yes,9,Yes,No,Fiber optic,No,No,No,Yes,No,Yes,Month-to-month,Yes,Bank transfer (automatic),79.27,697.7,No
4906-64014,Male,0,No,No,52,Yes,Yes,No,No internet service,No internet service,No internet service,No internet service,No internet service,No internet service,Month-to-month,No,Bank transfer (automatic),30.52,1630.62,No
8208-40920,Female,1,No,Yes,63,Yes,Yes,No,No internet service,No internet service,No internet service,No internet service,No internet service,No internet service,Two year,Yes,Mailed check,25.65,1585.17,No
2371-53199,Female,0,No,Yes,60,Yes,No,Fiber optic,No,No,Yes,No,Yes,Yes,Two year,Yes,Mailed check,101.28,6080.57,Yes
8388-73760,Male,0,No,Yes,35,Yes,No,Fiber optic,No,No,No,No,Yes,No,Two year,Yes,Electronic check,74.4,2584.03,No
4971-53303,Male,1,Yes,No,31,Yes,Yes,DSL,Yes,Yes,No,Yes,No,No,Month-to-month,Yes,Bank transfer (automatic),63.95,1996.55,No
7473-82289,Female,0,No,No,22,Yes,No,Fiber optic,No,Yes,No,No,No,No,Month-to-month,Yes,Credit card (automatic),80.64,1842.93,No
9130-39825,Female,0,No,Yes,6,Yes,Yes,Fiber optic,No,No,No,No,No,No,Month-to-month,Yes,Mailed check,93.57,573.02,Yes
9681-11353,Female,0,Yes,No,42,Yes,Yes,Fiber optic,No,No,No,Yes,Yes,Yes,Month-to-month,No,Credit card (automatic),106.7,4452.04,No
8575-22789,Female,0,No,No,68,Yes,Yes,DSL,No,No,Yes,Yes,No,No,Two year,Yes,Electronic check,86.89,5929.11,No
7720-65447,Female,0,No,No,42,Yes,No,DSL,No,No,No,No,Yes,Yes,Month-to-month,No,Credit card (automatic),51.05,2120.0,No
9592-50255,Female,0,No,Yes,58,Yes,Yes,DSL,Yes,Yes,No,No,No,Yes,One year,No,Credit card (automatic),74.7,4496.93,No
1800-93588,Male,0,Yes,Yes,2,Yes,No,DSL,No,Yes,No,No,Yes,No,Month-to-month,Yes,Bank transfer (automatic),57.69,114.86,No
8139-27875,Female,0,Yes,Yes,37,Yes,No,No,No internet service,No internet service,No internet service,No internet service,No internet service,No internet service,Month-to-month,No,Credit card (automatic),29.42,1094.77,No
2074-23480,Male,0,No,No,16,No,No phone service,DSL,No,No,No,No,Yes,No,Month-to-month,No,Credit card (automatic),65.89,1019.12,No
5181-64240,Male,0,No,No,34,Yes,Yes,DSL,Yes,No,No,No,Yes,No,Month-to-month,Yes,Electronic check,68.75,2307.23,Yes
8744-81448,Male,0,No,Yes,14,Yes,No,Fiber optic,No,No,No,No,Yes,Yes,Month-to-month,No,Mailed check,101.97,1468.78,No
9421-58372,Male,0,Yes,No,19,Yes,No,DSL,No,Yes,No,Yes,No,No,Two year,No,Mailed check,54.16,1040.26,No
5855-42329,Male,0,No,Yes,33,Yes,No,Fiber optic,No,Yes,Yes,No,Yes,Yes,One year,Yes,Mailed check,119.0,3793.69,No
4323-46011,Female,0,Yes,Yes,53,Yes,Yes,DSL,No,Yes,Yes,No,No,Yes,One year,Yes,Mailed check,65.11,3512.31,No
7921-51656,Male,0,Yes,No,0,Yes,Yes,No,No internet service,No internet service,No internet service,No internet service,No internet service,No internet service,Month-to-month,No,Credit card (automatic),27.99,,No
5706-95046,Male,1,Yes,Yes,35,Yes,Yes,No,No internet service,No internet service,No internet service,No internet service,No internet service,No internet service,One year,Yes,Mailed check,35.22,1232.16,No
7757-29837,Male,0,No,Yes,5,No,No phone service,Fiber optic,No,No,No,No,No,No,One year,Yes,Mailed check,106.73,546.98,Yes
8697-19832,Female,0,No,No,37,Yes,Yes,DSL,No,No,No,Yes,No,No,Month-to-month,No,Credit card (automatic),56.06,2079.43,Yes
5484-58693,Female,0,Yes,No,22,Yes,Yes,Fiber optic,No,Yes,No,Yes,No,Yes,One year,No,Credit card (automatic),119.0,2603.9,No
3669-64291,Female,0,No,No,59,No,No phone service,Fiber optic,No,No,No,No,Yes,No,Two year,Yes,Electronic check,78.93,4486.92,No
7247-82733,Male,0,No,No,63,Yes,No,DSL,Yes,Yes,No,No,No,No,Two year,Yes,Bank transfer (automatic),80.45,4893.93,No
4064-82690,Female,0,No,No,43,Yes,Yes,Fiber optic,No,Yes,Yes,No,No,No,Two year,Yes,Mailed check,119.0,4926.47,Yes
6636-40849,Female,0,No,No,41,Yes,No,DSL,No,Yes,No,No,No,No,Month-to-month,No,Bank transfer (automatic),63.96,2615.69,Yes
9763-74098,Male,1,No,No,34,Yes,No,DSL,No,No,No,Yes,Yes,Yes,Month-to-month,No,Mailed check,75.45,2614.42,Yes
8350-64232,Female,0,Yes,No,7,Yes,Yes,Fiber optic,Yes,No,No,No,Yes,Yes,Month-to-month,Yes,Bank transfer (automatic),101.34,689.5,No
6857-97208,Male,0,Yes,Yes,22,Yes,No,Fiber optic,No,No,Yes,No,No,Yes,Month-to-month,No,Credit card (automatic),111.73,2543.49,Yes
9226-38203,Female,0,No,No,26,Yes,No,Fiber optic,No,No,No,No,Yes,Yes,Month-to-month,Yes,Mailed check,82.73,2230.48,Yes
9408-99456,Female,1,No,Yes,39,Yes,Yes,Fiber optic,No,No,No,No,Yes,Yes,Month-to-month,Yes,Bank transfer (automatic),119.0,4769.87,Yes
8328-41572,Male,1,No,No,37,Yes,Yes,DSL,Yes,Yes,No,No,No,No,One year,Yes,Mailed check,80.99,2883.73,No
1107-50205,Female,0,No,No,37,No,No phone service,DSL,Yes,No,No,No,No,Yes,Month-to-month,No,Electronic check,70.72,2636.72,Yes
9918-17957,Male,0,No,No,37,Yes,No,DSL,Yes,No,No,No,No,Yes,One year,Yes,Mailed check,81.89,3142.12,No
7747-49142,Male,0,No,No,33,Yes,No,Fiber optic,No,Yes,No,No,Yes,Yes,Two year,No,Mailed check,84.87,2740.4,No
8471-11516,Female,0,No,No,44,Yes,Yes,DSL,Yes,No,Yes,No,Yes,No,Month-to-month,Yes,Bank transfer (automatic),68.85,3096.41,Yes
8103-50833,Female,0,Yes,Yes,31,Yes,Yes,Fiber optic,Yes,No,Yes,No,No,Yes,Month-to-month,No,Credit card (automatic),119.0,3821.27,Yes
3219-20562,Female,0,No,No,34,Yes,Yes,Fiber optic,No,No,No,No,Yes,Yes,One year,No,Mailed check,116.9,3943.52,Yes
8141-42497,Female,1,No,Yes,46,Yes,Yes,No,No internet service,No internet service,No internet service,No internet service,No internet service,No internet service,Month-to-month,No,Bank transfer (automatic),25.55,1190.98,No
1817-46102,Male,0,Yes,No,40,Yes,No,No,No internet service,No internet service,No internet service,No internet service,No internet service,No internet service,Month-to-month,No,Bank transfer (automatic),27.91,1158.46,No
4330-89107,Female,0,Yes,No,41,Yes,Yes,Fiber optic,No,No,No,No,No,No,Two year,Yes,Mailed check,111.08,4410.98,No
8381-89929,Female,0,No,No,10,No,No phone service,No,No internet service,No internet service,No internet service,No internet service,No internet service,No internet service,Month-to-month,No,Credit card (automatic),23.88,229.73,No
4371-10102,Female,0,No,No,43,Yes,No,No,No internet service,No internet service,No internet service,No internet service,No internet service,No internet service,One year,No,Bank transfer (automatic),27.16,1213.66,No
9402-46015,Female,0,Yes,Yes,14,Yes,Yes,DSL,No,Yes,No,Yes,No,No,Two year,No,Bank transfer (automatic),67.41,935.5,No
5337-51817,Female,0,Yes,Yes,39,No,No phone service,Fiber optic,No,Yes,No,No,Yes,Yes,Month-to-month,No,Bank transfer (automatic),84.57,3254.91,No
9688-87517,Female,0,Yes,No,35,Yes,No,DSL,No,Yes,No,No,Yes,Yes,One year,Yes,Mailed check,78.11,2626.81,No
8432-68400,Male,0,Yes,Yes,4,Yes,Yes,No,No internet service,No internet service,No internet service,No internet service,No internet service,No internet service,Month-to-month,No,Electronic check,29.7,117.59,No
5986-53330,Male,0,No,No,37,Yes,No,Fiber optic,No,Yes,No,No,Yes,Yes,Month-to-month,Yes,Mailed check,112.57,4176.51,Yes
7805-45475,Male,0,No,No,47,No,No phone service,DSL,Yes,No,No,No,No,No,Month-to-month,Yes,Credit card (automatic),68.33,3090.75,No
8773-62334,Female,0,No,No,11,Yes,Yes,No,No internet service,No internet service,No internet service,No internet service,No internet service,No internet service,One year,Yes,Credit card (automatic),28.56,310.02,No
2207-52440,Female,0,Yes,Yes,5,Yes,No,No,No internet service,No internet service,No internet service,No internet service,No internet service,No internet service,One year,Yes,Credit card (automatic),24.27,120.61,No
2189-51083,Male,1,Yes,Yes,13,Yes,No,Fiber optic,No,No,Yes,No,No,Yes,Two year,No,Mailed check,107.35,1394.8,No
3609-48171,Female,1,Yes,No,18,Yes,Yes,Fiber optic,No,No,No,No,Yes,Yes,One year,No,Mailed check,118.03,2058.01,Yes
7065-84508,Female,0,No,No,14,Yes,No,DSL,Yes,No,No,Yes,Yes,No,Month-to-month,Yes,Credit card (automatic),60.92,836.35,No
9753-21020,Male,0,No,No,32,Yes,No,Fiber optic,No,Yes,No,Yes,No,No,Two year,Yes,Credit card (automatic),108.45,3463.53,No
2535-42723,Male,0,Yes,No,28,Yes,No,Fiber optic,Yes,Yes,No,Yes,No,No,Month-to-month,No,Credit card (automatic),101.6,2938.32,No
7793-92044,Female,0,No,No,9,Yes,Yes,Fiber optic,No,Yes,Yes,No,No,Yes,One year,No,Mailed check,110.0,953.0,No
3834-96282,Male,0,Yes,Yes,18,Yes,Yes,Fiber optic,No,Yes,No,No,No,Yes,Month-to-month,Yes,Mailed check,104.48,1905.5,No
2127-77387,Female,0,Yes,No,13,Yes,No,DSL,No,No,No,No,Yes,No,Two year,Yes,Bank transfer (automatic),52.44,677.45,No
4180-23921,Female,0,No,No,50,Yes,Yes,Fiber optic,No,No,No,No,No,No,Two year,No,Mailed check,106.4,5471.2,No
1567-11299,Female,0,Yes,No,48,Yes,Yes,DSL,No,No,No,No,Yes,No,Month-to-month,Yes,Mailed check,57.5,2756.67,No
1248-96190,Male,0,No,No,25,Yes,Yes,No,No internet service,No internet service,No internet service,No internet service,No internet service,No internet service,Month-to-month,No,Credit card (automatic),29.73,768.26,No
2080-63319,Female,0,Yes,No,31,Yes,Yes,Fiber optic,No,No,No,Yes,Yes,No,Month-to-month,Yes,Mailed check,94.54,2872.8,Yes
6659-83724,Male,0,No,No,35,No,No phone service,DSL,No,No,Yes,No,Yes,No,Month-to-month,Yes,Credit card (automatic),70.04,2377.74,No
1037-74683,Male,0,Yes,Yes,55,Yes,Yes,DSL,Yes,No,No,Yes,Yes,No,Month-to-month,Yes,Credit card (automatic),70.77,3855.04,No
1632-93677,Male,0,Yes,Yes,42,Yes,No,No,No internet service,No internet service,No internet service,No internet service,No internet service,No internet service,One year,Yes,Bank transfer (automatic),19.82,822.18,No
6909-99008,Male,0,Yes,No,34,Yes,Yes,No,No internet service,No internet service,No internet service,No internet service,No internet service,No internet service,Month-to-month,No,Credit card (automatic),32.03,1064.23,No
9163-34844,Male,0,No,No,47,No,No phone service,No,No internet service,No internet service,No internet service,No internet service,No internet service,No internet service,Month-to-month,No,Mailed check,20.79,961.59,No
2949-91337,Female,0,No,No,51,Yes,Yes,Fiber optic,Yes,No,Yes,No,No,Yes,Two year,Yes,Mailed check,86.1,4397.62,No
3732-33941,Male,1,No,No,59,No,No phone service,Fiber optic,No,No,No,Yes,Yes,Yes,One year,Yes,Electronic check,93.97,5484.35,No
2538-73541,Female,0,Yes,No,27,Yes,No,Fiber optic,No,No,Yes,No,No,No,Month-to-month,No,Bank transfer (automatic),100.46,2640.7,Yes
2423-60631,Male,1,Yes,Yes,64,Yes,No,DSL,No,Yes,No,Yes,Yes,No,Two year,Yes,Mailed check,60.05,3971.45,No
6253-34899,Male,0,Yes,No,28,Yes,No,DSL,Yes,Yes,No,No,Yes,No,Two year,Yes,Bank transfer (automatic),80.54,2191.58,No
2645-11304,Female,0,No,Yes,61,Yes,Yes,Fiber optic,No,No,No,No,Yes,No,Two year,Yes,Credit card (automatic),100.93,6080.54,Yes
8542-36914,Female,0,Yes,No,30,Yes,No,Fiber optic,No,No,Yes,No,Yes,Yes,Month-to-month,Yes,Credit card (automatic),115.02,3472.92,No
8033-67838,Female,0,Yes,No,35,Yes,No,Fiber optic,No,Yes,No,No,No,Yes,Month-to-month,No,Electronic check,115.51,3972.86,Yes
4772-57803,Female,0,No,Yes,4,Yes,No,DSL,No,Yes,Yes,Yes,No,Yes,Month-to-month,Yes,Credit card (automatic),76.64,311.23,Yes
1637-76336,Male,1,No,No,30,Yes,No,Fiber optic,No,No,Yes,No,No,Yes,Two year,Yes,Bank transfer (automatic),116.35,3369.09,No
8947-57300,Male,0,Yes,No,45,Yes,No,Fiber optic,No,No,Yes,No,Yes,Yes,Two year,Yes,Credit card (automatic),103.95,4603.59,No
8382-47402,Female,0,Yes,No,56,Yes,No,No,No internet service,No internet service,No internet service,No internet service,No internet service,No internet service,One year,No,Electronic check,22.54,1309.56,No
7301-88119,Female,0,Yes,Yes,7,Yes,Yes,Fiber optic,No,Yes,Yes,Yes,Yes,No,Month-to-month,No,Bank transfer (automatic),119.0,842.78,Yes
8761-85207,Male,0,No,Yes,27,Yes,Yes,DSL,No,No,No,Yes,No,No,Month-to-month,Yes,Electronic check,56.72,1497.33,No
5363-48659,Male,0,Yes,No,34,Yes,No,DSL,No,Yes,No,No,Yes,No,One year,Yes,Credit card (automatic),71.77,2392.5,No
1006-76882,Female,0,No,No,19,No,No phone service,Fiber optic,No,Yes,Yes,No,No,Yes,Month-to-month,Yes,Electronic check,103.05,2017.23,Yes
3333-64603,Female,0,Yes,No,34,Yes,Yes,DSL,No,No,No,Yes,Yes,Yes,Month-to-month,Yes,Electronic check,74.09,2578.55,Yes
4551-72522,Male,0,No,Yes,54,Yes,Yes,No,No internet service,No internet service,No internet service,No internet service,No internet service,No internet service,One year,Yes,Electronic check,28.31,1565.37,No
5340-44357,Male,0,No,No,40,Yes,Yes,Fiber optic,No,No,No,No,No,Yes,One year,Yes,Bank transfer (automatic),84.86,3487.79,No
3869-80194,Female,0,Yes,No,45,Yes,No,Fiber optic,No,No,Yes,No,Yes,Yes,Month-to-month,No,Bank transfer (automatic),119.0,5177.44,No
4170-57464,Male,0,Yes,Yes,8,Yes,No,Fiber optic,No,No,Yes,No,No,Yes,One year,No,Bank transfer (automatic),97.67,780.26,No
4905-95057,Male,0,Yes,No,39,Yes,No,DSL,No,No,Yes,No,Yes,No,Month-to-month,Yes,Mailed check,80.87,3228.33,No
7602-23562,Male,0,No,No,10,Yes,No,Fiber optic,No,Yes,No,No,Yes,No,Month-to-month,Yes,Bank transfer (automatic),93.65,922.75,No
1592-11024,Female,0,No,No,15,Yes,Yes,Fiber optic,No,No,No,No,No,No,Month-to-month,Yes,Mailed check,111.39,1735.84,Yes
1589-93661,Male,0,No,No,47,Yes,No,Fiber optic,Yes,No,Yes,Yes,No,No,Month-to-month,Yes,Bank transfer (automatic),113.5,5494.58,No
6791-76997,Male,0,Yes,Yes,4,Yes,Yes,Fiber optic,No,No,No,No,Yes,No,Month-to-month,No,Credit card (automatic),76.39,303.64,Yes
4414-88332,Male,0,Yes,No,37,Yes,No,Fiber optic,No,Yes,Yes,No,Yes,No,Month-to-month,No,Mailed check,98.75,3797.89,No
4508-23174,Female,0,No,Yes,34,Yes,No,Fiber optic,No,No,No,No,Yes,No,Month-to-month,No,Credit card (automatic),90.44,3132.79,Yes
6154-62217,Male,0,No,No,9,Yes,No,Fiber optic,Yes,No,No,No,Yes,No,Month-to-month,No,Electronic check,78.12,692.59,Yes
7825-87562,Male,0,No,No,67,Yes,No,No,No internet service,No internet service,No internet service,No internet service,No internet service,No internet service,Month-to-month,Yes,Credit card (automatic),24.56,1649.9,No
5545-70644,Male,0,No,No,36,Yes,Yes,Fiber optic,No,No,No,No,No,Yes,One year,No,Electronic check,112.78,4174.45,No
8813-99243,Female,0,No,No,22,Yes,No,DSL,No,No,No,Yes,No,No,Month-to-month,No,Credit card (automatic),45.51,1041.06,No
9179-89750,Female,0,No,No,43,No,No phone service,Fiber optic,No,No,No,No,No,Yes,Month-to-month,No,Electronic check,85.56,3584.95,Yes
9362-98247,Female,0,No,Yes,35,No,No phone service,Fiber optic,No,No,No,No,No,Yes,Month-to-month,Yes,Mailed check,91.45,3226.98,Yes
4789-79719,Male,0,No,No,56,Yes,Yes,DSL,No,No,No,No,No,Yes,Month-to-month,Yes,Credit card (automatic),59.2,3381.29,Yes
6490-13360,Female,1,No,No,35,No,No phone service,Fiber optic,No,No,No,No,Yes,Yes,One year,No,Electronic check,75.61,2679.02,No
7207-31590,Male,0,No,No,61,Yes,No,Fiber optic,No,No,No,No,Yes,No,Two year,Yes,Credit card (automatic),76.71,4799.49,No
1609-63608,Female,0,Yes,No,24,Yes,Yes,Fiber optic,No,No,No,No,No,Yes,Month-to-month,No,Bank transfer (automatic),106.53,2599.81,Yes
4608-44215,Male,0,No,No,11,Yes,Yes,DSL,No,No,Yes,No,No,Yes,Month-to-month,No,Mailed check,77.62,863.28,No
4572-72477,Female,0,No,No,45,Yes,Yes,DSL,No,No,No,No,No,No,Month-to-month,No,Bank transfer (automatic),52.08,2406.68,No
1218-90637,Female,0,Yes,No,25,Yes,Yes,Fiber optic,No,No,Yes,No,No,Yes,Month-to-month,No,Credit card (automatic),100.08,2481.93,Yes
9336-11882,Male,0,No,No,33,Yes,Yes,DSL,No,Yes,Yes,No,No,Yes,Two year,No,Mailed check,81.15,2688.33,No
6240-19933,Female,0,Yes,No,34,Yes,No,No,No internet service,No internet service,No internet service,No internet service,No internet service,No internet service,One year,No,Bank transfer (automatic),20.42,697.07,No
1017-31456,Male,0,Yes,Yes,49,Yes,No,Fiber optic,No,Yes,No,No,Yes,Yes,One year,No,Electronic check,83.61,4101.26,Yes
7950-17155,Male,0,Yes,No,18,Yes,No,DSL,No,Yes,No,No,Yes,No,Two year,Yes,Credit card (automatic),52.6,925.95,No
6869-31297,Male,1,No,No,60,Yes,Yes,Fiber optic,No,Yes,No,No,Yes,Yes,One year,No,Credit card (automatic),91.66,5505.78,No
6747-27072,Female,0,No,No,43,Yes,No,No,No internet service,No internet service,No internet service,No internet service,No internet service,No internet service,Month-to-month,Yes,Mailed check,22.12,948.6,No
9571-73194,Male,0,No,No,15,Yes,No,Fiber optic,No,Yes,No,Yes,Yes,Yes,One year,Yes,Credit card (automatic),95.87,1408.11,No
1469-31485,Female,0,Yes,No,2,Yes,Yes,Fiber optic,No,No,No,No,Yes,Yes,One year,Yes,Credit card (automatic),108.48,208.63,No
3811-62486,Female,0,No,No,25,Yes,No,Fiber optic,No,No,No,Yes,Yes,Yes,Month-to-month,Yes,Mailed check,94.25,2431.48,Yes
3509-80234,Female,0,Yes,No,39,Yes,No,DSL,No,No,No,No,Yes,Yes,One year,No,Credit card (automatic),69.68,2657.29,No
5459-35939,Female,1,Yes,Yes,67,Yes,Yes,Fiber optic,No,No,No,No,Yes,No,Month-to-month,Yes,Bank transfer (automatic),105.48,7051.69,No
8920-99363,Male,1,Yes,No,9,Yes,Yes,DSL,No,No,No,Yes,No,No,Month-to-month,Yes,Credit card (automatic),66.68,601.53,No
1600-30839,Female,0,No,No,7,Yes,No,Fiber optic,No,No,No,No,Yes,Yes,One year,Yes,Bank transfer (automatic),83.6,569.65,Yes
4582-44993,Male,0,Yes,No,48,Yes,Yes,DSL,Yes,No,No,Yes,Yes,No,Month-to-month,Yes,Credit card (automatic),68.12,3258.38,No
4842-71454,Female,0,No,No,33,Yes,No,Fiber optic,No,No,No,No,Yes,No,Month-to-month,Yes,Mailed check,100.31,3209.92,Yes
8694-24863,Male,0,No,No,14,Yes,Yes,No,No internet service,No internet service,No internet service,No internet service,No internet service,No internet service,Month-to-month,Yes,Bank transfer (automatic),29.97,403.18,No
8696-39258,Female,0,Yes,No,26,Yes,Yes,Fiber optic,No,No,No,No,Yes,Yes,One year,Yes,Credit card (automatic),88.66,2269.5,Yes
2336-67820,Female,1,No,No,61,Yes,No,DSL,No,Yes,Yes,No,Yes,No,Two year,Yes,Bank transfer (automatic),54.97,3440.92,Yes
1747-81216,Female,0,Yes,Yes,56,Yes,Yes,Fiber optic,No,No,No,No,Yes,Yes,One year,Yes,Mailed check,90.78,4920.05,No
8343-88788,Male,0,Yes,No,40,Yes,Yes,DSL,No,Yes,No,No,Yes,Yes,One year,Yes,Credit card (automatic),82.65,3376.57,No
2298-33525,Female,0,Yes,Yes,41,Yes,No,Fiber optic,No,No,No,No,No,Yes,Month-to-month,No,Credit card (automatic),80.4,3206.62,Yes
7757-17684,Male,0,No,No,57,Yes,No,Fiber optic,No,Yes,No,Yes,Yes,No,One year,Yes,Credit card (automatic),84.38,4964.83,No
3138-82969,Male,1,No,No,11,Yes,No,DSL,Yes,Yes,Yes,No,Yes,No,Month-to-month,Yes,Bank transfer (automatic),64.9,711.74,Yes
9762-65577,Male,0,No,No,4,Yes,No,Fiber optic,Yes,No,No,No,Yes,No,Month-to-month,Yes,Mailed check,102.76,414.05,No
1918-76864,Female,0,No,No,2,Yes,No,Fiber optic,No,No,No,No,Yes,Yes,One year,No,Bank transfer (automatic),104.81,209.47,Yes
8025-13437,Female,1,Yes,No,33,Yes,Yes,No,No internet service,No internet service,No internet service,No internet service,No internet service,No internet service,Month-to-month,Yes,Mailed check,28.6,932.68,No
4972-80185,Female,0,No,No,29,Yes,Yes,DSL,No,No,Yes,No,No,No,Two year,No,Bank transfer (automatic),58.49,1743.67,No
3688-96243,Male,0,Yes,No,37,Yes,Yes,Fiber optic,No,No,No,No,Yes,Yes,Month-to-month,Yes,Mailed check,85.52,3275.43,No
8946-94818,Male,0,Yes,Yes,43,No,No phone service,No,No internet service,No internet service,No internet service,No internet service,No internet service,No internet service,One year,Yes,Mailed check,19.08,822.51,No
5262-27182,Female,0,No,Yes,28,Yes,Yes,DSL,Yes,Yes,No,No,Yes,No,Month-to-month,No,Credit card (automatic),61.69,1760.36,No
9409-98509,Male,0,Yes,No,19,Yes,No,Fiber optic,No,No,No,No,Yes,Yes,One year,Yes,Bank transfer (automatic),98.73,1888.92,No
2137-42719,Male,0,Yes,No,5,Yes,No,Fiber optic,No,No,No,No,Yes,No,One year,Yes,Bank transfer (automatic),75.05,382.14,No
3972-76977,Female,0,Yes,No,30,Yes,Yes,DSL,No,No,No,No,No,No,Month-to-month,Yes,Credit card (automatic),52.26,1516.41,No
4866-73743,Male,1,Yes,Yes,25,Yes,No,No,No internet service,No internet service,No internet service,No internet service,No internet service,No internet service,Two year,Yes,Mailed check,25.91,663.94,No
6175-36881,Female,0,No,Yes,19,Yes,No,Fiber optic,Yes,No,Yes,No,No,Yes,One year,Yes,Mailed check,114.24,2248.15,No
4623-73884,Female,1,No,No,49,No,No phone service,Fiber optic,No,No,No,No,Yes,Yes,Month-to-month,Yes,Electronic check,91.0,4400.52,No
7058-77204,Female,1,No,No,57,Yes,Yes,Fiber optic,No,No,No,No,No,Yes,One year,Yes,Electronic check,85.38,4908.91,No
6211-99879,Female,0,Yes,Yes,13,Yes,No,Fiber optic,No,No,No,No,Yes,No,Month-to-month,Yes,Mailed check,110.53,1417.39,Yes
5429-27751,Female,0,No,Yes,53,Yes,Yes,DSL,No,No,No,No,No,No,Two year,Yes,Mailed check,68.06,3635.89,No
8734-94402,Female,0,No,Yes,18,Yes,Yes,No,No internet service,No internet service,No internet service,No internet service,No internet service,No internet service,Month-to-month,Yes,Credit card (automatic),33.85,610.6,No
2478-79527,Male,0,No,No,44,Yes,No,Fiber optic,No,No,No,No,No,No,Two year,Yes,Mailed check,103.4,4470.96,No
4076-13457,Male,0,No,No,10,Yes,No,Fiber optic,No,No,No,No,No,Yes,Month-to-month,Yes,Credit card (automatic),113.44,1148.36,Yes
5868-67845,Male,0,No,No,13,Yes,No,No,No internet service,No internet service,No internet service,No internet service,No internet service,No internet service,Two year,Yes,Mailed check,27.14,345.08,No
3586-63652,Female,0,No,No,67,Yes,Yes,Fiber optic,Yes,No,No,No,Yes,Yes,Two year,Yes,Bank transfer (automatic),114.54,7813.01,No
9131-27229,Female,0,No,No,43,Yes,No,DSL,Yes,Yes,Yes,No,Yes,No,Two year,Yes,Mailed check,75.27,3332.81,No
6402-97863,Male,0,Yes,No,28,Yes,Yes,DSL,Yes,Yes,No,No,No,Yes,Two year,Yes,Bank transfer (automatic),77.79,2141.92,No
5130-87101,Female,0,Yes,No,26,Yes,Yes,No,No internet service,No internet service,No internet service,No internet service,No internet service,No internet service,One year,Yes,Electronic check,27.25,736.62,No
4354-43676,Male,0,No,No,11,Yes,Yes,Fiber optic,No,No,No,No,Yes,Yes,Month-to-month,No,Electronic check,106.04,1167.65,Yes
2301-86553,Female,0,Yes,No,2,Yes,Yes,Fiber optic,No,No,No,No,No,Yes,Month-to-month,Yes,Mailed check,91.57,180.44,No
5408-52209,Female,1,Yes,No,56,Yes,No,Fiber optic,Yes,No,No,No,Yes,No,One year,Yes,Bank transfer (automatic),88.47,5089.35,No
5680-41811,Female,1,No,No,7,No,No phone service,Fiber optic,No,No,No,Yes,No,Yes,One year,Yes,Credit card (automatic),81.19,571.47,No
9301-14452,Male,0,Yes,No,11,Yes,Yes,Fiber optic,No,No,Yes,No,Yes,Yes,Month-to-month,Yes,Credit card (automatic),90.39,982.19,Yes
9424-70358,Male,0,Yes,Yes,40,Yes,No,No,No internet service,No internet service,No internet service,No internet service,No internet service,No internet service,One year,Yes,Credit card (automatic),20.01,816.9,No
6585-66643,Female,0,No,No,66,Yes,Yes,DSL,Yes,Yes,Yes,No,No,No,Month-to-month,No,Bank transfer (automatic),79.24,5357.75,No
5111-90014,Female,0,Yes,No,27,Yes,No,DSL,Yes,No,Yes,No,No,No,One year,Yes,Mailed check,52.83,1394.1,No
5050-43496,Female,0,Yes,No,18,Yes,No,No,No internet service,No internet service,No internet service,No internet service,No internet service,No internet service,Month-to-month,Yes,Credit card (automatic),26.47,459.51,No
3211-53465,Male,0,Yes,Yes,17,Yes,Yes,DSL,No,No,Yes,No,Yes,No,Two year,Yes,Electronic check,72.63,1242.47,No
7449-47895,Male,0,Yes,No,21,Yes,Yes,No,No internet service,No internet service,No internet service,No internet service,No internet service,No internet service,Month-to-month,Yes,Electronic check,27.58,585.01,No
7969-63786,Male,0,Yes,No,46,Yes,Yes,No,No internet service,No internet service,No internet service,No internet service,No internet service,No internet service,Month-to-month,No,Credit card (automatic),34.99,1670.22,No
1506-59207,Female,0,No,No,18,Yes,No,Fiber optic,No,No,Yes,No,No,No,One year,No,Credit card (automatic),83.41,1514.21,No
2221-51355,Male,1,Yes,No,0,Yes,No,DSL,Yes,Yes,No,No,Yes,No,Month-to-month,Yes,Mailed check,68.74,,No
3949-42736,Male,0,Yes,Yes,37,Yes,No,DSL,Yes,Yes,No,No,No,Yes,Month-to-month,Yes,Bank transfer (automatic),60.29,2156.03,No
2459-41753,Male,0,No,Yes,33,Yes,No,DSL,No,No,No,No,Yes,No,One year,No,Mailed check,60.03,1951.51,No
9070-32028,Female,1,Yes,No,53,Yes,No,Fiber optic,No,No,Yes,No,No,No,Two year,No,Mailed check,108.78,5872.22,No
7846-41581,Female,0,Yes,Yes,37,No,No phone service,No,No internet service,No internet service,No internet service,No internet service,No internet service,No internet service,One year,Yes,Bank transfer (automatic),26.41,974.53,No
7561-71955,Female,0,Yes,No,1,Yes,No,Fiber optic,No,No,No,No,Yes,Yes,Month-to-month,Yes,Credit card (automatic),83.96,86.15,No
4720-60908,Male,0,Yes,No,25,Yes,Yes,DSL,Yes,Yes,No,No,No,No,Month-to-month,Yes,Electronic check,78.26,1889.17,No
1637-18967,Male,1,Yes,No,2,No,No phone service,DSL,No,Yes,No,No,No,No,One year,Yes,Credit card (automatic),74.08,145.22,Yes
2526-98114,Male,0,Yes,Yes,40,No,No phone service,Fiber optic,No,No,Yes,No,No,No,One year,No,Electronic check,92.56,3778.59,No
2278-71113,Male,0,No,No,58,Yes,No,DSL,No,Yes,Yes,Yes,No,No,Two year,No,Credit card (automatic),68.57,4093.99,No
2836-59134,Female,0,No,No,6,Yes,No,Fiber optic,No,No,No,No,No,Yes,Month-to-month,No,Bank transfer (automatic),97.31,574.26,Yes
8460-16816,Female,0,No,Yes,39,No,No phone service,DSL,Yes,No,No,No,No,No,Month-to-month,Yes,Bank transfer (automatic),72.94,2791.09,Yes
1414-90686,Female,0,Yes,Yes,57,Yes,No,Fiber optic,No,No,Yes,No,No,No,Two year,Yes,Bank transfer (automatic),87.15,5113.52,No
6895-73427,Male,0,No,No,44,Yes,Yes,No,No internet service,No internet service,No internet service,No internet service,No internet service,No internet service,Month-to-month,No,Credit card (automatic),28.09,1188.57,No
1667-81892,Male,0,No,Yes,50,Yes,No,Fiber optic,Yes,No,No,No,Yes,Yes,Two year,No,Electronic check,113.35,5819.55,No
4359-30302,Female,0,Yes,Yes,1,Yes,No,No,No internet service,No internet service,No internet service,No internet service,No internet service,No internet service,Month-to-month,No,Bank transfer (automatic),22.21,22.68,No
1210-22713,Male,0,No,No,19,Yes,No,No,No internet service,No internet service,No internet service,No internet service,No internet service,No internet service,One year,Yes,Mailed check,19.13,362.25,No
3005-82453,Male,0,No,No,60,Yes,No,DSL,No,Yes,Yes,Yes,Yes,No,Month-to-month,Yes,Credit card (automatic),64.87,3926.38,No
6416-32723,Male,0,Yes,Yes,65,Yes,Yes,DSL,No,No,No,Yes,Yes,Yes,Two year,Yes,Bank transfer (automatic),91.36,6172.75,No
3616-31809,Male,0,No,No,49,Yes,Yes,No,No internet service,No internet service,No internet service,No internet service,No internet service,No internet service,Two year,No,Bank transfer (automatic),27.69,1371.17,No
1417-61406,Female,0,Yes,No,23,Yes,Yes,Fiber optic,No,No,No,No,Yes,No,Month-to-month,No,Bank transfer (automatic),86.34,1957.32,Yes
7052-66217,Female,1,Yes,No,49,Yes,Yes,No,No internet service,No internet service,No internet service,No internet service,No internet service,No internet service,One year,No,Electronic check,29.82,1443.67,No
9201-64490,Male,1,Yes,No,22,Yes,No,DSL,Yes,Yes,Yes,No,No,No,Month-to-month,Yes,Credit card (automatic),65.76,1469.82,Yes
7144-86975,Female,0,Yes,Yes,31,Yes,Yes,No,No internet service,No internet service,No internet service,No internet service,No internet service,No internet service,Month-to-month,Yes,Bank transfer (automatic),27.61,867.98,No
2285-84286,Male,0,No,Yes,11,Yes,Yes,No,No internet service,No internet service,No internet service,No internet service,No internet service,No internet service,One year,No,Bank transfer (automatic),32.97,377.11,No
2174-99835,Male,0,No,No,18,Yes,No,DSL,Yes,Yes,No,No,No,Yes,One year,No,Credit card (automatic),67.82,1242.65,No
7761-66229,Male,0,Yes,No,30,Yes,No,DSL,No,No,No,No,Yes,No,Month-to-month,Yes,Electronic check,53.52,1637.79,No
3887-54049,Female,0,No,No,70,Yes,Yes,Fiber optic,No,No,No,No,Yes,Yes,Month-to-month,No,Bank transfer (automatic),116.52,8108.56,Yes
6167-31467,Female,1,No,No,11,Yes,No,Fiber optic,No,Yes,No,No,No,Yes,Month-to-month,Yes,Mailed check,109.28,1177.81,Yes
1330-63473,Female,0,No,No,70,Yes,No,DSL,Yes,Yes,No,No,No,No,Month-to-month,No,Credit card (automatic),63.24,4589.41,No
5526-50423,Male,0,No,No,23,Yes,Yes,DSL,No,Yes,Yes,No,No,No,Month-to-month,No,Mailed check,74.78,1660.86,Yes
3430-12302,Male,1,No,No,45,Yes,No,No,No internet service,No internet service,No internet service,No internet service,No internet service,No internet service,Month-to-month,No,Credit card (automatic),22.05,965.86,No
5417-19738,Female,0,No,No,26,Yes,No,DSL,No,No,Yes,No,No,Yes,Two year,Yes,Mailed check,66.99,1775.0,No
4287-46256,Male,0,Yes,No,26,Yes,No,No,No internet service,No internet service,No internet service,No internet service,No internet service,No internet service,Month-to-month,No,Credit card (automatic),29.5,739.81,No
3365-78740,Male,0,No,No,25,Yes,Yes,DSL,No,No,Yes,No,No,No,Two year,Yes,Bank transfer (automatic),55.95,1384.61,No
9180-51668,Female,0,Yes,No,42,Yes,No,No,No internet service,No internet service,No internet service,No internet service,No internet service,No internet service,Month-to-month,Yes,Electronic check,29.82,1301.77,No
6728-20790,Female,1,Yes,No,6,Yes,Yes,DSL,Yes,No,Yes,No,No,No,Month-to-month,Yes,Bank transfer (automatic),72.77,453.48,No
3708-88206,Male,0,Yes,No,4,Yes,No,DSL,Yes,No,Yes,No,Yes,No,Month-to-month,No,Electronic check,63.56,260.19,Yes
2196-86965,Male,0,Yes,No,25,Yes,Yes,No,No internet service,No internet service,No internet service,No internet service,No internet service,No internet service,Month-to-month,Yes,Bank transfer (automatic),29.9,763.28,No
5791-79940,Female,0,No,No,59,Yes,Yes,DSL,Yes,No,No,Yes,No,No,One year,Yes,Mailed check,77.63,4707.39,No
7636-77299,Male,1,No,No,45,Yes,No,DSL,Yes,No,No,No,No,Yes,Month-to-month,Yes,Credit card (automatic),66.28,3056.24,No
4050-92933,Male,0,No,Yes,11,Yes,Yes,Fiber optic,No,No,No,No,No,Yes,Month-to-month,Yes,Credit card (automatic),96.58,1029.76,Yes
4200-65157,Male,0,No,No,11,No,No phone service,Fiber optic,No,No,Yes,No,No,No,Month-to-month,Yes,Electronic check,92.19,978.03,Yes
3798-45515,Male,0,Yes,No,35,Yes,Yes,Fiber optic,No,No,Yes,Yes,No,Yes,Two year,No,Credit card (automatic),116.54,4150.81,No
2424-92232,Female,1,No,No,71,Yes,No,DSL,No,No,No,Yes,No,Yes,Month-to-month,Yes,Electronic check,58.63,4287.02,No
2361-38865,Female,0,Yes,Yes,46,Yes,No,No,No internet service,No internet service,No internet service,No internet service,No internet service,No internet service,Month-to-month,No,Bank transfer (automatic),25.28,1171.86,No
3743-45663,Female,0,Yes,No,4,Yes,Yes,DSL,No,Yes,No,No,No,Yes,Month-to-month,Yes,Mailed check,75.47,303.31,No
3824-76764,Male,1,No,No,15,Yes,Yes,No,No internet service,No internet service,No internet service,No internet service,No internet service,No internet service,One year,No,Bank transfer (automatic),33.2,507.01,No
3189-71478,Male,0,No,Yes,56,Yes,No,Fiber optic,No,Yes,No,No,No,No,Two year,Yes,Credit card (automatic),108.23,6156.15,Yes
2107-18498,Female,0,Yes,No,31,Yes,No,DSL,Yes,No,Yes,Yes,No,No,Month-to-month,No,Bank transfer (automatic),60.42,1860.58,No
2590-40672,Male,0,Yes,No,19,Yes,Yes,Fiber optic,No,No,No,Yes,No,No,Month-to-month,Yes,Electronic check,106.48,2024.33,No
2140-80821,Female,0,Yes,Yes,20,Yes,Yes,Fiber optic,No,No,No,No,Yes,No,Month-to-month,No,Bank transfer (automatic),87.53,1813.96,Yes
7852-58851,Female,0,No,Yes,13,Yes,No,Fiber optic,No,No,No,No,No,Yes,Two year,Yes,Bank transfer (automatic),80.94,1049.22,No
9094-30724,Male,0,Yes,No,63,Yes,Yes,Fiber optic,No,No,Yes,Yes,No,No,Month-to-month,Yes,Electronic check,89.99,5449.92,No
1150-73025,Female,0,Yes,No,30,Yes,No,Fiber optic,No,No,Yes,No,Yes,No,Two year,Yes,Electronic check,86.09,2530.37,No
7585-14542,Female,0,No,No,8,Yes,Yes,Fiber optic,No,No,No,No,No,Yes,One year,Yes,Credit card (automatic),113.99,900.24,No
9758-63659,Male,0,No,Yes,21,Yes,Yes,DSL,Yes,No,Yes,No,Yes,No,Month-to-month,Yes,Mailed check,80.92,1686.43,No
3877-47458,Female,1,Yes,Yes,38,Yes,Yes,Fiber optic,No,No,No,No,No,Yes,Two year,Yes,Bank transfer (automatic),90.73,3314.4,Yes
4403-79746,Male,0,No,No,34,Yes,No,Fiber optic,No,No,No,No,No,Yes,One year,Yes,Mailed check,94.08,3201.19,No
3419-90677,Female,0,Yes,Yes,1,Yes,Yes,No,No internet service,No internet service,No internet service,No internet service,No internet service,No internet service,Month-to-month,Yes,Electronic check,29.65,29.18,No
7682-50645,Female,0,Yes,No,28,Yes,Yes,No,No internet service,No internet service,No internet service,No internet service,No internet service,No internet service,Month-to-month,No,Electronic check,23.43,630.71,No
1023-12294,Male,0,No,Yes,1,Yes,Yes,DSL,Yes,No,No,No,No,Yes,Month-to-month,No,Credit card (automatic),62.49,62.63,No
6677-45981,Female,0,Yes,No,42,Yes,Yes,Fiber optic,No,No,No,No,Yes,Yes,Month-to-month,Yes,Credit card (automatic),109.46,4491.8,No
5080-53558,Male,0,Yes,No,38,Yes,Yes,Fiber optic,No,No,No,No,Yes,No,One year,No,Electronic check,111.18,4276.7,No
7959-36539,Female,0,No,No,35,Yes,Yes,Fiber optic,No,No,No,No,No,Yes,One year,Yes,Electronic check,113.59,4033.83,Yes
5620-88905,Female,0,No,Yes,46,Yes,No,DSL,Yes,No,No,Yes,Yes,No,Two year,Yes,Electronic check,77.78,3558.05,No
7065-53286,Female,0,No,No,47,Yes,Yes,No,No internet service,No internet service,No internet service,No internet service,No internet service,No internet service,Month-to-month,No,Bank transfer (automatic),27.03,1287.26,No
5307-37727,Female,1,No,No,41,Yes,Yes,DSL,Yes,No,No,Yes,No,No,Month-to-month,Yes,Bank transfer (automatic),81.37,3323.5,No
5217-45254,Male,0,Yes,No,72,Yes,No,No,No internet service,No internet service,No internet service,No internet service,No internet service,No internet service,Month-to-month,Yes,Credit card (automatic),19.43,1405.23,No
6077-21439,Female,0,No,Yes,20,No,No phone service,Fiber optic,No,Yes,No,No,No,No,Two year,Yes,Bank transfer (automatic),105.53,2038.39,No
8814-46734,Male,0,Yes,Yes,71,Yes,No,DSL,No,Yes,Yes,Yes,No,No,Month-to-month,No,Credit card (automatic),52.02,3697.68,No
6661-19116,Female,0,No,No,40,No,No phone service,Fiber optic,No,No,No,No,Yes,Yes,Month-to-month,Yes,Mailed check,101.96,4043.18,Yes
5211-45797,Male,0,Yes,No,25,Yes,Yes,Fiber optic,Yes,No,No,No,Yes,No,One year,Yes,Credit card (automatic),112.42,2768.33,No
7822-71208,Female,1,Yes,No,17,No,No phone service,DSL,Yes,No,Yes,No,No,No,Two year,Yes,Bank transfer (automatic),72.13,1210.62,No
9952-20563,Male,1,Yes,No,42,Yes,No,Fiber optic,No,No,Yes,No,Yes,Yes,Month-to-month,Yes,Mailed check,100.52,4106.82,Yes
3464-49364,Female,0,No,No,7,Yes,No,DSL,No,Yes,No,No,No,No,One year,No,Credit card (automatic),70.52,513.17,No
2139-78241,Male,1,Yes,No,37,Yes,No,DSL,Yes,No,No,Yes,No,Yes,Month-to-month,No,Credit card (automatic),85.74,3224.67,Yes
3607-23264,Female,0,No,No,18,Yes,Yes,Fiber optic,No,No,No,No,Yes,No,One year,No,Electronic check,110.3,1917.19,No
5218-88862,Male,0,No,Yes,4,Yes,No,Fiber optic,No,Yes,No,No,Yes,No,One year,Yes,Bank transfer (automatic),103.16,419.77,Yes
8765-86476,Male,0,No,Yes,52,Yes,No,DSL,No,Yes,Yes,Yes,No,No,One year,Yes,Bank transfer (automatic),69.87,3726.71,No
7370-85212,Male,0,Yes,No,23,No,No phone service,DSL,Yes,No,No,No,Yes,No,Month-to-month,Yes,Credit card (automatic),53.84,1240.91,No
6710-92623,Male,0,Yes,No,16,Yes,No,Fiber optic,Yes,Yes,No,No,Yes,Yes,One year,Yes,Mailed check,114.97,1868.38,Yes
6986-84975,Female,1,No,No,36,Yes,No,Fiber optic,No,Yes,No,No,No,Yes,Month-to-month,No,Mailed check,110.31,4035.32,Yes
8539-61460,Male,0,No,Yes,20,Yes,Yes,Fiber optic,No,No,No,Yes,No,No,Month-to-month,Yes,Electronic check,110.51,2280.59,Yes
4579-24058,Male,0,Yes,Yes,67,Yes,No,No,No internet service,No internet service,No internet service,No internet service,No internet service,No internet service,Two year,No,Mailed check,28.25,1940.61,No
1420-94230,Male,0,No,No,38,Yes,Yes,Fiber optic,No,No,No,No,No,No,Month-to-month,No,Credit card (automatic),102.84,3885.54,No
4392-15488,Male,0,Yes,No,40,Yes,No,No,No internet service,No internet service,No internet service,No internet service,No internet service,No internet service,One year,No,Mailed check,29.44,1133.93,No
6834-42400,Female,1,Yes,No,12,Yes,Yes,Fiber optic,No,No,Yes,No,No,No,Month-to-month,Yes,Credit card (automatic),107.51,1276.11,No
3065-94614,Female,0,Yes,Yes,22,Yes,No,Fiber optic,Yes,Yes,No,No,No,Yes,Month-to-month,No,Credit card (automatic),107.6,2348.5,Yes
3729-84348,Male,0,Yes,No,41,Yes,Yes,Fiber optic,No,No,No,Yes,Yes,Yes,Month-to-month,Yes,Credit card (automatic),99.68,4121.54,Yes
6816-53373,Female,0,Yes,No,12,Yes,Yes,DSL,No,No,No,No,Yes,No,Month-to-month,No,Bank transfer (automatic),71.52,878.3,Yes
5943-28291,Female,0,No,No,16,Yes,No,Fiber optic,No,Yes,No,No,Yes,Yes,One year,Yes,Mailed check,119.0,1845.32,Yes
8848-74991,Female,0,Yes,Yes,17,Yes,No,Fiber optic,No,No,Yes,No,Yes,No,Two year,No,Mailed check,116.03,1967.92,No
6241-90868,Female,0,No,No,16,No,No phone service,DSL,Yes,Yes,No,No,Yes,No,Two year,Yes,Credit card (automatic),76.83,1210.16,No
7832-43027,Female,0,No,Yes,23,Yes,No,DSL,No,Yes,No,No,No,No,Two year,Yes,Mailed check,51.56,1212.57,No
9750-76828,Male,0,No,No,31,Yes,Yes,Fiber optic,No,Yes,No,No,No,No,Month-to-month,Yes,Credit card (automatic),92.77,2860.89,Yes
3091-11537,Female,0,Yes,Yes,32,Yes,Yes,Fiber optic,No,No,No,No,No,No,Two year,Yes,Bank transfer (automatic),77.71,2466.06,No
7559-48467,Male,0,No,No,14,No,No phone service,Fiber optic,No,Yes,No,No,No,No,Month-to-month,No,Credit card (automatic),106.86,1453.59,Yes
7067-63891,Male,0,Yes,Yes,21,Yes,Yes,Fiber optic,No,No,No,Yes,No,No,Month-to-month,Yes,Credit card (automatic),89.27,1813.08,No
8910-39171,Female,1,No,No,16,Yes,Yes,No,No internet service,No internet service,No internet service,No internet service,No internet service,No internet service,Month-to-month,No,Credit card (automatic),33.15,550.71,No
3117-43061,Male,1,Yes,No,33,Yes,Yes,Fiber optic,Yes,No,No,Yes,No,Yes,Month-to-month,Yes,Bank transfer (automatic),119.0,3809.19,Yes
5733-56162,Female,0,No,Yes,25,Yes,No,Fiber optic,Yes,Yes,No,No,No,No,Two year,Yes,Mailed check,107.83,2595.99,No
4716-85050,Female,0,Yes,Yes,37,Yes,Yes,DSL,No,Yes,No,Yes,No,Yes,Month-to-month,No,Credit card (automatic),64.73,2313.27,No
7432-87463,Female,1,No,No,43,Yes,No,DSL,Yes,No,No,No,Yes,No,Month-to-month,No,Bank transfer (automatic),60.24,2686.33,No
8567-37557,Male,0,Yes,No,65,Yes,No,Fiber optic,No,No,No,No,No,No,Month-to-month,No,Electronic check,96.73,6117.2,No
1247-61047,Male,0,Yes,No,9,Yes,No,Fiber optic,Yes,No,Yes,No,Yes,No,Month-to-month,Yes,Bank transfer (automatic),99.66,914.63,Yes
7466-98168,Male,0,No,No,61,No,No phone service,DSL,No,No,Yes,No,Yes,Yes,Two year,Yes,Mailed check,83.57,4913.36,No
5362-79311,Female,0,Yes,Yes,46,Yes,No,Fiber optic,No,Yes,No,No,No,Yes,Month-to-month,No,Electronic check,114.13,5426.41,No
7939-17302,Male,0,No,No,19,Yes,No,DSL,Yes,No,No,Yes,No,Yes,Month-to-month,Yes,Credit card (automatic),70.55,1356.02,Yes
5279-22334,Female,0,No,Yes,38,Yes,Yes,Fiber optic,Yes,No,No,No,No,Yes,One year,No,Electronic check,116.72,4342.71,Yes
9094-70202,Male,0,No,No,19,Yes,Yes,Fiber optic,No,Yes,No,No,Yes,Yes,Two year,Yes,Mailed check,119.0,2273.2,No
5693-12079,Male,1,No,No,32,Yes,No,Fiber optic,No,No,No,No,Yes,Yes,Month-to-month,Yes,Electronic check,109.9,3622.24,Yes
5192-57161,Male,0,No,No,19,Yes,No,No,No internet service,No internet service,No internet service,No internet service,No internet service,No internet service,Month-to-month,Yes,Mailed check,20.55,401.32,No
4453-66469,Male,0,No,Yes,20,Yes,No,Fiber optic,Yes,Yes,No,No,No,Yes,Two year,Yes,Electronic check,86.72,1701.66,No
3873-25723,Male,0,Yes,Yes,41,Yes,Yes,Fiber optic,No,Yes,Yes,No,Yes,No,Month-to-month,No,Bank transfer (automatic),100.92,4028.66,Yes
9133-99740,Male,0,No,No,3,Yes,No,DSL,Yes,No,No,Yes,Yes,Yes,Month-to-month,Yes,Credit card (automatic),74.99,227.48,Yes
8218-93445,Female,0,No,No,1,Yes,No,DSL,No,No,Yes,No,No,Yes,Month-to-month,Yes,Mailed check,55.29,56.31,No
5330-55243,Female,0,Yes,No,49,Yes,No,No,No internet service,No internet service,No internet service,No internet service,No internet service,No internet service,Month-to-month,No,Bank transfer (automatic),19.56,975.18,No
2625-84860,Female,0,Yes,No,19,Yes,No,No,No internet service,No internet service,No internet service,No internet service,No internet service,No internet service,Two year,No,Mailed check,25.3,481.56,No
8688-69762,Male,0,Yes,Yes,51,Yes,No,No,No internet service,No internet service,No internet service,No internet service,No internet service,No internet service,Two year,Yes,Credit card (automatic),19.77,1038.88,No
3355-41004,Male,0,No,No,20,Yes,Yes,No,No internet service,No internet service,No internet service,No internet service,No internet service,No internet service,Month-to-month,Yes,Bank transfer (automatic),25.26,513.66,No
7474-29258,Female,0,Yes,No,6,Yes,No,DSL,Yes,No,Yes,Yes,No,No,One year,Yes,Bank transfer (automatic),55.65,330.44,No
8016-16149,Female,1,No,No,65,Yes,Yes,Fiber optic,No,Yes,No,Yes,Yes,No,Two year,No,Electronic check,103.9,6505.87,No
1620-69454,Female,0,No,No,6,Yes,Yes,DSL,No,No,No,No,Yes,Yes,One year,No,Electronic check,78.01,456.9,No
8363-66630,Male,0,No,Yes,19,Yes,No,Fiber optic,No,Yes,No,No,Yes,No,One year,Yes,Mailed check,82.02,1503.42,No
2049-85215,Male,0,Yes,No,21,Yes,Yes,Fiber optic,Yes,No,No,No,Yes,No,Two year,No,Credit card (automatic),102.34,2084.04,No
8917-55189,Female,0,No,No,38,Yes,No,Fiber optic,No,Yes,No,No,Yes,Yes,Month-to-month,Yes,Mailed check,99.24,3856.87,No
2794-55054,Female,0,No,No,23,Yes,No,DSL,No,Yes,No,No,Yes,No,Month-to-month,No,Bank transfer (automatic),53.63,1251.18,No
8711-79897,Female,0,Yes,No,16,Yes,Yes,No,No internet service,No internet service,No internet service,No internet service,No internet service,No internet service,One year,Yes,Credit card (automatic),24.76,395.9,No
1550-30365,Female,0,Yes,No,20,Yes,Yes,Fiber optic,No,No,No,No,Yes,No,One year,No,Credit card (automatic),106.19,2199.84,Yes
9466-92373,Male,0,Yes,No,12,Yes,No,No,No internet service,No internet service,No internet service,No internet service,No internet service,No internet service,Month-to-month,No,Mailed check,19.31,234.31,No
4827-28292,Female,1,No,No,3,Yes,No,Fiber optic,No,No,No,No,Yes,Yes,Month-to-month,Yes,Mailed check,96.12,280.7,Yes
4994-86459,Female,0,Yes,Yes,17,Yes,Yes,Fiber optic,No,No,Yes,No,Yes,No,One year,Yes,Credit card (automatic),119.0,2048.77,No
4918-78090,Female,0,Yes,No,40,Yes,Yes,No,No internet service,No internet service,No internet service,No internet service,No internet service,No internet service,Month-to-month,No,Bank transfer (automatic),33.9,1359.22,No
8285-23276,Female,1,Yes,No,45,Yes,No,No,No internet service,No internet service,No internet service,No internet service,No internet service,No internet service,Two year,Yes,Bank transfer (automatic),22.29,1017.04,No
8358-75060,Male,0,Yes,No,34,Yes,No,DSL,Yes,Yes,Yes,No,Yes,No,Two year,Yes,Bank transfer (automatic),64.24,2148.03,No
2482-16445,Female,0,Yes,No,25,Yes,No,Fiber optic,Yes,No,No,No,Yes,Yes,Month-to-month,Yes,Electronic check,118.07,2972.09,No
4275-65091,Male,0,No,Yes,42,Yes,Yes,DSL,No,Yes,No,No,Yes,Yes,One year,Yes,Electronic check,59.73,2583.21,No
8486-50436,Female,0,Yes,No,27,Yes,No,No,No internet service,No internet service,No internet service,No internet service,No internet service,No internet service,One year,Yes,Bank transfer (automatic),29.36,794.54,No
4114-83786,Male,0,No,No,47,Yes,No,Fiber optic,No,Yes,No,No,Yes,Yes,Month-to-month,Yes,Mailed check,108.82,5014.22,Yes
1826-91198,Female,0,Yes,No,16,Yes,Yes,DSL,Yes,No,Yes,Yes,No,Yes,Month-to-month,Yes,Bank transfer (automatic),95.86,1503.19,Yes
3435-43260,Female,0,Yes,No,32,No,No phone service,DSL,No,Yes,No,No,No,Yes,Month-to-month,Yes,Credit card (automatic),77.4,2556.92,Yes
8043-94776,Male,0,No,No,49,Yes,Yes,DSL,No,Yes,Yes,Yes,No,Yes,Two year,Yes,Credit card (automatic),63.36,3222.2,No
6040-86307,Male,0,No,No,51,Yes,Yes,Fiber optic,No,No,No,No,Yes,Yes,Two year,Yes,Mailed check,115.86,5786.75,No
3330-80357,Female,1,No,No,49,Yes,No,No,No internet service,No internet service,No internet service,No internet service,No internet service,No internet service,Month-to-month,Yes,Credit card (automatic),19.18,911.52,No
4526-20679,Male,1,Yes,No,29,Yes,Yes,No,No internet service,No internet service,No internet service,No internet service,No internet service,No internet service,Two year,Yes,Electronic check,34.25,1028.34,No
2684-51034,Female,0,No,No,10,Yes,No,Fiber optic,No,No,No,Yes,No,No,One year,Yes,Credit card (automatic),75.3,772.14,No
9214-82396,Female,0,No,No,20,Yes,No,No,No internet service,No internet service,No internet service,No internet service,No internet service,No internet service,Month-to-month,Yes,Mailed check,29.62,592.83,No
2359-48524,Female,0,Yes,No,7,Yes,No,No,No internet service,No internet service,No internet service,No internet service,No internet service,No internet service,Month-to-month,Yes,Electronic check,21.23,144.26,No
9493-86968,Male,0,No,No,48,Yes,Yes,Fiber optic,Yes,No,Yes,No,Yes,No,Two year,No,Mailed check,119.0,5681.15,No
7010-91436,Male,0,Yes,Yes,6,Yes,No,DSL,No,No,Yes,Yes,Yes,No,Month-to-month,Yes,Electronic check,76.37,445.27,No
3071-65069,Female,0,Yes,No,56,Yes,No,Fiber optic,No,Yes,No,No,Yes,Yes,One year,Yes,Credit card (automatic),102.81,5861.78,No
6199-13309,Female,0,No,No,39,Yes,Yes,No,No internet service,No internet service,No internet service,No internet service,No internet service,No internet service,One year,Yes,Electronic check,33.54,1311.39,No
3328-51873,Female,0,No,No,25,Yes,No,No,No internet service,No internet service,No internet service,No internet service,No internet service,No internet service,One year,No,Credit card (automatic),26.97,658.24,No
5872-32938,Male,0,No,No,39,Yes,Yes,Fiber optic,Yes,Yes,Yes,No,Yes,No,Month-to-month,Yes,Credit card (automatic),119.0,4529.66,No
9391-57393,Female,0,No,No,34,Yes,No,DSL,No,No,No,No,No,No,Month-to-month,Yes,Bank transfer (automatic),50.46,1696.96,No
2142-55168,Female,0,Yes,No,15,Yes,No,Fiber optic,No,No,No,No,No,Yes,Two year,No,Electronic check,100.29,1524.29,No
4408-80999,Female,0,No,Yes,25,Yes,No,Fiber optic,Yes,No,No,No,Yes,No,Month-to-month,No,Credit card (automatic),81.33,1970.07,No
1222-14326,Male,0,No,Yes,30,Yes,No,DSL,No,No,No,No,Yes,No,Month-to-month,Yes,Bank transfer (automatic),52.6,1638.74,No
2342-11049,Female,1,Yes,No,24,Yes,No,Fiber optic,No,No,Yes,No,Yes,Yes,Month-to-month,Yes,Mailed check,90.79,2174.45,No
2571-78597,Female,0,Yes,No,31,Yes,Yes,Fiber optic,Yes,No,Yes,No,No,No,One year,No,Electronic check,91.06,2755.82,No
8444-91722,Male,0,No,Yes,29,Yes,No,No,No internet service,No internet service,No internet service,No internet service,No internet service,No internet service,Month-to-month,No,Credit card (automatic),24.45,694.68,No
6649-30343,Female,0,Yes,Yes,20,Yes,No,Fiber optic,No,Yes,No,No,Yes,No,One year,Yes,Bank transfer (automatic),94.84,1880.06,Yes
9648-40969,Female,0,No,Yes,14,Yes,No,Fiber optic,Yes,No,No,No,Yes,No,Month-to-month,No,Bank transfer (automatic),107.04,1557.39,No
9058-78986,Male,0,No,Yes,24,Yes,No,DSL,No,Yes,No,Yes,No,No,One year,Yes,Mailed check,66.98,1615.27,No
7509-55749,Female,0,No,No,41,Yes,No,Fiber optic,No,Yes,No,Yes,Yes,No,Two year,Yes,Mailed check,92.68,3815.56,No
3494-64853,Female,0,No,No,54,Yes,No,No,No internet service,No internet service,No internet service,No internet service,No internet service,No internet service,Month-to-month,Yes,Mailed check,25.69,1337.93,No
2374-12556,Female,0,No,No,5,Yes,No,Fiber optic,No,No,No,No,Yes,No,One year,No,Electronic check,97.83,480.08,No
8520-88671,Male,1,No,No,50,No,No phone service,No,No internet service,No internet service,No internet service,No internet service,No internet service,No internet service,One year,No,Credit card (automatic),21.52,1035.32,No
8433-24306,Female,1,Yes,Yes,24,No,No phone service,DSL,Yes,No,No,Yes,No,Yes,One year,No,Credit card (automatic),56.81,1398.56,No
1121-76296,Female,0,No,No,0,Yes,No,Fiber optic,No,No,No,No,No,Yes,Month-to-month,Yes,Bank transfer (automatic),79.37,,Yes
7425-15853,Male,0,No,No,42,Yes,No,No,No internet service,No internet service,No internet service,No internet service,No internet service,No internet service,One year,No,Credit card (automatic),29.45,1260.52,No
4226-99575,Female,0,No,Yes,38,Yes,No,No,No internet service,No internet service,No internet service,No internet service,No internet service,No internet service,Month-to-month,Yes,Bank transfer (automatic),24.23,942.74,Yes
1608-91277,Male,0,No,Yes,39,Yes,No,Fiber optic,No,Yes,No,No,Yes,No,Month-to-month,No,Mailed check,116.89,4607.13,Yes
4059-90337,Male,0,No,No,25,Yes,Yes,Fiber optic,No,Yes,No,No,No,No,Month-to-month,No,Mailed check,86.61,2227.07,No
3647-12471,Female,0,No,Yes,14,Yes,No,No,No internet service,No internet service,No internet service,No internet service,No internet service,No internet service,Month-to-month,Yes,Bank transfer (automatic),23.99,333.96,No
5852-32887,Male,0,No,Yes,44,Yes,Yes,Fiber optic,No,No,No,Yes,No,Yes,Month-to-month,Yes,Credit card (automatic),113.38,5088.95,No
5195-98932,Male,0,No,No,4,Yes,No,DSL,Yes,No,No,No,No,No,One year,Yes,Credit card (automatic),67.36,260.48,Yes
7729-66563,Male,0,No,No,6,Yes,Yes,Fiber optic,No,No,No,No,No,No,One year,No,Electronic check,84.97,511.68,No
9861-22620,Female,0,Yes,Yes,40,Yes,No,Fiber optic,No,No,Yes,No,Yes,No,Month-to-month,No,Bank transfer (automatic),76.08,3035.4,Yes
5197-60109,Male,0,Yes,No,58,Yes,Yes,Fiber optic,No,No,No,No,Yes,No,Month-to-month,No,Electronic check,79.75,4621.19,Yes
8364-93598,Female,0,No,Yes,22,Yes,No,DSL,No,No,No,No,Yes,Yes,One year,No,Electronic check,54.58,1186.72,Yes
7018-93425,Female,0,Yes,No,0,Yes,No,Fiber optic,No,No,No,Yes,No,Yes,Month-to-month,Yes,Bank transfer (automatic),77.52,,Yes
5826-29095,Female,0,Yes,No,3,Yes,No,Fiber optic,No,No,No,No,No,No,One year,No,Electronic check,105.42,314.5,No
5120-47293,Female,1,Yes,No,32,Yes,Yes,Fiber optic,No,No,Yes,No,No,No,Month-to-month,Yes,Bank transfer (automatic),113.66,3776.83,No
6534-37112,Male,0,No,No,71,Yes,No,DSL,Yes,No,No,No,No,Yes,Two year,No,Credit card (automatic),56.32,4068.54,No
3435-14794,Male,1,No,No,0,Yes,No,Fiber optic,Yes,No,Yes,No,No,No,Month-to-month,Yes,Electronic check,116.2,,Yes
7962-94719,Female,0,No,No,59,Yes,Yes,Fiber optic,No,No,Yes,No,No,Yes,One year,No,Mailed check,119.0,7149.27,No
2839-71383,Female,0,No,No,35,Yes,Yes,DSL,No,No,Yes,Yes,Yes,No,Month-to-month,No,Mailed check,73.3,2510.62,No
9729-75409,Female,0,No,No,3,Yes,No,Fiber optic,No,Yes,No,No,Yes,Yes,Month-to-month,Yes,Electronic check,114.67,338.83,Yes
5572-20941,Male,0,Yes,No,66,Yes,No,Fiber optic,Yes,Yes,Yes,Yes,Yes,No,Two year,No,Credit card (automatic),104.88,6834.28,No
1486-37603,Male,0,Yes,No,15,Yes,No,Fiber optic,Yes,No,No,No,Yes,No,Two year,Yes,Bank transfer (automatic),80.66,1220.9,No
6010-59134,Female,0,Yes,Yes,38,Yes,No,Fiber optic,No,No,Yes,No,Yes,No,Month-to-month,Yes,Mailed check,90.8,3369.97,Yes
3438-45084,Female,0,Yes,No,36,Yes,No,DSL,No,Yes,No,No,No,No,Month-to-month,Yes,Mailed check,51.06,1796.35,No
8896-94763,Male,0,No,Yes,15,Yes,Yes,Fiber optic,No,Yes,No,No,Yes,No,Two year,No,Mailed check,101.9,1484.34,Yes
2879-79592,Female,1,Yes,No,44,Yes,No,No,No internet service,No internet service,No internet service,No internet service,No internet service,No internet service,Month-to-month,Yes,Credit card (automatic),25.2,1078.59,No
6914-44426,Female,1,No,No,62,Yes,Yes,DSL,No,No,No,No,No,No,Two year,No,Credit card (automatic),49.2,3008.86,No
9091-82423,Male,0,No,No,31,Yes,No,No,No internet service,No internet service,No internet service,No internet service,No internet service,No internet service,Month-to-month,Yes,Mailed check,26.98,832.83,No
7126-67092,Female,0,Yes,Yes,27,Yes,No,Fiber optic,No,Yes,No,Yes,Yes,No,Month-to-month,Yes,Credit card (automatic),91.18,2550.52,No
6739-94285,Male,1,No,No,9,Yes,Yes,DSL,Yes,Yes,No,No,No,No,Month-to-month,Yes,Electronic check,72.24,664.63,Yes
4164-49141,Male,0,No,No,35,Yes,Yes,DSL,No,No,No,No,No,Yes,Month-to-month,No,Electronic check,59.46,2017.58,Yes
9686-68678,Male,0,No,No,45,Yes,Yes,DSL,Yes,No,Yes,No,Yes,Yes,Month-to-month,Yes,Credit card (automatic),59.42,2779.28,No
8655-92925,Female,0,No,No,17,Yes,Yes,Fiber optic,No,No,No,Yes,No,No,Month-to-month,Yes,Mailed check,94.79,1563.39,Yes
6653-89838,Female,0,No,Yes,24,Yes,No,DSL,No,No,No,No,No,No,Two year,No,Mailed check,68.6,1702.7,No
9468-71335,Female,0,No,No,34,Yes,Yes,Fiber optic,No,No,No,Yes,No,Yes,Month-to-month,Yes,Bank transfer (automatic),111.68,3900.96,Yes
2352-93312,Female,0,No,No,3,No,No phone service,No,No internet service,No internet service,No internet service,No internet service,No internet service,No internet service,One year,No,Credit card (automatic),23.68,70.08,No
1915-67131,Male,0,Yes,Yes,25,No,No phone service,No,No internet service,No internet service,No internet service,No internet service,No internet service,No internet service,Month-to-month,No,Credit card (automatic),27.97,709.9,No
1922-28206,Male,0,No,No,34,Yes,No,No,No internet service,No internet service,No internet service,No internet service,No internet service,No internet service,One year,No,Credit card (automatic),27.17,959.36,No
4604-16561,Male,0,No,No,26,Yes,No,Fiber optic,Yes,No,No,No,Yes,Yes,Month-to-month,No,Bank transfer (automatic),109.33,2812.48,Yes
9637-19920,Female,0,Yes,No,22,Yes,No,DSL,No,No,Yes,No,No,No,One year,No,Bank transfer (automatic),60.52,1322.1,No
4726-26453,Female,0,Yes,No,52,Yes,No,Fiber optic,No,Yes,No,No,Yes,Yes,Two year,Yes,Mailed check,95.35,4807.35,No
4521-71102,Female,1,Yes,Yes,45,Yes,No,DSL,No,No,Yes,No,Yes,No,Two year,Yes,Bank transfer (automatic),56.25,2530.3,No
2054-31364,Male,1,Yes,No,36,Yes,No,No,No internet service,No internet service,No internet service,No internet service,No internet service,No internet service,Two year,No,Credit card (automatic),22.36,782.58,No
7697-14615,Male,0,Yes,No,39,Yes,No,No,No internet service,No internet service,No internet service,No internet service,No internet service,No internet service,Month-to-month,Yes,Bank transfer (automatic),25.05,1002.96,No
1424-18618,Male,0,Yes,No,14,Yes,No,DSL,No,Yes,No,No,No,Yes,Month-to-month,Yes,Electronic check,49.75,677.8,No
2258-63985,Male,0,No,No,68,Yes,No,Fiber optic,Yes,No,Yes,No,Yes,Yes,Month-to-month,No,Credit card (automatic),94.01,6177.35,Yes
9767-59834,Male,0,No,No,13,Yes,No,DSL,No,No,No,No,No,Yes,One year,No,Bank transfer (automatic),46.21,585.71,No
1442-40945,Female,0,No,No,49,Yes,No,Fiber optic,No,No,No,No,No,Yes,Month-to-month,No,Bank transfer (automatic),97.94,4609.69,Yes
6872-89509,Female,0,Yes,No,30,Yes,No,DSL,No,No,Yes,Yes,No,No,Two year,No,Credit card (automatic),74.32,2195.88,No
4530-44905,Male,0,No,No,57,Yes,No,No,No internet service,No internet service,No internet service,No internet service,No internet service,No internet service,Two year,No,Credit card (automatic),21.43,1241.48,No
6509-85937,Male,0,Yes,No,5,Yes,Yes,Fiber optic,No,No,No,No,Yes,Yes,Month-to-month,Yes,Electronic check,105.62,546.88,Yes
6520-96766,Female,1,Yes,No,25,Yes,No,Fiber optic,No,Yes,Yes,No,Yes,No,Month-to-month,Yes,Mailed check,115.51,2870.12,Yes
8958-81090,Male,0,No,No,0,Yes,No,DSL,No,Yes,Yes,No,No,No,Month-to-month,Yes,Credit card (automatic),62.93,,Yes
5808-96969,Male,0,No,No,16,Yes,No,Fiber optic,No,Yes,No,No,Yes,Yes,Month-to-month,No,Electronic check,105.83,1636.81,Yes
2004-61316,Female,0,No,No,18,No,No phone service,Fiber optic,No,No,No,No,Yes,No,Month-to-month,Yes,Electronic check,76.72,1425.95,Yes
8713-91157,Female,0,No,No,33,Yes,No,DSL,No,No,Yes,Yes,No,No,Month-to-month,Yes,Electronic check,55.44,1824.24,No
2615-19896,Female,0,No,No,27,No,No phone service,DSL,Yes,Yes,No,No,No,No,Two year,No,Credit card (automatic),64.51,1690.9,No
8162-46576,Male,0,No,No,9,Yes,Yes,Fiber optic,No,Yes,No,No,Yes,Yes,One year,No,Bank transfer (automatic),103.3,907.41,Yes
3437-75635,Female,0,No,No,19,Yes,No,Fiber optic,No,No,No,No,Yes,No,Month-to-month,Yes,Electronic check,76.19,1477.19,No
4515-72082,Male,0,Yes,Yes,18,No,No phone service,Fiber optic,No,No,No,No,No,No,Month-to-month,Yes,Credit card (automatic),100.45,1757.26,No
5113-30614,Male,0,Yes,Yes,58,Yes,No,No,No internet service,No internet service,No internet service,No internet service,No internet service,No internet service,Two year,No,Credit card (automatic),19.51,1091.17,No
7905-91574,Female,0,No,No,46,Yes,Yes,No,No internet service,No internet service,No internet service,No internet service,No internet service,No internet service,Month-to-month,No,Credit card (automatic),33.94,1594.57,No
3669-37727,Female,0,No,Yes,26,Yes,No,No,No internet service,No internet service,No internet service,No internet service,No internet service,No internet service,Two year,Yes,Mailed check,19.37,512.94,No
8164-32061,Male,0,Yes,No,37,Yes,No,DSL,No,No,No,Yes,No,No,Month-to-month,Yes,Mailed check,59.42,2225.18,No
9000-90489,Female,0,Yes,Yes,65,Yes,No,DSL,Yes,No,Yes,No,No,No,Two year,Yes,Mailed check,52.77,3556.23,No
9434-94079,Male,0,Yes,Yes,54,Yes,No,Fiber optic,No,No,No,No,No,No,Two year,Yes,Mailed check,94.33,4986.73,No
8541-32818,Male,0,No,No,45,No,No phone service,No,No internet service,No internet service,No internet service,No internet service,No internet service,No internet service,Two year,Yes,Electronic check,29.34,1319.54,No
1424-72039,Male,0,Yes,No,18,Yes,No,No,No internet service,No internet service,No internet service,No internet service,No internet service,No internet service,One year,Yes,Bank transfer (automatic),19.93,353.64,No
5238-73228,Female,0,No,No,4,Yes,No,Fiber optic,No,Yes,No,No,No,Yes,One year,Yes,Mailed check,111.16,435.83,Yes
2360-29964,Female,0,Yes,No,0,Yes,Yes,No,No internet service,No internet service,No internet service,No internet service,No internet service,No internet service,Month-to-month,No,Bank transfer (automatic),32.01,,No
4914-55866,Male,1,Yes,Yes,35,Yes,No,DSL,Yes,No,No,No,No,No,One year,Yes,Electronic check,65.58,2228.42,No
8979-96472,Male,0,Yes,Yes,15,Yes,No,Fiber optic,No,No,Yes,No,No,No,One year,Yes,Mailed check,85.88,1284.12,No
9415-33291,Male,0,No,No,16,Yes,No,DSL,Yes,Yes,No,Yes,No,No,Month-to-month,Yes,Electronic check,75.04,1183.86,No
2735-81725,Male,0,Yes,No,2,Yes,Yes,DSL,Yes,Yes,No,No,Yes,No,One year,Yes,Mailed check,70.62,140.56,No
2519-99993,Male,0,Yes,No,38,Yes,Yes,Fiber optic,Yes,No,No,No,Yes,Yes,Month-to-month,No,Mailed check,117.33,4420.67,Yes
8301-81638,Male,1,No,No,5,Yes,Yes,DSL,No,No,Yes,Yes,Yes,No,Month-to-month,Yes,Bank transfer (automatic),73.62,372.28,Yes
7139-41973,Female,0,No,No,26,Yes,No,Fiber optic,No,No,No,No,No,Yes,Month-to-month,Yes,Electronic check,92.28,2395.47,No
7866-27848,Male,0,Yes,No,32,Yes,No,Fiber optic,No,No,No,No,No,Yes,Month-to-month,No,Credit card (automatic),103.23,3404.59,No
8373-27034,Male,1,No,Yes,34,Yes,No,No,No internet service,No internet service,No internet service,No internet service,No internet service,No internet service,Month-to-month,No,Credit card (automatic),28.97,999.46,No
1832-96769,Female,0,Yes,Yes,18,Yes,No,No,No internet service,No internet service,No internet service,No internet service,No internet service,No internet service,Two year,No,Credit card (automatic),22.39,389.89,No
8177-88398,Male,0,No,Yes,30,Yes,Yes,Fiber optic,No,No,No,No,Yes,No,Month-to-month,Yes,Bank transfer (automatic),89.37,2589.38,Yes
1286-32308,Male,0,Yes,No,25,Yes,No,Fiber optic,No,No,No,Yes,No,Yes,Two year,No,Bank transfer (automatic),104.43,2544.47,No
6665-51647,Male,0,No,No,50,Yes,Yes,Fiber optic,No,Yes,No,No,No,Yes,Two year,No,Mailed check,103.82,5384.88,No
2555-75716,Male,0,No,Yes,25,Yes,Yes,DSL,No,No,No,Yes,No,No,Month-to-month,Yes,Mailed check,80.85,2071.05,No
4873-86119,Male,0,No,Yes,7,No,No phone service,Fiber optic,No,Yes,No,No,Yes,No,One year,No,Credit card (automatic),113.79,783.34,No
5659-92135,Female,1,No,Yes,20,Yes,No,No,No internet service,No internet service,No internet service,No internet service,No internet service,No internet service,Month-to-month,Yes,Bank transfer (automatic),28.33,557.1,No
6868-88245,Male,0,Yes,No,46,Yes,No,Fiber optic,No,No,No,No,Yes,No,Two year,Yes,Credit card (automatic),75.87,3492.4,No
8871-86554,Female,0,No,No,39,Yes,Yes,DSL,Yes,No,No,Yes,Yes,No,Month-to-month,Yes,Mailed check,78.51,2990.9,Yes
6688-38185,Female,0,Yes,No,47,Yes,Yes,DSL,No,No,No,Yes,No,Yes,Month-to-month,Yes,Credit card (automatic),58.48,2778.81,No
7304-98390,Male,0,Yes,No,21,Yes,No,DSL,Yes,No,No,Yes,No,No,Month-to-month,No,Mailed check,56.3,1211.57,No
7430-48607,Male,1,No,Yes,54,Yes,No,Fiber optic,Yes,No,Yes,No,Yes,No,One year,No,Credit card (automatic),98.57,5153.91,Yes
2518-74650,Male,0,No,No,20,Yes,Yes,No,No internet service,No internet service,No internet service,No internet service,No internet service,No internet service,Month-to-month,Yes,Electronic check,30.53,626.08,No
3872-21348,Male,0,No,No,17,Yes,Yes,DSL,Yes,Yes,Yes,No,No,Yes,Month-to-month,No,Electronic check,62.28,1090.2,Yes
4241-11701,Female,1,No,Yes,18,Yes,No,Fiber optic,No,Yes,No,No,No,No,Two year,Yes,Credit card (automatic),79.48,1446.54,No
2508-23970,Female,1,No,No,31,Yes,No,Fiber optic,No,No,No,No,Yes,Yes,Month-to-month,No,Bank transfer (automatic),93.84,2797.21,Yes
4766-54069,Male,1,No,No,15,Yes,No,No,No internet service,No internet service,No internet service,No internet service,No internet service,No internet service,One year,Yes,Electronic check,24.25,372.22,No
6698-15060,Male,0,No,Yes,35,Yes,No,DSL,No,Yes,No,Yes,Yes,No,One year,No,Electronic check,59.06,2130.56,No
1890-72053,Male,0,No,No,33,Yes,No,Fiber optic,No,No,No,No,Yes,No,Month-to-month,Yes,Bank transfer (automatic),78.13,2522.08,Yes
7680-65245,Female,0,Yes,No,44,Yes,Yes,DSL,No,No,Yes,No,Yes,No,Month-to-month,Yes,Credit card (automatic),63.34,2714.03,No
1675-50273,Female,0,No,No,22,Yes,No,Fiber optic,No,No,No,No,Yes,Yes,Month-to-month,Yes,Electronic check,96.58,2064.11,Yes
2739-45744,Male,1,No,No,18,Yes,No,Fiber optic,No,No,No,No,No,Yes,Two year,No,Mailed check,73.32,1360.12,No
7550-67862,Male,0,No,Yes,25,Yes,No,DSL,Yes,No,No,No,No,No,One year,No,Mailed check,52.06,1249.86,No
4021-12821,Male,0,Yes,No,38,Yes,Yes,DSL,No,No,No,No,Yes,No,Month-to-month,Yes,Bank transfer (automatic),63.1,2425.28,No
8832-18989,Male,1,Yes,Yes,49,Yes,No,Fiber optic,No,No,Yes,No,Yes,Yes,Two year,Yes,Credit card (automatic),101.26,4933.18,No
8752-13881,Male,1,Yes,Yes,15,Yes,Yes,DSL,No,No,Yes,No,No,No,Month-to-month,Yes,Mailed check,51.68,762.9,No
5796-98011,Male,0,Yes,Yes,48,Yes,No,No,No internet service,No internet service,No internet service,No internet service,No internet service,No internet service,Month-to-month,Yes,Bank transfer (automatic),27.42,1365.65,No
3347-97867,Male,1,No,No,45,Yes,No,No,No internet service,No internet service,No internet service,No internet service,No internet service,No internet service,Month-to-month,Yes,Credit card (automatic),28.25,1291.09,No
6625-38918,Male,0,Yes,No,34,Yes,No,No,No internet service,No internet service,No internet service,No internet service,No internet service,No internet service,Two year,No,Credit card (automatic),25.66,867.74,No
9106-23010,Male,0,Yes,No,29,No,No phone service,DSL,No,Yes,No,No,No,No,Month-to-month,No,Credit card (automatic),71.34,2081.7,Yes
9581-63609,Female,0,No,No,30,Yes,Yes,Fiber optic,No,No,No,No,No,No,One year,Yes,Electronic check,110.93,3247.51,Yes
5356-65395,Female,1,Yes,No,36,Yes,Yes,Fiber optic,No,Yes,No,Yes,No,No,Month-to-month,No,Bank transfer (automatic),84.97,3152.72,No
3339-75418,Male,1,Yes,No,40,Yes,Yes,DSL,No,No,No,No,No,No,Two year,No,Credit card (automatic),53.34,2166.4,No
8346-46857,Male,0,No,No,49,Yes,Yes,No,No internet service,No internet service,No internet service,No internet service,No internet service,No internet service,Two year,Yes,Mailed check,34.76,1699.89,Yes
2610-62784,Female,0,No,Yes,35,Yes,Yes,Fiber optic,No,No,No,Yes,Yes,No,Month-to-month,No,Mailed check,91.68,3103.48,Yes
5105-39611,Female,0,No,Yes,38,Yes,No,DSL,No,No,No,No,No,No,Month-to-month,Yes,Electronic check,46.24,1785.95,Yes
7139-13229,Male,0,No,No,52,No,No phone service,DSL,No,No,No,Yes,No,No,One year,Yes,Bank transfer (automatic),46.02,2365.85,No
1980-25606,Female,1,No,No,47,Yes,Yes,Fiber optic,No,Yes,No,No,Yes,Yes,Month-to-month,Yes,Bank transfer (automatic),110.42,5283.24,Yes
4391-13368,Male,0,Yes,Yes,37,Yes,No,No,No internet service,No internet service,No internet service,No internet service,No internet service,No internet service,Month-to-month,Yes,Credit card (automatic),29.95,1076.16,No
8550-17950,Male,0,No,No,43,Yes,Yes,Fiber optic,No,No,No,No,No,Yes,One year,Yes,Bank transfer (automatic),78.59,3342.09,No
3267-27004,Female,0,No,No,20,Yes,No,DSL,No,Yes,Yes,Yes,No,No,Month-to-month,Yes,Bank transfer (automatic),73.57,1442.91,No
4177-24660,Female,0,No,No,63,Yes,No,Fiber optic,Yes,No,No,No,No,No,Two year,Yes,Credit card (automatic),96.5,5975.91,No
3207-26398,Female,0,Yes,Yes,12,Yes,No,Fiber optic,No,No,No,No,No,No,Month-to-month,Yes,Credit card (automatic),80.68,994.16,Yes
5871-76775,Male,1,Yes,Yes,33,Yes,Yes,Fiber optic,No,No,No,No,No,No,Month-to-month,No,Credit card (automatic),112.9,3600.5,Yes
5151-99864,Female,0,Yes,No,34,Yes,Yes,Fiber optic,No,No,No,No,Yes,No,One year,No,Electronic check,110.64,3890.98,No
5635-97216,Male,0,No,No,13,Yes,Yes,Fiber optic,Yes,No,No,No,Yes,Yes,One year,Yes,Mailed check,96.99,1257.14,Yes
6570-25479,Female,0,No,No,21,Yes,No,DSL,Yes,Yes,No,No,Yes,No,Month-to-month,Yes,Credit card (automatic),58.42,1253.0,No
9691-88027,Male,1,Yes,Yes,41,Yes,Yes,DSL,No,Yes,No,No,Yes,No,Month-to-month,No,Bank transfer (automatic),56.57,2239.9,No
4456-81212,Male,0,No,Yes,10,Yes,No,Fiber optic,Yes,Yes,No,No,Yes,Yes,Month-to-month,Yes,Mailed check,116.27,1195.71,Yes
3296-42522,Female,0,No,No,60,Yes,Yes,No,No internet service,No internet service,No internet service,No internet service,No internet service,No internet service,Month-to-month,Yes,Electronic check,23.87,1469.13,No
6033-75215,Female,0,No,Yes,27,Yes,No,No,No internet service,No internet service,No internet service,No internet service,No internet service,No internet service,Two year,No,Mailed check,20.42,554.51,No
8820-15080,Female,1,Yes,No,5,Yes,No,Fiber optic,Yes,No,No,No,Yes,No,Month-to-month,Yes,Credit card (automatic),83.62,405.18,No
6980-24574,Male,0,No,No,51,Yes,Yes,Fiber optic,Yes,No,No,No,No,No,One year,Yes,Bank transfer (automatic),90.06,4695.33,No
3017-22281,Male,0,No,No,35,Yes,Yes,Fiber optic,No,No,No,No,Yes,Yes,Month-to-month,Yes,Credit card (automatic),109.65,3733.03,Yes
7656-30392,Female,0,No,Yes,53,Yes,Yes,No,No internet service,No internet service,No internet service,No internet service,No internet service,No internet service,Month-to-month,No,Mailed check,29.85,1608.13,No
1973-69158,Female,0,No,No,54,Yes,Yes,Fiber optic,Yes,Yes,No,No,No,Yes,Two year,Yes,Bank transfer (automatic),102.34,5367.76,No
4887-60000,Male,1,No,No,2,Yes,Yes,Fiber optic,No,No,Yes,No,Yes,Yes,One year,Yes,Electronic check,109.99,216.72,Yes
7388-50500,Female,1,Yes,No,9,Yes,No,Fiber optic,No,No,Yes,No,No,No,Month-to-month,No,Bank transfer (automatic),95.02,859.69,Yes
3647-53381,Female,0,No,No,27,Yes,Yes,No,No internet service,No internet service,No internet service,No internet service,No internet service,No internet service,Month-to-month,No,Electronic check,30.97,824.95,No
5352-86863,Male,0,Yes,No,28,Yes,Yes,Fiber optic,No,No,No,No,No,Yes,Month-to-month,Yes,Credit card (automatic),78.97,2246.38,Yes
3446-23755,Female,1,No,Yes,15,Yes,Yes,DSL,No,No,Yes,No,No,Yes,Month-to-month,Yes,Electronic check,76.16,1104.56,Yes
8204-72398,Female,1,No,No,64,Yes,No,No,No internet service,No internet service,No internet service,No internet service,No internet service,No internet service,Two year,No,Credit card (automatic),23.91,1486.09,No
1401-25294,Female,0,No,No,46,Yes,Yes,DSL,No,Yes,No,Yes,No,No,Month-to-month,No,Electronic check,77.31,3499.14,No
8299-59517,Female,0,No,No,3,Yes,No,DSL,Yes,No,No,No,Yes,No,Month-to-month,No,Credit card (automatic),60.62,182.7,Yes
5946-26580,Male,0,Yes,No,16,Yes,Yes,Fiber optic,No,No,No,No,No,Yes,Month-to-month,Yes,Credit card (automatic),76.38,1242.54,Yes
1529-56043,Female,1,Yes,No,67,Yes,Yes,Fiber optic,No,Yes,No,No,No,No,Two year,Yes,Credit card (automatic),93.28,6341.3,No
2136-13849,Female,0,No,Yes,12,Yes,Yes,No,No internet service,No internet service,No internet service,No internet service,No internet service,No internet service,Month-to-month,Yes,Credit card (automatic),33.8,410.43,No
6360-69517,Female,0,Yes,Yes,34,Yes,No,Fiber optic,No,No,Yes,No,Yes,Yes,One year,No,Mailed check,92.87,3145.36,No
7555-55940,Female,0,Yes,No,46,Yes,Yes,No,No internet service,No internet service,No internet service,No internet service,No internet service,No internet service,Month-to-month,Yes,Credit card (automatic),29.83,1317.4,No
1967-15446,Male,0,No,No,63,Yes,Yes,DSL,No,No,No,No,No,No,Month-to-month,No,Electronic check,64.07,4117.76,No
8369-14247,Male,0,Yes,Yes,11,Yes,No,Fiber optic,Yes,Yes,No,No,Yes,No,Month-to-month,Yes,Electronic check,86.18,914.88,Yes
2384-69825,Male,0,Yes,No,37,Yes,No,Fiber optic,No,No,No,Yes,Yes,Yes,One year,No,Credit card (automatic),100.73,3587.01,Yes
9503-24165,Female,0,Yes,No,29,Yes,No,DSL,Yes,No,No,No,Yes,Yes,Month-to-month,Yes,Bank transfer (automatic),81.65,2291.88,No
4920-35862,Female,0,No,No,71,Yes,No,DSL,No,No,No,No,No,No,Two year,Yes,Mailed check,66.39,4718.1,No
3525-87935,Female,0,Yes,Yes,44,Yes,No,DSL,Yes,Yes,No,Yes,Yes,No,Month-to-month,Yes,Mailed check,73.17,3192.7,No
9353-79822,Male,1,No,Yes,12,Yes,No,DSL,No,No,No,Yes,Yes,No,Two year,No,Bank transfer (automatic),63.5,768.6,No
6662-65017,Female,0,No,No,33,Yes,No,Fiber optic,Yes,No,No,No,No,No,Month-to-month,No,Mailed check,112.14,3805.23,Yes
8017-92313,Male,0,Yes,No,12,No,No phone service,DSL,Yes,Yes,No,No,No,No,Month-to-month,No,Electronic check,68.53,813.41,No
6745-62549,Male,0,No,Yes,57,Yes,No,Fiber optic,Yes,Yes,No,No,Yes,No,One year,No,Electronic check,116.24,6395.25,No
3635-20754,Female,0,Yes,No,26,Yes,No,Fiber optic,No,No,No,No,Yes,No,Month-to-month,Yes,Bank transfer (automatic),90.25,2276.76,Yes
6694-54873,Male,0,No,No,37,Yes,No,Fiber optic,No,No,Yes,No,Yes,Yes,Month-to-month,No,Bank transfer (automatic),83.48,3009.6,Yes
1347-20096,Male,0,Yes,No,16,Yes,Yes,Fiber optic,Yes,No,No,Yes,Yes,No,Two year,Yes,Credit card (automatic),100.81,1616.97,No
2352-87528,Male,1,Yes,No,10,Yes,No,Fiber optic,No,No,No,No,Yes,Yes,One year,Yes,Credit card (automatic),82.63,856.44,Yes
4789-98573,Male,1,Yes,No,64,Yes,Yes,No,No internet service,No internet service,No internet service,No internet service,No internet service,No internet service,Two year,No,Electronic check,24.0,1595.79,No
7579-52772,Male,0,Yes,No,23,Yes,Yes,DSL,No,Yes,No,Yes,No,Yes,Month-to-month,Yes,Mailed check,68.01,1581.07,No
8262-95717,Female,0,No,No,18,No,No phone service,Fiber optic,Yes,Yes,No,No,Yes,Yes,One year,Yes,Bank transfer (automatic),118.16,2177.4,No
4689-97616,Female,0,Yes,Yes,1,Yes,No,Fiber optic,Yes,No,No,No,Yes,Yes,One year,Yes,Mailed check,86.19,86.94,No
8828-37327,Male,0,No,No,15,Yes,Yes,No,No internet service,No internet service,No internet service,No internet service,No internet service,No internet service,One year,Yes,Mailed check,27.24,408.93,No
5052-54256,Male,1,Yes,No,56,Yes,No,Fiber optic,No,No,Yes,No,No,Yes,One year,Yes,Mailed check,102.03,5570.96,No
4672-29635,Male,0,No,No,1,Yes,No,DSL,No,No,Yes,No,No,Yes,One year,No,Electronic check,58.03,58.96,Yes
8887-91531,Male,0,No,No,24,Yes,No,No,No internet service,No internet service,No internet service,No internet service,No internet service,No internet service,Two year,Yes,Bank transfer (automatic),28.32,702.01,No
7685-79439,Female,0,Yes,No,44,Yes,Yes,DSL,No,Yes,Yes,Yes,No,No,Month-to-month,Yes,Bank transfer (automatic),68.03,2921.71,No
5675-50172,Male,0,No,Yes,13,Yes,Yes,No,No internet service,No internet service,No internet service,No internet service,No internet service,No internet service,Month-to-month,Yes,Credit card (automatic),25.85,342.5,No
1392-86536,Male,1,No,No,42,No,No phone service,Fiber optic,Yes,No,No,No,No,Yes,Month-to-month,Yes,Electronic check,82.06,3357.71,Yes
9024-68463,Male,0,No,Yes,37,Yes,Yes,DSL,Yes,Yes,No,No,No,Yes,Month-to-month,No,Electronic check,61.66,2356.6,No
6131-16429,Male,0,No,Yes,48,Yes,Yes,Fiber optic,Yes,No,No,No,No,No,One year,Yes,Credit card (automatic),88.24,4348.0,No
4370-48480,Male,0,No,No,3,Yes,No,Fiber optic,No,No,Yes,No,Yes,Yes,Month-to-month,No,Mailed check,119.0,355.22,No
3881-41747,Male,1,Yes,No,33,Yes,No,DSL,No,No,Yes,No,No,No,Month-to-month,No,Bank transfer (automatic),61.81,2053.58,No
7554-36516,Female,0,No,No,29,No,No phone service,No,No internet service,No internet service,No internet service,No internet service,No internet service,No internet service,Two year,No,Electronic check,28.57,854.51,No
5131-77074,Female,0,Yes,No,40,Yes,No,DSL,Yes,Yes,No,Yes,Yes,No,Two year,No,Credit card (automatic),82.6,3254.67,No
6422-90059,Female,0,No,No,49,Yes,Yes,DSL,No,No,No,Yes,No,No,Month-to-month,Yes,Electronic check,59.81,2814.49,No
1832-50879,Male,0,No,No,34,Yes,No,DSL,No,Yes,No,No,Yes,Yes,Month-to-month,Yes,Mailed check,82.23,2753.11,Yes
7608-64213,Female,0,No,No,12,Yes,No,No,No internet service,No internet service,No internet service,No internet service,No internet service,No internet service,Month-to-month,Yes,Mailed check,26.26,303.38,No
1205-13934,Female,0,No,Yes,54,Yes,No,DSL,Yes,No,No,No,Yes,No,Month-to-month,No,Mailed check,71.84,3943.44,Yes
4776-19758,Male,0,Yes,No,43,No,No phone service,No,No internet service,No internet service,No internet service,No internet service,No internet service,No internet service,Month-to-month,Yes,Credit card (automatic),30.0,1267.05,No
4319-58052,Male,0,No,No,15,Yes,Yes,Fiber optic,No,No,Yes,Yes,Yes,Yes,Month-to-month,Yes,Mailed check,119.0,1738.24,No
2336-48490,Female,0,Yes,Yes,57,Yes,No,Fiber optic,No,No,Yes,No,No,Yes,One year,Yes,Electronic check,84.07,4659.62,No
8732-36703,Male,0,No,Yes,23,Yes,Yes,Fiber optic,No,No,No,No,No,No,Month-to-month,No,Electronic check,99.58,2239.73,No
7663-70139,Male,0,No,Yes,71,No,No phone service,Fiber optic,No,No,No,No,Yes,No,Month-to-month,Yes,Electronic check,92.89,6392.1,No
8287-19577,Female,0,Yes,No,7,No,No phone service,DSL,No,No,No,No,Yes,No,One year,No,Credit card (automatic),57.28,406.83,Yes
1593-85180,Female,0,No,No,41,No,No phone service,Fiber optic,No,No,Yes,No,No,Yes,Month-to-month,Yes,Electronic check,79.42,3324.98,Yes
8742-92376,Female,0,Yes,No,47,Yes,No,Fiber optic,No,No,No,No,No,No,Month-to-month,No,Credit card (automatic),80.1,3738.73,No
3697-54252,Female,0,No,Yes,35,Yes,No,DSL,Yes,Yes,No,No,No,Yes,Month-to-month,Yes,Mailed check,68.59,2304.7,No
8977-63504,Female,0,No,No,21,Yes,No,DSL,No,No,No,No,No,No,Month-to-month,Yes,Mailed check,49.71,1017.23,No
4012-67616,Female,0,No,No,57,Yes,No,DSL,No,No,Yes,No,Yes,No,Month-to-month,Yes,Credit card (automatic),75.63,4274.0,No
5122-93223,Male,0,No,No,40,Yes,Yes,DSL,No,No,No,No,No,Yes,Month-to-month,Yes,Bank transfer (automatic),55.54,2201.98,No
1058-27653,Female,0,Yes,No,3,Yes,Yes,Fiber optic,No,No,No,Yes,No,Yes,Month-to-month,No,Bank transfer (automatic),119.0,343.48,Yes
6872-40042,Female,1,Yes,No,52,Yes,Yes,No,No internet service,No internet service,No internet service,No internet service,No internet service,No internet service,Two year,No,Electronic check,32.18,1631.34,No
9452-80416,Female,0,Yes,No,14,Yes,Yes,No,No internet service,No internet service,No internet service,No internet service,No internet service,No internet service,Two year,No,Credit card (automatic),31.82,447.82,No
1728-34032,Female,1,Yes,No,22,Yes,Yes,DSL,Yes,Yes,No,No,Yes,No,Month-to-month,Yes,Bank transfer (automatic),68.45,1471.11,No
2620-89808,Male,0,Yes,No,51,Yes,No,Fiber optic,No,No,Yes,No,No,No,Two year,No,Credit card (automatic),110.48,5411.34,No
9415-97384,Male,0,No,No,17,Yes,Yes,Fiber optic,Yes,No,Yes,Yes,Yes,Yes,Month-to-month,Yes,Credit card (automatic),100.18,1687.19,No
3229-84516,Male,0,No,No,46,Yes,No,Fiber optic,No,No,No,No,Yes,Yes,Month-to-month,Yes,Bank transfer (automatic),93.64,4387.24,No
3882-87499,Male,0,Yes,Yes,42,Yes,Yes,DSL,No,No,No,Yes,No,No,Month-to-month,Yes,Mailed check,59.73,2499.55,Yes
6289-90845,Male,0,No,No,30,Yes,No,Fiber optic,No,No,Yes,Yes,No,Yes,Month-to-month,Yes,Credit card (automatic),103.49,3015.35,No
6927-63685,Female,0,No,No,32,Yes,Yes,Fiber optic,No,No,No,Yes,No,Yes,Month-to-month,No,Electronic check,96.19,3051.6,No
2477-48236,Female,1,Yes,No,17,Yes,Yes,Fiber optic,No,No,No,No,No,No,Two year,No,Bank transfer (automatic),104.48,1804.01,No
5692-26408,Male,0,No,No,22,Yes,No,DSL,Yes,No,No,Yes,No,No,Month-to-month,No,Electronic check,55.24,1239.86,Yes
2952-76667,Male,1,Yes,No,41,Yes,No,Fiber optic,Yes,No,Yes,No,No,No,Month-to-month,Yes,Bank transfer (automatic),97.93,3870.91,No
4961-82629,Female,0,No,No,33,Yes,Yes,DSL,No,Yes,No,No,Yes,No,Month-to-month,Yes,Electronic check,77.09,2562.88,Yes
1031-29846,Female,0,No,No,34,Yes,No,Fiber optic,Yes,No,No,No,Yes,Yes,Two year,No,Credit card (automatic),111.66,3714.68,No
9208-42913,Female,0,Yes,No,32,Yes,No,No,No internet service,No internet service,No internet service,No internet service,No internet service,No internet service,Month-to-month,Yes,Electronic check,22.0,712.68,No
9041-41948,Male,0,Yes,Yes,66,Yes,No,DSL,No,Yes,Yes,Yes,No,Yes,Two year,Yes,Bank transfer (automatic),84.98,5760.77,No
2131-24197,Male,1,No,Yes,36,Yes,No,Fiber optic,No,No,Yes,No,No,Yes,Month-to-month,No,Mailed check,110.42,3921.96,Yes
8753-52975,Female,1,Yes,No,22,Yes,Yes,Fiber optic,Yes,No,No,No,No,No,One year,Yes,Credit card (automatic),83.87,1872.54,No
1165-98423,Male,1,No,No,41,Yes,Yes,Fiber optic,No,Yes,No,No,Yes,No,Month-to-month,Yes,Credit card (automatic),100.83,4244.17,No
1971-86282,Male,1,No,No,36,No,No phone service,Fiber optic,No,No,No,No,Yes,Yes,Month-to-month,Yes,Credit card (automatic),105.09,3772.89,No
5161-17584,Male,0,Yes,No,66,Yes,Yes,Fiber optic,No,Yes,No,No,No,Yes,Month-to-month,Yes,Bank transfer (automatic),107.51,7247.61,Yes
6093-46199,Male,0,No,No,36,Yes,No,Fiber optic,No,Yes,No,No,No,No,Month-to-month,Yes,Mailed check,79.65,2842.1,Yes
5387-91876,Male,1,No,No,42,Yes,Yes,Fiber optic,No,No,Yes,No,Yes,Yes,Month-to-month,No,Bank transfer (automatic),109.32,4591.3,Yes
4746-19724,Female,0,Yes,No,36,Yes,Yes,DSL,No,Yes,No,Yes,Yes,No,Month-to-month,Yes,Electronic check,83.28,3073.25,No
7998-10753,Male,0,No,No,54,Yes,Yes,DSL,No,Yes,No,No,Yes,No,One year,Yes,Electronic check,59.93,3307.74,No
9171-70196,Female,0,No,No,44,Yes,No,Fiber optic,Yes,No,No,Yes,Yes,Yes,One year,Yes,Bank transfer (automatic),117.51,5010.07,No
1670-75971,Female,0,No,Yes,47,Yes,No,Fiber optic,No,No,No,No,No,No,Month-to-month,Yes,Mailed check,73.1,3513.57,Yes
7227-69599,Male,0,Yes,No,5,Yes,No,DSL,Yes,Yes,No,No,Yes,No,One year,Yes,Credit card (automatic),72.13,360.67,No
7004-78192,Male,0,Yes,Yes,19,No,No phone service,Fiber optic,No,No,No,No,Yes,Yes,Two year,Yes,Credit card (automatic),86.02,1610.35,No
4173-56235,Female,0,No,Yes,14,Yes,No,Fiber optic,No,Yes,No,No,No,No,Two year,No,Credit card (automatic),113.27,1618.5,No
6278-34531,Female,0,No,No,23,No,No phone service,Fiber optic,No,Yes,Yes,Yes,No,No,Month-to-month,No,Electronic check,100.22,2277.24,Yes
3861-36260,Male,0,Yes,No,44,Yes,Yes,DSL,Yes,Yes,No,No,Yes,Yes,Month-to-month,No,Credit card (automatic),71.94,3089.29,No
3994-35357,Male,0,No,No,41,Yes,No,No,No internet service,No internet service,No internet service,No internet service,No internet service,No internet service,Two year,No,Bank transfer (automatic),22.49,939.68,No
7510-45730,Female,0,No,No,27,Yes,Yes,No,No internet service,No internet service,No internet service,No internet service,No internet service,No internet service,Two year,No,Electronic check,27.1,712.61,No
2670-30193,Male,0,Yes,No,26,No,No phone service,No,No internet service,No internet service,No internet service,No internet service,No internet service,No internet service,Two year,No,Electronic check,29.62,759.31,No
5086-39684,Male,0,No,No,52,Yes,No,DSL,Yes,No,No,Yes,Yes,No,One year,No,Credit card (automatic),66.6,3367.78,No
9626-40387,Male,0,No,No,49,Yes,Yes,Fiber optic,No,No,No,No,Yes,No,One year,No,Mailed check,110.75,5480.12,No
9434-73343,Male,0,No,No,37,Yes,No,No,No internet service,No internet service,No internet service,No internet service,No internet service,No internet service,Two year,Yes,Electronic check,28.05,1038.64,No
5599-32420,Female,0,No,No,32,Yes,No,No,No internet service,No internet service,No internet service,No internet service,No internet service,No internet service,Month-to-month,Yes,Bank transfer (automatic),26.53,863.5,No
8561-93502,Male,0,No,Yes,21,Yes,No,DSL,Yes,Yes,Yes,No,No,No,Month-to-month,No,Electronic check,78.15,1609.79,No
7763-97652,Male,0,No,No,22,Yes,No,DSL,Yes,No,No,No,No,Yes,Two year,Yes,Bank transfer (automatic),76.11,1711.49,No
4197-87350,Female,0,No,No,13,Yes,No,Fiber optic,Yes,No,No,No,No,Yes,Two year,Yes,Mailed check,107.57,1359.59,No
8109-57201,Male,0,Yes,No,43,Yes,Yes,DSL,Yes,No,No,Yes,No,No,Month-to-month,No,Credit card (automatic),60.39,2568.89,No
9914-54951,Male,0,Yes,No,36,Yes,No,DSL,Yes,Yes,Yes,Yes,No,No,Month-to-month,Yes,Bank transfer (automatic),75.02,2807.02,No
4811-38467,Female,0,No,No,68,Yes,Yes,Fiber optic,Yes,No,No,No,No,Yes,Two year,No,Credit card (automatic),86.3,5758.57,No
4692-61186,Male,0,No,No,44,Yes,No,DSL,No,Yes,No,No,No,No,Month-to-month,Yes,Bank transfer (automatic),69.29,3061.95,No
9186-37310,Female,0,Yes,No,19,Yes,Yes,Fiber optic,Yes,Yes,No,No,Yes,No,One year,Yes,Credit card (automatic),93.37,1834.95,No
6559-57067,Male,0,Yes,No,25,Yes,Yes,Fiber optic,No,No,Yes,No,No,Yes,Month-to-month,Yes,Credit card (automatic),83.68,2155.08,No
1350-66397,Male,0,Yes,Yes,5,No,No phone service,DSL,No,No,No,No,No,Yes,Month-to-month,No,Bank transfer (automatic),60.42,303.14,Yes
5069-89185,Male,0,No,No,25,Yes,No,No,No internet service,No internet service,No internet service,No internet service,No internet service,No internet service,One year,Yes,Mailed check,25.67,642.32,No
3821-84927,Female,0,No,No,61,Yes,Yes,Fiber optic,No,No,Yes,No,Yes,Yes,Two year,Yes,Bank transfer (automatic),96.99,5740.26,No
2039-83344,Male,0,No,Yes,67,Yes,Yes,No,No internet service,No internet service,No internet service,No internet service,No internet service,No internet service,Month-to-month,Yes,Mailed check,29.97,2035.35,No
9385-95155,Male,0,Yes,No,6,Yes,No,DSL,Yes,Yes,No,No,Yes,Yes,Month-to-month,No,Mailed check,81.32,473.9,No
1987-70222,Female,0,No,No,48,Yes,No,Fiber optic,No,No,Yes,No,No,Yes,Month-to-month,Yes,Mailed check,81.27,3808.66,No
9290-73546,Male,0,Yes,No,24,No,No phone service,Fiber optic,No,No,No,No,No,Yes,Month-to-month,No,Bank transfer (automatic),76.7,1863.34,No
4050-67931,Female,0,Yes,No,37,Yes,Yes,No,No internet service,No internet service,No internet service,No internet service,No internet service,No internet service,Two year,Yes,Mailed check,33.38,1208.59,No
7847-59906,Male,0,Yes,Yes,71,No,No phone service,DSL,No,No,No,No,No,No,Month-to-month,Yes,Electronic check,44.98,3234.12,No
5880-20277,Female,0,No,Yes,62,Yes,Yes,Fiber optic,No,No,No,No,No,Yes,Two year,Yes,Bank transfer (automatic),88.76,5669.66,Yes
4811-42510,Male,0,No,No,72,No,No phone service,DSL,No,No,No,No,Yes,No,Two year,Yes,Credit card (automatic),72.45,5212.01,No
7081-20450,Female,0,Yes,Yes,21,Yes,No,No,No internet service,No internet service,No internet service,No internet service,No internet service,No internet service,Month-to-month,No,Electronic check,20.69,429.83,No
3049-64742,Male,1,Yes,No,4,Yes,No,DSL,No,No,Yes,No,Yes,Yes,Month-to-month,Yes,Credit card (automatic),79.0,305.27,No
1164-29840,Female,0,No,No,36,Yes,Yes,Fiber optic,No,No,Yes,No,Yes,Yes,Two year,No,Credit card (automatic),100.8,3569.71,No
6508-75093,Female,0,Yes,No,33,No,No phone service,Fiber optic,Yes,No,No,Yes,No,Yes,Month-to-month,Yes,Mailed check,96.53,3251.45,No
5003-35817,Male,1,No,No,21,No,No phone service,DSL,Yes,Yes,No,Yes,No,No,Two year,Yes,Credit card (automatic),75.57,1622.78,No
3438-26197,Male,0,Yes,Yes,44,No,No phone service,DSL,No,Yes,No,No,Yes,No,Month-to-month,Yes,Credit card (automatic),55.71,2474.34,Yes
2372-35554,Male,0,Yes,No,30,Yes,No,Fiber optic,No,Yes,No,No,Yes,Yes,Month-to-month,Yes,Bank transfer (automatic),105.07,3250.39,Yes
8237-60857,Female,0,Yes,No,2,Yes,No,Fiber optic,No,No,No,Yes,Yes,Yes,Month-to-month,No,Electronic check,96.89,199.87,Yes
5001-52796,Female,0,No,No,5,Yes,No,Fiber optic,No,Yes,Yes,No,No,Yes,Month-to-month,Yes,Electronic check,90.01,452.73,No
9548-98141,Female,0,Yes,No,19,Yes,No,DSL,Yes,Yes,Yes,No,No,No,One year,Yes,Credit card (automatic),82.19,1586.35,Yes
8514-11445,Male,0,Yes,Yes,32,Yes,No,Fiber optic,Yes,Yes,No,No,No,No,One year,Yes,Credit card (automatic),83.37,2669.97,No
9918-96748,Female,0,No,No,13,Yes,Yes,Fiber optic,No,No,No,No,No,No,Month-to-month,Yes,Credit card (automatic),76.2,1024.83,Yes
3843-24714,Male,0,Yes,Yes,14,Yes,Yes,Fiber optic,Yes,No,No,No,No,Yes,Month-to-month,Yes,Credit card (automatic),88.15,1204.85,Yes
8320-27746,Female,0,No,No,6,Yes,No,Fiber optic,Yes,No,No,No,Yes,Yes,Month-to-month,Yes,Credit card (automatic),99.39,616.47,Yes
6448-10214,Male,0,Yes,Yes,24,Yes,No,Fiber optic,No,No,No,No,Yes,Yes,Two year,Yes,Credit card (automatic),89.9,2140.61,No
2811-52981,Female,0,No,No,70,Yes,Yes,Fiber optic,No,Yes,No,Yes,No,Yes,Two year,Yes,Electronic check,119.0,8507.7,No
8982-70336,Female,0,Yes,Yes,47,Yes,Yes,No,No internet service,No internet service,No internet service,No internet service,No internet service,No internet service,One year,Yes,Mailed check,24.39,1176.11,No
7922-25392,Female,0,No,No,66,Yes,Yes,DSL,Yes,Yes,No,No,No,Yes,Two year,No,Electronic check,73.57,4736.19,No
2909-34177,Male,0,No,Yes,44,Yes,No,Fiber optic,No,No,Yes,No,Yes,Yes,Month-to-month,No,Bank transfer (automatic),111.03,5049.22,Yes
7074-82377,Male,0,No,Yes,51,Yes,No,Fiber optic,No,No,No,No,Yes,No,Month-to-month,No,Bank transfer (automatic),107.94,5317.68,No
5159-98307,Female,0,No,Yes,38,Yes,Yes,Fiber optic,No,Yes,No,No,Yes,Yes,Month-to-month,Yes,Credit card (automatic),91.38,3541.08,Yes
8019-23605,Male,0,Yes,Yes,54,Yes,Yes,DSL,No,No,Yes,No,Yes,No,Two year,Yes,Credit card (automatic),71.84,4022.94,No
2620-13335,Male,0,Yes,No,48,Yes,No,Fiber optic,No,Yes,No,No,No,Yes,Month-to-month,Yes,Electronic check,103.57,5158.9,Yes
1220-84769,Female,1,No,No,53,Yes,Yes,Fiber optic,No,No,No,Yes,Yes,Yes,Two year,No,Credit card (automatic),108.33,5550.2,No
4011-15967,Female,0,No,Yes,43,Yes,No,DSL,Yes,Yes,No,No,No,Yes,Month-to-month,No,Bank transfer (automatic),64.09,2820.23,No
8561-17837,Female,0,No,No,8,Yes,No,Fiber optic,No,Yes,No,No,Yes,No,Month-to-month,Yes,Credit card (automatic),82.07,640.79,Yes
7196-66492,Female,0,No,No,68,Yes,No,No,No internet service,No internet service,No internet service,No internet service,No internet service,No internet service,Month-to-month,Yes,Electronic check,25.16,1720.42,No
1164-66205,Male,0,No,Yes,41,Yes,Yes,Fiber optic,No,No,No,No,Yes,No,One year,No,Bank transfer (automatic),107.64,4372.6,No
2684-95270,Male,0,No,No,36,Yes,No,DSL,No,Yes,No,No,No,No,Month-to-month,Yes,Mailed check,48.07,1752.99,Yes
7690-63134,Female,0,No,No,30,Yes,No,DSL,No,No,Yes,No,Yes,No,Two year,Yes,Bank transfer (automatic),49.94,1497.93,No
1160-67916,Male,1,No,No,59,Yes,Yes,Fiber optic,Yes,No,No,Yes,Yes,Yes,One year,Yes,Credit card (automatic),119.0,7051.57,No
2184-12446,Male,0,Yes,No,45,Yes,No,No,No internet service,No internet service,No internet service,No internet service,No internet service,No internet service,Month-to-month,No,Credit card (automatic),24.98,1096.36,No
9354-37756,Male,1,No,No,6,No,No phone service,Fiber optic,No,Yes,No,No,Yes,No,One year,No,Mailed check,103.7,614.61,Yes
5955-62925,Female,1,No,No,35,Yes,Yes,Fiber optic,Yes,No,No,No,No,No,Month-to-month,No,Electronic check,94.23,3379.98,Yes
3495-54294,Female,0,Yes,No,43,Yes,Yes,DSL,No,Yes,No,No,Yes,Yes,Two year,No,Bank transfer (automatic),58.8,2450.02,No
5733-22697,Male,1,No,No,43,No,No phone service,DSL,Yes,No,Yes,Yes,No,No,Month-to-month,No,Credit card (automatic),76.32,3313.59,Yes
3315-24975,Male,0,No,No,56,Yes,Yes,Fiber optic,No,Yes,No,No,Yes,No,One year,No,Credit card (automatic),115.35,6347.15,Yes
9269-47576,Male,0,Yes,No,30,Yes,Yes,Fiber optic,No,No,No,Yes,Yes,No,Month-to-month,No,Electronic check,112.54,3430.25,Yes
2090-60341,Female,0,No,No,22,Yes,Yes,Fiber optic,No,Yes,No,No,Yes,Yes,Month-to-month,Yes,Mailed check,113.1,2536.54,Yes
7623-22209,Male,0,Yes,No,55,Yes,No,DSL,Yes,No,Yes,Yes,No,No,One year,Yes,Credit card (automatic),57.06,3037.11,No
3458-28607,Female,0,Yes,Yes,6,Yes,No,DSL,Yes,Yes,No,No,No,Yes,Month-to-month,Yes,Bank transfer (automatic),68.64,422.33,No
3963-96661,Male,1,No,Yes,23,Yes,No,DSL,No,No,No,No,No,Yes,One year,Yes,Electronic check,59.22,1308.68,No
1487-23408,Male,0,No,Yes,33,Yes,No,No,No internet service,No internet service,No internet service,No internet service,No internet service,No internet service,Month-to-month,Yes,Electronic check,21.17,725.12,No
9381-60529,Male,0,No,Yes,14,Yes,No,DSL,Yes,Yes,Yes,Yes,Yes,Yes,Month-to-month,Yes,Mailed check,75.28,1091.66,Yes
4358-11330,Female,0,Yes,No,38,Yes,Yes,Fiber optic,No,No,Yes,No,Yes,No,Month-to-month,No,Credit card (automatic),84.97,3130.13,Yes
9893-10208,Male,0,No,No,9,Yes,Yes,DSL,Yes,Yes,No,Yes,Yes,Yes,One year,Yes,Bank transfer (automatic),73.81,687.68,No
6408-65787,Male,0,Yes,Yes,43,Yes,No,DSL,Yes,Yes,No,No,Yes,Yes,Month-to-month,No,Mailed check,75.13,3107.07,No
6761-82191,Male,0,No,No,32,Yes,No,DSL,Yes,No,No,Yes,Yes,Yes,Month-to-month,No,Credit card (automatic),86.0,2749.99,No
3882-24879,Male,1,Yes,Yes,53,Yes,No,Fiber optic,Yes,No,No,No,No,No,Month-to-month,Yes,Mailed check,74.06,3999.47,No
2584-39376,Male,0,No,No,50,Yes,No,DSL,No,No,No,No,No,Yes,Month-to-month,Yes,Mailed check,54.18,2641.93,No
3934-70819,Female,0,Yes,No,14,Yes,No,Fiber optic,No,No,No,No,Yes,No,One year,No,Electronic check,110.7,1561.49,Yes
4789-20015,Male,0,Yes,Yes,34,Yes,No,Fiber optic,No,No,Yes,No,Yes,Yes,Two year,Yes,Bank transfer (automatic),90.91,3154.1,Yes
1253-20269,Male,0,Yes,No,57,Yes,No,No,No internet service,No internet service,No internet service,No internet service,No internet service,No internet service,One year,Yes,Credit card (automatic),29.47,1618.16,No
7498-84334,Male,1,No,No,36,Yes,No,Fiber optic,Yes,No,No,No,Yes,Yes,Month-to-month,Yes,Bank transfer (automatic),119.0,4252.64,No
5464-89158,Female,0,No,No,24,Yes,No,Fiber optic,No,No,No,No,Yes,Yes,Month-to-month,Yes,Credit card (automatic),83.49,2048.41,No
6506-28192,Male,0,No,No,1,Yes,Yes,DSL,No,No,Yes,No,Yes,No,One year,Yes,Bank transfer (automatic),64.4,63.51,No
3648-70444,Male,0,Yes,No,35,Yes,No,Fiber optic,Yes,No,No,No,No,Yes,Two year,No,Bank transfer (automatic),100.61,3463.07,No
1066-67193,Male,1,Yes,Yes,48,Yes,No,Fiber optic,No,No,No,Yes,Yes,Yes,Month-to-month,Yes,Bank transfer (automatic),119.0,5485.58,Yes
6407-85674,Male,0,No,No,6,Yes,Yes,Fiber optic,No,No,Yes,No,Yes,Yes,One year,Yes,Electronic check,104.15,627.14,No
9254-49462,Male,0,Yes,Yes,1,Yes,No,No,No internet service,No internet service,No internet service,No internet service,No internet service,No internet service,Month-to-month,No,Credit card (automatic),20.74,20.35,No
5094-57180,Female,0,No,No,24,Yes,Yes,DSL,No,Yes,No,No,No,Yes,Month-to-month,Yes,Credit card (automatic),80.56,1892.19,No
5316-33974,Male,0,No,No,20,Yes,No,Fiber optic,No,Yes,No,No,No,No,Month-to-month,No,Electronic check,102.19,2044.72,Yes
6829-80286,Male,0,No,No,6,Yes,No,DSL,Yes,Yes,No,No,No,No,Month-to-month,Yes,Credit card (automatic),67.51,411.86,No
1552-98055,Male,0,No,No,36,No,No phone service,Fiber optic,No,Yes,Yes,No,No,No,Month-to-month,No,Electronic check,85.99,3129.8,Yes
4089-39595,Male,0,Yes,No,5,Yes,No,Fiber optic,No,No,No,No,No,No,Month-to-month,Yes,Electronic check,85.73,439.77,Yes
9826-19144,Female,1,Yes,No,35,Yes,Yes,No,No internet service,No internet service,No internet service,No internet service,No internet service,No internet service,Month-to-month,No,Bank transfer (automatic),28.59,979.55,No
6381-50110,Female,0,No,No,37,Yes,No,Fiber optic,Yes,No,No,No,Yes,No,Month-to-month,Yes,Mailed check,92.95,3329.39,No
8631-10607,Female,1,Yes,No,24,Yes,No,Fiber optic,No,No,No,No,Yes,No,Month-to-month,Yes,Electronic check,97.29,2384.29,No
4550-74150,Male,0,No,Yes,12,No,No phone service,DSL,No,Yes,No,Yes,No,Yes,Month-to-month,No,Mailed check,77.26,942.14,No
4236-65629,Female,0,No,No,56,Yes,No,DSL,No,No,No,Yes,Yes,No,Two year,Yes,Mailed check,76.21,4318.85,No
9019-34389,Male,0,Yes,No,5,No,No phone service,Fiber optic,No,No,No,No,No,Yes,One year,Yes,Bank transfer (automatic),84.1,436.85,No
8967-79062,Female,0,No,Yes,49,Yes,No,DSL,Yes,Yes,Yes,No,No,Yes,Month-to-month,No,Credit card (automatic),67.09,3295.09,No
3174-76973,Female,0,Yes,No,35,Yes,No,Fiber optic,No,No,Yes,No,No,Yes,Month-to-month,Yes,Bank transfer (automatic),101.23,3619.28,No
8079-53119,Female,0,No,No,5,Yes,Yes,Fiber optic,No,No,Yes,No,Yes,No,Month-to-month,No,Credit card (automatic),117.04,575.61,Yes
7328-54343,Female,0,Yes,No,36,No,No phone service,Fiber optic,No,No,No,Yes,No,Yes,Month-to-month,No,Bank transfer (automatic),109.67,3829.24,Yes
2270-66430,Male,0,No,No,7,Yes,No,DSL,No,Yes,No,No,Yes,Yes,Month-to-month,Yes,Credit card (automatic),62.73,424.62,No
2559-94459,Male,0,Yes,No,31,Yes,Yes,Fiber optic,No,Yes,No,No,No,No,Month-to-month,Yes,Bank transfer (automatic),100.58,3096.33,No
5788-17919,Female,1,Yes,No,12,Yes,No,No,No internet service,No internet service,No internet service,No internet service,No internet service,No internet service,Month-to-month,No,Mailed check,20.77,249.28,No
6257-85569,Male,0,Yes,No,11,Yes,No,DSL,No,No,No,No,No,No,One year,No,Credit card (automatic),61.48,692.39,No
8464-37926,Female,0,Yes,Yes,31,Yes,Yes,DSL,Yes,No,No,No,No,No,Month-to-month,No,Credit card (automatic),58.16,1781.1,No
5786-60230,Female,0,No,No,40,Yes,Yes,Fiber optic,No,No,No,No,No,Yes,Month-to-month,Yes,Credit card (automatic),82.17,3282.3,Yes
3747-48195,Female,0,Yes,No,39,No,No phone service,Fiber optic,No,No,No,No,Yes,Yes,Month-to-month,No,Bank transfer (automatic),79.87,3180.75,Yes
4052-10023,Male,0,Yes,No,44,Yes,Yes,Fiber optic,No,No,No,Yes,Yes,Yes,Two year,Yes,Electronic check,119.0,5047.02,No
2762-42464,Female,0,Yes,No,48,Yes,No,No,No internet service,No internet service,No internet service,No internet service,No internet service,No internet service,One year,No,Credit card (automatic),19.09,919.42,No
8926-95010,Male,0,Yes,Yes,4,Yes,Yes,Fiber optic,No,Yes,Yes,No,No,Yes,One year,No,Credit card (automatic),115.96,477.84,No
6728-31259,Male,0,Yes,No,38,Yes,No,No,No internet service,No internet service,No internet service,No internet service,No internet service,No internet service,Two year,Yes,Bank transfer (automatic),23.47,872.26,No
7253-75916,Male,0,Yes,No,38,Yes,Yes,No,No internet service,No internet service,No internet service,No internet service,No internet service,No internet service,Month-to-month,No,Bank transfer (automatic),35.09,1281.07,No
1919-12019,Female,0,No,Yes,35,Yes,Yes,DSL,No,Yes,No,Yes,Yes,Yes,Month-to-month,Yes,Electronic check,84.49,2958.58,Yes
5472-31093,Female,1,No,No,58,Yes,No,DSL,No,No,No,No,No,No,One year,No,Credit card (automatic),54.15,3035.81,No
6800-54892,Female,0,No,No,38,Yes,Yes,No,No internet service,No internet service,No internet service,No internet service,No internet service,No internet service,Month-to-month,Yes,Electronic check,28.86,1085.2,No
2015-53874,Female,0,Yes,Yes,24,Yes,No,No,No internet service,No internet service,No internet service,No internet service,No internet service,No internet service,One year,Yes,Credit card (automatic),25.17,607.83,No
5372-99998,Male,0,No,No,45,Yes,Yes,Fiber optic,No,No,No,No,Yes,No,Month-to-month,Yes,Mailed check,77.22,3406.58,No
8272-70601,Male,0,No,No,43,Yes,No,DSL,No,No,No,No,No,No,Month-to-month,Yes,Mailed check,58.41,2512.31,No
9322-62000,Female,0,No,No,38,No,No phone service,DSL,No,Yes,No,Yes,No,No,Month-to-month,Yes,Credit card (automatic),58.5,2173.19,Yes
3563-74146,Male,0,Yes,Yes,63,Yes,Yes,No,No internet service,No internet service,No internet service,No internet service,No internet service,No internet service,Month-to-month,No,Mailed check,30.9,1871.02,No
2598-98513,Male,0,Yes,Yes,32,Yes,No,DSL,Yes,Yes,No,No,Yes,No,One year,No,Mailed check,60.18,1953.23,No
2435-47583,Female,0,Yes,No,14,Yes,Yes,No,No internet service,No internet service,No internet service,No internet service,No internet service,No internet service,Month-to-month,Yes,Mailed check,26.17,375.05,No
4912-75141,Female,0,Yes,No,15,No,No phone service,Fiber optic,No,Yes,No,No,Yes,No,Month-to-month,Yes,Bank transfer (automatic),111.77,1735.62,Yes
5509-56361,Male,1,No,Yes,30,Yes,No,No,No internet service,No internet service,No internet service,No internet service,No internet service,No internet service,Month-to-month,No,Credit card (automatic),27.71,814.24,No
6813-67755,Female,0,Yes,No,27,Yes,No,DSL,Yes,Yes,No,No,Yes,Yes,Two year,Yes,Credit card (automatic),68.8,1809.67,No
7270-31790,Male,0,Yes,Yes,51,Yes,Yes,No,No internet service,No internet service,No internet service,No internet service,No internet service,No internet service,Two year,No,Credit card (automatic),28.56,1420.39,No
1987-82853,Male,0,Yes,No,36,Yes,No,Fiber optic,Yes,No,Yes,No,Yes,Yes,One year,Yes,Credit card (automatic),100.27,3502.94,Yes
6348-52190,Male,0,Yes,No,30,Yes,Yes,Fiber optic,No,No,Yes,No,No,Yes,Month-to-month,Yes,Electronic check,90.82,2828.78,No
1221-55009,Female,0,Yes,Yes,21,Yes,Yes,DSL,Yes,Yes,Yes,No,Yes,No,Month-to-month,No,Credit card (automatic),84.46,1765.82,No
3364-86248,Male,1,Yes,No,20,Yes,Yes,DSL,No,No,No,Yes,No,No,Month-to-month,No,Mailed check,51.36,1035.48,Yes
3313-24501,Male,0,No,No,36,Yes,No,DSL,No,Yes,No,No,No,No,Month-to-month,No,Electronic check,71.57,2575.48,Yes
8907-66322,Female,0,Yes,No,26,Yes,No,Fiber optic,Yes,Yes,Yes,No,No,Yes,Month-to-month,No,Credit card (automatic),117.87,2958.33,No
1489-16005,Female,0,No,No,39,No,No phone service,DSL,No,Yes,Yes,No,No,No,Two year,Yes,Mailed check,76.81,3076.06,No
2681-22176,Female,0,No,Yes,0,Yes,No,Fiber optic,No,Yes,No,No,No,No,Month-to-month,Yes,Electronic check,92.06,,Yes
2582-20257,Female,0,No,Yes,7,Yes,Yes,DSL,No,No,No,No,No,No,Month-to-month,No,Credit card (automatic),44.79,304.47,Yes
4221-74407,Female,1,No,No,16,Yes,Yes,Fiber optic,No,Yes,No,No,Yes,No,Month-to-month,No,Electronic check,108.34,1800.94,Yes
9276-41285,Female,0,Yes,No,19,Yes,No,DSL,No,No,No,No,No,Yes,Month-to-month,No,Credit card (automatic),62.22,1226.4,Yes
7276-99421,Female,0,No,Yes,36,Yes,No,No,No internet service,No internet service,No internet service,No internet service,No internet service,No internet service,Month-to-month,No,Mailed check,24.19,894.1,No
6500-15300,Female,0,No,No,49,Yes,Yes,DSL,Yes,Yes,Yes,No,No,No,One year,Yes,Credit card (automatic),83.0,4218.4,No
2832-10650,Male,0,No,Yes,15,Yes,No,No,No internet service,No internet service,No internet service,No internet service,No internet service,No internet service,Two year,Yes,Electronic check,19.59,301.85,No
2698-83411,Male,0,Yes,Yes,38,Yes,No,Fiber optic,No,No,No,No,No,Yes,One year,No,Mailed check,78.75,3011.23,No
2133-56386,Female,0,No,No,53,Yes,Yes,DSL,Yes,No,No,Yes,No,No,Two year,No,Mailed check,80.81,4114.24,No
2443-76409,Male,0,Yes,No,23,No,No phone service,No,No internet service,No internet service,No internet service,No internet service,No internet service,No internet service,Month-to-month,No,Electronic check,23.71,551.57,No
1422-83304,Female,0,No,No,4,Yes,No,DSL,No,No,No,No,Yes,No,One year,Yes,Bank transfer (automatic),67.15,265.54,No
7957-78998,Male,0,Yes,Yes,32,Yes,No,Fiber optic,No,No,No,No,No,No,Two year,Yes,Mailed check,81.72,2531.66,No
1983-77022,Female,1,Yes,No,21,Yes,Yes,Fiber optic,No,Yes,Yes,No,Yes,Yes,Month-to-month,Yes,Mailed check,100.24,2090.54,Yes
6271-40891,Male,0,No,Yes,37,Yes,Yes,Fiber optic,Yes,No,No,No,Yes,No,Two year,Yes,Bank transfer (automatic),91.83,3433.01,No
8583-65468,Female,0,No,No,72,Yes,No,DSL,No,No,Yes,Yes,Yes,Yes,Two year,Yes,Electronic check,61.02,4415.69,No
2023-54649,Male,0,No,No,50,Yes,Yes,DSL,No,Yes,No,No,Yes,No,One year,Yes,Credit card (automatic),68.17,3323.54,No
2838-97765,Male,0,No,No,4,Yes,Yes,No,No internet service,No internet service,No internet service,No internet service,No internet service,No internet service,Month-to-month,No,Mailed check,29.55,120.37,No
9256-23513,Male,0,No,No,35,Yes,No,DSL,Yes,No,No,No,Yes,Yes,Month-to-month,Yes,Mailed check,73.06,2466.87,No
2288-32273,Female,0,Yes,No,6,Yes,No,Fiber optic,Yes,No,Yes,No,No,Yes,One year,No,Credit card (automatic),119.0,725.96,Yes
5005-49845,Male,0,No,Yes,53,Yes,Yes,No,No internet service,No internet service,No internet service,No internet service,No internet service,No internet service,Two year,No,Mailed check,31.48,1681.93,No
7698-26212,Female,0,Yes,Yes,37,Yes,Yes,DSL,Yes,No,No,Yes,Yes,No,Month-to-month,No,Bank transfer (automatic),71.15,2612.58,No
3561-71181,Male,0,Yes,No,43,Yes,No,DSL,Yes,Yes,No,No,No,No,Month-to-month,No,Electronic check,57.93,2411.92,No
8405-14154,Male,0,No,Yes,1,Yes,No,DSL,No,Yes,No,Yes,No,No,Month-to-month,No,Bank transfer (automatic),55.88,54.43,No
6387-62211,Female,0,Yes,Yes,22,Yes,Yes,No,No internet service,No internet service,No internet service,No internet service,No internet service,No internet service,Month-to-month,Yes,Mailed check,27.95,595.62,No
2418-66019,Male,0,No,Yes,16,No,No phone service,No,No internet service,No internet service,No internet service,No internet service,No internet service,No internet service,Two year,Yes,Credit card (automatic),28.65,464.31,No
3413-32247,Male,0,Yes,No,45,Yes,No,No,No internet service,No internet service,No internet service,No internet service,No internet service,No internet service,Month-to-month,No,Mailed check,29.25,1330.58,No
9407-26879,Female,0,Yes,No,39,Yes,Yes,Fiber optic,No,No,Yes,No,Yes,No,Month-to-month,Yes,Credit card (automatic),118.28,4526.0,No
2525-42278,Female,0,Yes,No,32,No,No phone service,Fiber optic,No,Yes,Yes,No,No,Yes,One year,Yes,Credit card (automatic),115.82,3729.33,No
2593-23521,Female,0,No,No,4,Yes,No,No,No internet service,No internet service,No internet service,No internet service,No internet service,No internet service,Month-to-month,Yes,Electronic check,23.42,96.79,No
3310-39433,Male,0,No,No,52,Yes,No,No,No internet service,No internet service,No internet service,No internet service,No internet service,No internet service,One year,Yes,Electronic check,27.1,1404.7,No
1797-98645,Female,1,Yes,Yes,21,Yes,No,DSL,Yes,No,Yes,No,No,Yes,Month-to-month,Yes,Bank transfer (automatic),66.12,1411.64,No
3129-58184,Male,0,Yes,No,42,Yes,Yes,DSL,Yes,No,No,Yes,No,No,Month-to-month,No,Mailed check,73.83,3106.53,No
7972-28072,Female,0,Yes,No,57,Yes,No,Fiber optic,No,Yes,No,Yes,No,No,Two year,No,Electronic check,79.08,4600.97,Yes
1272-13950,Female,0,Yes,No,14,Yes,Yes,Fiber optic,No,No,Yes,No,Yes,Yes,Month-to-month,Yes,Credit card (automatic),102.0,1407.33,Yes
4031-47560,Male,0,No,No,27,Yes,No,Fiber optic,No,Yes,No,No,Yes,Yes,Month-to-month,Yes,Mailed check,104.17,2780.04,Yes
1252-85419,Male,0,No,No,70,Yes,Yes,DSL,Yes,Yes,No,Yes,Yes,Yes,Month-to-month,Yes,Credit card (automatic),82.49,5546.24,No
1760-27476,Male,0,Yes,Yes,31,Yes,No,No,No internet service,No internet service,No internet service,No internet service,No internet service,No internet service,One year,No,Electronic check,26.79,814.87,No
9742-33207,Male,0,Yes,No,9,Yes,No,Fiber optic,No,No,No,No,Yes,Yes,Month-to-month,Yes,Credit card (automatic),106.46,920.33,Yes
2225-51426,Male,0,No,No,68,Yes,No,DSL,No,Yes,Yes,No,No,Yes,Month-to-month,Yes,Electronic check,66.37,4477.28,No
9934-12292,Female,0,Yes,Yes,11,Yes,No,Fiber optic,No,Yes,No,No,Yes,No,Month-to-month,Yes,Bank transfer (automatic),80.32,875.17,Yes
6382-67778,Male,0,Yes,Yes,29,Yes,No,No,No internet service,No internet service,No internet service,No internet service,No internet service,No internet service,Two year,Yes,Credit card (automatic),19.92,583.59,No
9251-64463,Male,0,No,No,26,Yes,No,Fiber optic,No,No,No,No,No,No,One year,Yes,Credit card (automatic),70.67,1785.12,Yes
8869-51792,Female,0,Yes,No,57,Yes,No,No,No internet service,No internet service,No internet service,No internet service,No internet service,No internet service,Two year,Yes,Credit card (automatic),25.38,1427.54,No
2958-24191,Male,0,Yes,No,20,Yes,No,No,No internet service,No internet service,No internet service,No internet service,No internet service,No internet service,One year,No,Credit card (automatic),28.08,576.82,No
4282-45556,Female,0,Yes,Yes,33,Yes,No,DSL,Yes,No,No,No,No,No,Two year,Yes,Mailed check,56.73,1830.38,No
1864-94620,Female,0,No,No,29,Yes,No,DSL,No,No,Yes,Yes,No,Yes,Month-to-month,Yes,Bank transfer (automatic),61.17,1766.58,No
7322-18204,Female,0,Yes,Yes,17,Yes,No,DSL,No,No,Yes,No,No,No,Month-to-month,No,Credit card (automatic),62.78,1047.09,No
9860-58299,Male,0,No,No,46,Yes,Yes,Fiber optic,No,No,No,No,No,No,Two year,No,Credit card (automatic),108.95,4912.64,Yes
8632-65131,Male,0,Yes,Yes,54,Yes,Yes,Fiber optic,No,No,No,No,Yes,Yes,Two year,Yes,Electronic check,96.28,5394.55,No
7728-49562,Female,0,Yes,Yes,23,Yes,No,Fiber optic,No,No,No,Yes,No,No,Two year,Yes,Electronic check,87.7,2093.17,No
2253-54079,Female,1,No,No,20,Yes,Yes,Fiber optic,No,No,No,No,No,Yes,Two year,No,Credit card (automatic),111.98,2156.69,No
4919-83833,Male,1,Yes,Yes,48,Yes,Yes,DSL,No,Yes,No,No,No,Yes,One year,Yes,Electronic check,78.72,3694.52,No
8245-46931,Female,0,Yes,No,31,Yes,No,DSL,No,No,No,No,No,Yes,Month-to-month,No,Mailed check,66.54,2126.2,No
5169-14683,Female,0,Yes,Yes,54,Yes,No,Fiber optic,Yes,No,No,No,Yes,No,Two year,Yes,Mailed check,80.25,4364.25,No
3372-80265,Male,0,No,No,39,No,No phone service,DSL,No,Yes,No,No,No,No,Month-to-month,Yes,Mailed check,68.83,2746.85,No
6056-14694,Female,0,Yes,Yes,16,Yes,No,DSL,No,Yes,No,No,Yes,No,Two year,No,Credit card (automatic),54.75,872.68,No
6092-54898,Male,0,No,No,61,No,No phone service,No,No internet service,No internet service,No internet service,No internet service,No internet service,No internet service,Two year,No,Credit card (automatic),29.36,1827.67,No
3449-64382,Female,0,Yes,Yes,40,No,No phone service,Fiber optic,Yes,Yes,No,No,No,No,One year,Yes,Bank transfer (automatic),118.18,4619.3,No
9506-11664,Female,0,Yes,No,27,Yes,Yes,Fiber optic,No,No,Yes,No,No,Yes,Month-to-month,No,Bank transfer (automatic),83.8,2284.29,No
8290-22422,Female,0,Yes,Yes,49,No,No phone service,DSL,Yes,Yes,Yes,No,No,No,One year,Yes,Mailed check,73.86,3743.36,No
6952-32441,Male,0,Yes,No,38,No,No phone service,No,No internet service,No internet service,No internet service,No internet service,No internet service,No internet service,Two year,Yes,Bank transfer (automatic),22.8,887.8,No
8469-99852,Male,0,No,No,48,Yes,No,No,No internet service,No internet service,No internet service,No internet service,No internet service,No internet service,Month-to-month,No,Electronic check,26.7,1324.02,Yes
8828-23974,Female,0,Yes,Yes,14,Yes,No,Fiber optic,Yes,No,No,No,No,Yes,Month-to-month,No,Bank transfer (automatic),97.07,1316.9,Yes
9800-90577,Female,1,No,Yes,55,Yes,No,DSL,Yes,Yes,Yes,No,Yes,Yes,One year,No,Credit card (automatic),72.15,4116.64,No
4669-91126,Female,0,Yes,Yes,17,Yes,Yes,No,No internet service,No internet service,No internet service,No internet service,No internet service,No internet service,Two year,Yes,Credit card (automatic),26.85,459.8,No
6276-90388,Male,0,No,Yes,36,Yes,No,Fiber optic,No,Yes,No,No,Yes,No,One year,Yes,Mailed check,101.68,3626.34,Yes
9651-48405,Male,0,Yes,No,22,Yes,No,No,No internet service,No internet service,No internet service,No internet service,No internet service,No internet service,One year,Yes,Credit card (automatic),27.63,620.42,No
8237-36632,Female,0,No,No,12,Yes,No,Fiber optic,No,No,No,No,Yes,Yes,Month-to-month,No,Mailed check,81.96,983.9,No
9086-62971,Male,0,Yes,No,34,Yes,No,No,No internet service,No internet service,No internet service,No internet service,No internet service,No internet service,Month-to-month,No,Credit card (automatic),19.27,681.17,No
1938-86143,Female,0,No,No,58,Yes,No,Fiber optic,No,No,No,No,No,No,Two year,No,Mailed check,69.4,4028.21,No
5000-91303,Male,1,No,Yes,53,Yes,Yes,Fiber optic,No,No,No,No,Yes,No,Month-to-month,No,Credit card (automatic),88.32,4815.42,Yes
2047-57592,Male,0,No,Yes,7,No,No phone service,Fiber optic,No,No,No,No,Yes,Yes,Month-to-month,No,Mailed check,114.23,789.5,Yes
3512-74834,Male,0,Yes,Yes,30,Yes,Yes,DSL,Yes,Yes,No,No,No,No,Month-to-month,No,Mailed check,67.08,2030.01,No
6198-89500,Female,0,No,Yes,23,Yes,Yes,Fiber optic,No,No,No,No,Yes,Yes,Month-to-month,Yes,Mailed check,109.23,2528.49,Yes
4542-67599,Female,1,Yes,No,68,Yes,No,Fiber optic,No,No,No,No,No,No,Month-to-month,Yes,Credit card (automatic),99.02,6818.75,Yes
4536-55346,Male,0,Yes,Yes,66,Yes,Yes,Fiber optic,Yes,No,No,No,No,Yes,Two year,Yes,Credit card (automatic),96.33,6204.46,No
3976-29716,Male,1,No,Yes,42,Yes,No,Fiber optic,Yes,No,Yes,No,Yes,No,Month-to-month,No,Credit card (automatic),87.89,3692.97,Yes
8251-81197,Female,0,No,Yes,36,Yes,No,DSL,No,Yes,No,No,No,Yes,One year,No,Mailed check,49.48,1739.02,No
9304-98815,Male,0,Yes,No,3,Yes,No,DSL,No,Yes,No,No,Yes,Yes,Month-to-month,Yes,Bank transfer (automatic),66.91,193.92,No
2613-95826,Female,0,No,Yes,16,Yes,Yes,Fiber optic,No,No,No,Yes,Yes,Yes,Two year,Yes,Credit card (automatic),86.64,1409.14,No
9059-28038,Male,0,No,No,36,Yes,Yes,DSL,No,Yes,No,No,Yes,Yes,Month-to-month,Yes,Bank transfer (automatic),76.47,2688.15,Yes
9916-81652,Male,0,Yes,No,27,Yes,No,DSL,Yes,No,No,No,No,Yes,Month-to-month,No,Mailed check,67.88,1864.97,Yes
3511-27286,Male,1,Yes,No,12,No,No phone service,Fiber optic,No,No,No,No,Yes,Yes,Month-to-month,No,Mailed check,99.7,1151.91,Yes
7280-88454,Female,0,No,No,69,Yes,Yes,Fiber optic,No,Yes,No,No,Yes,No,Two year,Yes,Credit card (automatic),89.29,6181.13,Yes
1657-80604,Male,0,Yes,No,22,Yes,Yes,No,No internet service,No internet service,No internet service,No internet service,No internet service,No internet service,One year,No,Credit card (automatic),28.21,622.4,No
2168-90286,Female,1,Yes,No,13,Yes,Yes,Fiber optic,No,No,No,No,Yes,Yes,One year,Yes,Electronic check,119.0,1542.45,No
9070-10062,Male,1,Yes,No,11,Yes,Yes,Fiber optic,Yes,Yes,No,No,Yes,No,Month-to-month,Yes,Electronic check,110.51,1231.39,Yes
4228-37060,Male,1,No,No,8,No,No phone service,DSL,Yes,Yes,No,Yes,No,Yes,Month-to-month,Yes,Mailed check,72.79,574.5,No
4658-90599,Female,1,Yes,No,37,Yes,No,DSL,No,No,No,No,No,Yes,Two year,No,Bank transfer (automatic),59.27,2240.9,No
8079-33565,Female,0,Yes,Yes,30,Yes,No,Fiber optic,No,Yes,No,No,No,No,Month-to-month,No,Electronic check,103.71,3227.36,No
6984-37260,Male,1,Yes,No,21,Yes,Yes,Fiber optic,Yes,Yes,No,No,Yes,Yes,One year,Yes,Mailed check,119.0,2512.26,No
7366-31469,Male,0,Yes,No,52,Yes,No,Fiber optic,No,No,Yes,No,No,Yes,Two year,Yes,Credit card (automatic),97.07,5240.63,No
3181-39926,Male,0,No,No,29,Yes,No,Fiber optic,Yes,Yes,Yes,No,Yes,No,One year,Yes,Credit card (automatic),103.82,3030.15,No
2229-72224,Female,0,No,No,32,Yes,Yes,DSL,No,No,No,Yes,Yes,Yes,Month-to-month,No,Mailed check,72.4,2350.97,No
8241-82532,Male,0,No,No,13,Yes,No,Fiber optic,No,No,Yes,No,Yes,Yes,Month-to-month,Yes,Credit card (automatic),93.04,1191.97,Yes
2271-69976,Male,0,No,No,19,Yes,Yes,DSL,No,No,No,No,No,No,Month-to-month,No,Credit card (automatic),51.35,1006.53,Yes
1982-80063,Male,1,Yes,No,28,Yes,Yes,Fiber optic,No,No,No,No,No,Yes,Two year,No,Credit card (automatic),111.97,3028.41,No
1992-25715,Female,0,No,No,18,Yes,No,Fiber optic,Yes,No,No,No,Yes,Yes,Two year,Yes,Credit card (automatic),93.09,1648.52,No
9848-71292,Male,0,No,No,49,Yes,No,Fiber optic,No,No,Yes,No,No,No,Month-to-month,Yes,Credit card (automatic),91.79,4332.68,No
8115-46037,Female,0,No,Yes,72,Yes,No,Fiber optic,No,Yes,No,No,Yes,Yes,Two year,Yes,Bank transfer (automatic),87.02,6487.71,No
6509-32714,Male,0,No,Yes,35,Yes,No,Fiber optic,No,Yes,No,No,Yes,Yes,Month-to-month,No,Credit card (automatic),85.66,2894.52,Yes
8073-78551,Male,0,Yes,No,29,Yes,No,No,No internet service,No internet service,No internet service,No internet service,No internet service,No internet service,Month-to-month,Yes,Electronic check,27.77,816.75,No
8639-47359,Male,0,No,Yes,5,Yes,No,DSL,No,No,No,Yes,No,No,Month-to-month,No,Electronic check,59.72,296.42,Yes
7979-69750,Male,0,Yes,Yes,51,Yes,No,No,No internet service,No internet service,No internet service,No internet service,No internet service,No internet service,Two year,No,Electronic check,23.0,1129.8,No
1550-41257,Male,0,No,No,28,Yes,No,Fiber optic,Yes,No,No,No,Yes,Yes,Month-to-month,Yes,Mailed check,83.53,2386.52,No
7834-75538,Female,0,Yes,No,19,Yes,No,Fiber optic,No,Yes,No,No,Yes,Yes,Month-to-month,Yes,Mailed check,119.0,2313.19,Yes
8842-60310,Male,0,No,Yes,41,Yes,Yes,DSL,No,Yes,Yes,No,No,No,Month-to-month,No,Credit card (automatic),80.36,3233.39,Yes
4588-45220,Female,0,No,Yes,9,Yes,Yes,DSL,Yes,Yes,No,No,No,No,Month-to-month,Yes,Mailed check,78.23,691.89,No
8247-17419,Male,0,No,No,49,Yes,No,No,No internet service,No internet service,No internet service,No internet service,No internet service,No internet service,Month-to-month,Yes,Electronic check,19.51,920.26,No
8629-71728,Male,0,Yes,No,47,Yes,Yes,DSL,No,Yes,Yes,No,No,No,Month-to-month,Yes,Mailed check,77.88,3693.89,No
5617-58134,Male,0,No,No,27,Yes,No,Fiber optic,No,No,No,No,No,Yes,Two year,Yes,Bank transfer (automatic),112.18,3043.25,No
5108-69492,Male,0,No,Yes,33,Yes,Yes,DSL,No,Yes,Yes,No,No,Yes,Two year,Yes,Credit card (automatic),61.39,2052.77,No
2311-92977,Female,0,No,No,38,Yes,Yes,DSL,No,Yes,Yes,No,No,Yes,Month-to-month,No,Bank transfer (automatic),87.87,3219.31,No
7827-31946,Male,0,No,No,58,Yes,Yes,No,No internet service,No internet service,No internet service,No internet service,No internet service,No internet service,Two year,No,Electronic check,28.68,1680.63,No
6085-80675,Female,0,No,No,30,Yes,Yes,Fiber optic,No,No,No,No,Yes,Yes,Two year,No,Mailed check,94.13,2769.03,Yes
5295-62878,Female,0,No,No,53,Yes,Yes,Fiber optic,No,No,No,Yes,Yes,Yes,Two year,No,Credit card (automatic),100.91,5287.21,No
3935-65958,Female,0,Yes,No,49,Yes,Yes,DSL,Yes,Yes,No,No,Yes,Yes,Month-to-month,Yes,Credit card (automatic),78.6,3967.4,No
8605-49816,Male,0,Yes,No,14,Yes,No,DSL,No,No,No,No,No,No,Two year,Yes,Bank transfer (automatic),45.06,639.03,No
7311-69803,Male,1,No,No,14,Yes,Yes,Fiber optic,No,No,No,No,Yes,Yes,One year,No,Bank transfer (automatic),101.24,1405.09,No
2065-45501,Female,0,No,No,29,Yes,Yes,DSL,No,No,Yes,No,No,No,Month-to-month,Yes,Electronic check,59.06,1762.79,No
4257-59503,Male,0,Yes,No,19,Yes,Yes,DSL,No,No,Yes,No,No,No,One year,Yes,Mailed check,55.95,1089.33,No
8571-30658,Male,1,Yes,No,45,Yes,Yes,Fiber optic,No,Yes,Yes,No,No,No,Month-to-month,No,Mailed check,85.6,3706.71,No
1093-40550,Female,0,Yes,No,72,Yes,No,DSL,Yes,Yes,Yes,Yes,No,Yes,Two year,Yes,Mailed check,64.27,4616.59,No
5404-59221,Female,0,No,No,35,Yes,No,No,No internet service,No internet service,No internet service,No internet service,No internet service,No internet service,One year,Yes,Bank transfer (automatic),29.85,1030.86,No
3738-44908,Female,1,No,No,43,Yes,Yes,Fiber optic,No,No,Yes,No,Yes,No,Month-to-month,Yes,Electronic check,92.31,4018.29,No
4129-59806,Male,0,No,No,40,Yes,Yes,DSL,No,Yes,Yes,No,Yes,No,Month-to-month,Yes,Credit card (automatic),60.07,2355.42,No
3625-18436,Female,0,Yes,No,56,Yes,Yes,Fiber optic,No,No,No,No,Yes,Yes,Two year,Yes,Bank transfer (automatic),117.77,6614.22,No
7551-55325,Male,0,Yes,No,9,No,No phone service,Fiber optic,No,Yes,Yes,No,No,No,Month-to-month,No,Bank transfer (automatic),103.56,953.35,Yes
2704-53398,Female,0,No,Yes,32,Yes,Yes,Fiber optic,Yes,No,No,Yes,Yes,No,Two year,Yes,Electronic check,119.0,3807.03,No
9439-50169,Female,0,Yes,Yes,9,No,No phone service,No,No internet service,No internet service,No internet service,No internet service,No internet service,No internet service,One year,No,Electronic check,27.76,253.49,No
8826-61854,Female,0,Yes,No,20,Yes,Yes,Fiber optic,No,No,No,No,Yes,Yes,Month-to-month,Yes,Bank transfer (automatic),88.61,1754.83,No
2184-77663,Female,1,Yes,Yes,38,Yes,No,DSL,No,No,Yes,No,Yes,No,Month-to-month,No,Bank transfer (automatic),69.97,2729.76,No
1514-99401,Male,0,No,No,46,Yes,Yes,Fiber optic,Yes,No,Yes,No,Yes,Yes,Two year,No,Bank transfer (automatic),119.0,5317.44,Yes
8887-43389,Male,0,No,Yes,22,Yes,Yes,Fiber optic,No,Yes,No,No,No,Yes,Two year,Yes,Electronic check,119.0,2659.12,No
5680-95602,Male,0,Yes,No,6,Yes,Yes,DSL,No,No,No,Yes,No,Yes,Month-to-month,No,Electronic check,73.84,450.12,Yes
4237-96821,Male,0,Yes,No,33,Yes,No,No,No internet service,No internet service,No internet service,No internet service,No internet service,No internet service,Month-to-month,Yes,Bank transfer (automatic),19.6,621.04,No
8414-12364,Female,0,No,No,17,Yes,No,DSL,Yes,No,No,Yes,No,No,Month-to-month,No,Credit card (automatic),58.97,988.93,Yes
8067-84827,Male,0,Yes,No,7,Yes,No,DSL,No,Yes,No,No,No,No,One year,Yes,Mailed check,55.56,395.79,No
6865-41256,Female,0,Yes,No,28,Yes,Yes,No,No internet service,No internet service,No internet service,No internet service,No internet service,No internet service,Month-to-month,No,Bank transfer (automatic),26.85,723.72,No
7685-49118,Male,1,Yes,Yes,45,Yes,No,DSL,No,Yes,No,Yes,Yes,No,Month-to-month,No,Electronic check,63.68,2774.14,No
6606-32104,Male,0,Yes,No,43,Yes,Yes,DSL,Yes,No,No,Yes,Yes,No,Month-to-month,No,Mailed check,66.97,2876.52,No
1450-97169,Male,0,No,Yes,39,Yes,No,DSL,No,No,Yes,No,No,Yes,Two year,Yes,Electronic check,54.13,2061.11,No
6276-50874,Female,0,No,No,63,Yes,No,Fiber optic,No,No,No,Yes,Yes,Yes,Month-to-month,No,Mailed check,105.63,6706.57,No
6005-86303,Female,0,Yes,No,47,Yes,Yes,DSL,No,Yes,No,No,No,Yes,One year,Yes,Bank transfer (automatic),63.65,2953.39,No
7759-31434,Female,0,No,No,64,Yes,No,Fiber optic,No,No,No,No,Yes,Yes,Month-to-month,Yes,Electronic check,83.73,5487.38,Yes
9056-42069,Male,0,Yes,No,51,Yes,No,Fiber optic,No,Yes,No,Yes,Yes,Yes,One year,Yes,Credit card (automatic),116.94,6050.62,Yes
2567-57378,Male,0,No,No,19,Yes,No,Fiber optic,No,Yes,Yes,No,No,No,One year,Yes,Mailed check,90.2,1711.84,No
9602-85296,Female,1,Yes,Yes,33,Yes,Yes,No,No internet service,No internet service,No internet service,No internet service,No internet service,No internet service,Two year,No,Credit card (automatic),25.57,843.0,No
2926-72421,Female,0,Yes,No,9,Yes,No,No,No internet service,No internet service,No internet service,No internet service,No internet service,No internet service,One year,No,Mailed check,27.27,246.34,No
8529-72334,Male,1,No,Yes,0,Yes,Yes,DSL,Yes,No,No,No,Yes,Yes,Month-to-month,Yes,Credit card (automatic),89.08,,Yes
8922-26187,Female,1,No,No,35,Yes,Yes,No,No internet service,No internet service,No internet service,No internet service,No internet service,No internet service,Month-to-month,No,Bank transfer (automatic),32.48,1113.46,No
3361-38312,Male,0,No,No,6,No,No phone service,DSL,No,No,No,Yes,No,Yes,Month-to-month,Yes,Mailed check,56.95,343.13,No
2297-46116,Male,0,No,No,45,No,No phone service,No,No internet service,No internet service,No internet service,No internet service,No internet service,No internet service,Month-to-month,Yes,Electronic check,24.23,1081.87,No
2680-72910,Female,1,No,No,35,Yes,Yes,Fiber optic,No,No,Yes,No,No,Yes,Two year,No,Mailed check,112.21,3804.28,No
6437-80099,Male,1,No,Yes,14,No,No phone service,DSL,No,No,No,Yes,No,No,Month-to-month,Yes,Credit card (automatic),54.91,746.22,No
4879-55629,Male,1,Yes,Yes,61,Yes,Yes,Fiber optic,No,Yes,No,No,Yes,No,Two year,Yes,Bank transfer (automatic),106.35,6411.85,No
9270-62176,Female,0,Yes,No,34,Yes,No,Fiber optic,No,No,Yes,Yes,No,No,Month-to-month,Yes,Credit card (automatic),87.71,2951.14,Yes
6245-13328,Female,0,No,Yes,37,Yes,No,No,No internet service,No internet service,No internet service,No internet service,No internet service,No internet service,Two year,Yes,Credit card (automatic),25.99,989.03,No
2489-84148,Male,1,No,No,12,Yes,Yes,Fiber optic,No,No,No,No,No,Yes,Two year,Yes,Electronic check,84.01,1038.03,No
6887-95796,Male,1,No,No,28,Yes,No,Fiber optic,No,No,Yes,No,No,Yes,One year,Yes,Bank transfer (automatic),90.16,2554.25,No
8506-71803,Female,0,Yes,No,33,Yes,No,Fiber optic,No,No,No,No,Yes,Yes,Month-to-month,No,Electronic check,109.82,3696.47,Yes
1949-38398,Female,1,Yes,No,39,Yes,Yes,Fiber optic,No,Yes,No,Yes,Yes,No,Two year,Yes,Credit card (automatic),114.01,4622.1,No
2778-50587,Female,0,Yes,No,15,Yes,No,Fiber optic,No,No,No,No,No,Yes,Two year,No,Bank transfer (automatic),106.23,1546.49,No
5866-86980,Female,1,No,No,12,Yes,Yes,Fiber optic,No,No,No,No,No,No,Month-to-month,No,Bank transfer (automatic),110.09,1352.18,Yes
8440-36688,Male,0,Yes,No,41,Yes,No,No,No internet service,No internet service,No internet service,No internet service,No internet service,No internet service,Two year,No,Mailed check,24.91,1015.76,No
2964-53947,Female,1,No,No,53,Yes,Yes,Fiber optic,No,No,No,No,No,Yes,Two year,Yes,Mailed check,95.91,5203.79,No
9873-27869,Male,0,Yes,No,41,Yes,No,Fiber optic,No,No,No,No,No,Yes,Month-to-month,Yes,Credit card (automatic),85.66,3389.61,No
3200-28873,Male,0,Yes,Yes,9,Yes,No,No,No internet service,No internet service,No internet service,No internet service,No internet service,No internet service,Month-to-month,No,Mailed check,19.31,168.82,No
1213-10521,Female,0,No,No,45,Yes,No,Fiber optic,No,No,No,No,Yes,No,Month-to-month,Yes,Electronic check,86.14,3931.93,Yes
3216-40618,Male,0,Yes,No,25,Yes,No,Fiber optic,No,Yes,No,No,No,No,Month-to-month,No,Bank transfer (automatic),94.84,2433.99,No
9648-80495,Female,0,No,No,17,Yes,Yes,Fiber optic,No,Yes,Yes,No,No,No,Two year,No,Electronic check,116.51,2002.63,No
2143-71867,Male,1,Yes,No,15,No,No phone service,Fiber optic,No,No,No,No,Yes,No,Two year,No,Credit card (automatic),96.28,1411.99,No
8661-73042,Female,0,No,No,23,Yes,No,Fiber optic,No,No,No,No,Yes,Yes,Month-to-month,Yes,Mailed check,97.21,2316.81,Yes
7631-13971,Female,1,No,Yes,11,Yes,No,No,No internet service,No internet service,No internet service,No internet service,No internet service,No internet service,One year,Yes,Electronic check,28.84,322.32,No
9061-47373,Male,0,No,Yes,52,Yes,No,Fiber optic,No,Yes,No,Yes,No,Yes,Month-to-month,No,Mailed check,111.11,5762.83,No
8160-54927,Male,0,Yes,No,0,Yes,Yes,Fiber optic,No,No,Yes,No,Yes,Yes,Month-to-month,Yes,Credit card (automatic),101.57,,Yes
3614-13665,Female,0,Yes,No,53,Yes,Yes,DSL,No,No,Yes,No,No,No,One year,Yes,Bank transfer (automatic),56.36,2928.49,No
3195-69176,Male,0,No,No,5,Yes,Yes,DSL,Yes,No,Yes,No,No,Yes,One year,Yes,Bank transfer (automatic),57.42,289.02,Yes
2490-39529,Male,0,No,No,34,Yes,Yes,Fiber optic,No,Yes,Yes,No,Yes,No,Month-to-month,Yes,Credit card (automatic),119.0,3907.05,Yes
5118-56590,Male,0,No,No,36,Yes,Yes,No,No internet service,No internet service,No internet service,No internet service,No internet service,No internet service,Month-to-month,Yes,Bank transfer (automatic),32.54,1157.66,No
5239-15876,Female,1,No,No,35,Yes,Yes,Fiber optic,Yes,No,No,No,Yes,No,Two year,Yes,Bank transfer (automatic),93.46,3236.2,No
1088-68384,Male,0,No,No,42,Yes,Yes,No,No internet service,No internet service,No internet service,No internet service,No internet service,No internet service,Month-to-month,No,Credit card (automatic),25.35,1024.52,No
6946-59537,Female,1,No,Yes,48,Yes,No,No,No internet service,No internet service,No internet service,No internet service,No internet service,No internet service,Month-to-month,Yes,Electronic check,28.29,1376.67,No
5943-85223,Male,0,No,No,41,Yes,No,Fiber optic,No,No,No,No,No,No,Two year,No,Credit card (automatic),75.32,3116.59,Yes
1347-33455,Male,0,No,No,15,Yes,No,DSL,No,Yes,No,No,No,No,Two year,No,Credit card (automatic),45.77,702.14,No
8605-35638,Male,0,No,Yes,31,No,No phone service,Fiber optic,No,Yes,No,No,Yes,No,One year,Yes,Electronic check,113.07,3396.62,No
9572-90576,Female,0,No,No,62,Yes,Yes,No,No internet service,No internet service,No internet service,No internet service,No internet service,No internet service,Month-to-month,No,Credit card (automatic),32.35,2000.93,No
9298-22160,Male,0,No,Yes,23,Yes,Yes,Fiber optic,No,No,No,No,Yes,Yes,One year,Yes,Electronic check,88.7,1967.27,Yes
9580-25435,Male,0,Yes,No,28,Yes,No,No,No internet service,No internet service,No internet service,No internet service,No internet service,No internet service,One year,Yes,Electronic check,24.15,659.28,No
9835-15129,Female,0,Yes,No,28,Yes,No,No,No internet service,No internet service,No internet service,No internet service,No internet service,No internet service,Month-to-month,Yes,Credit card (automatic),27.53,769.1,No
3335-21426,Male,0,No,Yes,45,Yes,Yes,DSL,No,No,No,No,No,Yes,Month-to-month,Yes,Electronic check,73.94,3319.56,No
1755-61255,Male,0,No,No,28,Yes,Yes,Fiber optic,Yes,No,No,No,No,Yes,Month-to-month,No,Electronic check,92.68,2676.87,No
8505-47228,Male,0,Yes,No,37,Yes,Yes,Fiber optic,No,No,No,No,No,No,Month-to-month,No,Credit card (automatic),81.16,3072.32,Yes
8242-54559,Male,0,No,Yes,31,Yes,Yes,Fiber optic,No,No,Yes,No,No,Yes,Two year,Yes,Credit card (automatic),110.53,3332.64,Yes
9434-30525,Female,1,No,No,46,Yes,Yes,DSL,No,No,No,No,No,No,One year,No,Credit card (automatic),48.95,2233.36,No
8120-13880,Female,0,No,No,35,Yes,No,Fiber optic,No,Yes,No,No,Yes,No,Month-to-month,Yes,Electronic check,105.19,3667.99,No
5057-29427,Female,0,No,No,49,Yes,Yes,Fiber optic,No,No,No,Yes,Yes,Yes,Month-to-month,Yes,Credit card (automatic),104.26,5275.47,No
7869-42845,Female,0,Yes,No,17,Yes,No,Fiber optic,No,No,No,No,Yes,No,Month-to-month,Yes,Electronic check,95.74,1584.02,Yes
5052-78224,Male,0,Yes,Yes,33,Yes,Yes,No,No internet service,No internet service,No internet service,No internet service,No internet service,No internet service,Month-to-month,Yes,Credit card (automatic),33.23,1116.88,No
3280-20611,Male,0,Yes,No,45,Yes,Yes,Fiber optic,No,No,No,No,No,Yes,Month-to-month,No,Credit card (automatic),93.98,4167.59,Yes
7191-13065,Male,1,No,No,59,Yes,No,Fiber optic,No,Yes,Yes,No,Yes,No,Two year,Yes,Mailed check,91.73,5305.27,No
7331-93615,Female,0,Yes,Yes,46,Yes,Yes,DSL,No,Yes,No,No,No,No,Two year,Yes,Mailed check,73.12,3263.76,Yes
7320-32725,Male,0,No,No,43,Yes,No,DSL,Yes,No,No,Yes,No,No,Two year,Yes,Electronic check,77.27,3352.12,No
7585-72992,Female,0,No,No,23,Yes,Yes,Fiber optic,No,Yes,No,No,No,Yes,Month-to-month,No,Electronic check,87.69,2030.57,Yes
2481-50523,Male,0,No,No,18,Yes,No,Fiber optic,No,No,No,Yes,Yes,No,Two year,Yes,Credit card (automatic),88.33,1609.29,No
8750-45311,Female,0,No,No,16,Yes,No,Fiber optic,No,Yes,No,Yes,Yes,Yes,One year,No,Electronic check,119.0,1972.76,Yes
2221-54147,Male,0,No,No,9,Yes,Yes,No,No internet service,No internet service,No internet service,No internet service,No internet service,No internet service,Month-to-month,No,Bank transfer (automatic),29.14,253.62,No
7762-17553,Female,1,No,No,32,Yes,Yes,Fiber optic,Yes,Yes,Yes,Yes,Yes,Yes,Month-to-month,No,Electronic check,119.0,3767.82,No
5010-96190,Female,0,Yes,No,42,Yes,Yes,DSL,Yes,No,No,No,No,Yes,Month-to-month,Yes,Bank transfer (automatic),81.54,3394.0,No
5750-47891,Female,0,Yes,Yes,38,Yes,Yes,Fiber optic,No,No,No,Yes,Yes,No,Month-to-month,No,Credit card (automatic),96.97,3774.93,No
7993-49301,Male,0,No,No,60,Yes,Yes,Fiber optic,No,No,No,No,Yes,No,Two year,Yes,Electronic check,118.44,7231.7,No
1314-12762,Male,0,Yes,Yes,55,Yes,No,Fiber optic,Yes,No,No,No,Yes,No,One year,Yes,Mailed check,114.92,6134.62,No
5482-93212,Female,0,No,Yes,48,Yes,Yes,DSL,Yes,No,Yes,No,Yes,No,Two year,Yes,Electronic check,77.73,3716.02,No
9470-73495,Male,0,Yes,Yes,59,No,No phone service,Fiber optic,No,No,No,No,Yes,No,One year,Yes,Bank transfer (automatic),103.96,5984.69,No
8004-12075,Female,1,No,No,16,Yes,No,DSL,No,Yes,No,Yes,No,Yes,Month-to-month,Yes,Credit card (automatic),59.81,981.19,No
8059-64003,Female,0,Yes,No,45,Yes,No,Fiber optic,Yes,No,No,No,No,Yes,Month-to-month,Yes,Mailed check,99.89,4666.01,No
3251-64351,Female,1,No,No,2,Yes,No,No,No internet service,No internet service,No internet service,No internet service,No internet service,No internet service,Month-to-month,No,Electronic check,21.2,43.94,No
3786-55194,Female,0,Yes,No,38,Yes,No,DSL,No,Yes,No,Yes,Yes,No,Two year,No,Electronic check,57.97,2135.48,No
4660-45531,Female,0,No,No,44,Yes,Yes,Fiber optic,Yes,No,Yes,No,Yes,No,Month-to-month,Yes,Electronic check,107.47,4776.0,No
7188-36766,Male,1,Yes,Yes,9,Yes,Yes,Fiber optic,No,Yes,Yes,No,No,No,Month-to-month,Yes,Electronic check,99.44,916.23,Yes
4868-71134,Male,0,No,Yes,11,Yes,No,Fiber optic,No,No,Yes,No,No,Yes,Month-to-month,Yes,Mailed check,108.06,1190.13,No
7588-74000,Male,0,Yes,Yes,49,No,No phone service,Fiber optic,Yes,No,No,No,Yes,No,Two year,No,Electronic check,94.27,4791.98,No
8159-11785,Male,0,No,No,15,Yes,Yes,Fiber optic,No,Yes,No,No,Yes,Yes,Month-to-month,Yes,Electronic check,84.74,1277.13,Yes
5426-81906,Female,0,No,Yes,44,No,No phone service,No,No internet service,No internet service,No internet service,No internet service,No internet service,No internet service,Month-to-month,Yes,Bank transfer (automatic),29.81,1283.4,No
6364-63244,Male,1,No,No,27,Yes,No,No,No internet service,No internet service,No internet service,No internet service,No internet service,No internet service,One year,No,Mailed check,23.15,609.13,No
4667-77388,Male,0,No,No,2,Yes,Yes,DSL,No,No,No,Yes,No,Yes,Month-to-month,No,Credit card (automatic),54.29,104.81,Yes
2471-44313,Female,1,No,No,24,No,No phone service,No,No internet service,No internet service,No internet service,No internet service,No internet service,No internet service,One year,No,Bank transfer (automatic),27.02,664.43,No
2463-55088,Female,0,No,No,15,Yes,Yes,DSL,No,Yes,No,No,No,Yes,One year,Yes,Bank transfer (automatic),53.81,798.99,No
1605-31931,Male,0,Yes,No,35,Yes,Yes,DSL,Yes,Yes,Yes,No,Yes,Yes,Month-to-month,No,Credit card (automatic),100.46,3386.74,Yes
8069-78214,Female,0,No,Yes,6,Yes,No,Fiber optic,No,Yes,No,No,No,Yes,Month-to-month,Yes,Mailed check,88.12,509.72,Yes
5276-39418,Male,0,Yes,No,66,Yes,Yes,No,No internet service,No internet service,No internet service,No internet service,No internet service,No internet service,Month-to-month,Yes,Bank transfer (automatic),30.65,1955.57,No
2492-40273,Female,1,No,Yes,0,No,No phone service,DSL,Yes,No,No,No,Yes,No,Month-to-month,No,Bank transfer (automatic),58.74,,No
9833-69010,Female,0,Yes,No,49,Yes,Yes,DSL,Yes,Yes,No,No,Yes,No,One year,Yes,Electronic check,72.9,3552.85,No
9487-64799,Female,0,Yes,Yes,47,Yes,Yes,DSL,No,Yes,No,No,No,No,Month-to-month,No,Mailed check,74.33,3368.55,No
1286-48984,Female,0,No,No,2,No,No phone service,Fiber optic,No,No,No,No,No,Yes,Month-to-month,Yes,Credit card (automatic),92.38,181.09,No
2083-76231,Female,0,Yes,No,44,Yes,Yes,Fiber optic,No,No,No,No,No,Yes,One year,Yes,Credit card (automatic),106.41,4550.81,No
3238-87093,Female,1,Yes,No,27,Yes,No,Fiber optic,No,Yes,No,No,Yes,No,One year,Yes,Bank transfer (automatic),105.92,2765.16,No
6290-41015,Female,0,Yes,No,21,Yes,Yes,DSL,Yes,Yes,Yes,No,Yes,No,Two year,Yes,Electronic check,95.09,1999.03,No
7988-34600,Male,0,No,Yes,53,Yes,No,DSL,No,Yes,No,No,No,No,Two year,No,Bank transfer (automatic),58.02,3045.83,No
7657-44135,Female,0,Yes,No,37,Yes,No,Fiber optic,Yes,Yes,No,No,Yes,No,Month-to-month,No,Electronic check,103.58,3837.16,Yes
4613-41458,Female,0,Yes,No,31,Yes,Yes,DSL,Yes,No,No,No,Yes,No,Month-to-month,Yes,Mailed check,63.28,1959.28,Yes
7827-78390,Female,1,No,Yes,42,Yes,Yes,DSL,Yes,Yes,Yes,No,No,No,One year,Yes,Credit card (automatic),83.59,3553.5,No
4904-51820,Female,0,No,Yes,30,No,No phone service,Fiber optic,No,Yes,No,No,Yes,Yes,Two year,No,Credit card (automatic),116.06,3464.91,No
8155-19912,Female,0,Yes,Yes,41,Yes,Yes,Fiber optic,No,No,No,No,Yes,Yes,Month-to-month,No,Mailed check,99.44,4050.3,Yes
9307-21002,Male,0,No,Yes,14,Yes,Yes,No,No internet service,No internet service,No internet service,No internet service,No internet service,No internet service,Two year,No,Credit card (automatic),31.31,440.88,No
8946-23335,Male,0,Yes,No,23,Yes,Yes,DSL,Yes,No,No,No,Yes,No,One year,Yes,Electronic check,64.22,1500.32,No
3641-36714,Male,1,No,Yes,22,Yes,Yes,DSL,No,Yes,No,No,No,Yes,Month-to-month,Yes,Credit card (automatic),54.67,1210.14,Yes
9996-65394,Female,0,Yes,No,26,Yes,Yes,No,No internet service,No internet service,No internet service,No internet service,No internet service,No internet service,Two year,Yes,Credit card (automatic),30.77,822.9,No
1569-42911,Female,0,Yes,Yes,45,No,No phone service,Fiber optic,No,No,No,Yes,Yes,No,Month-to-month,Yes,Credit card (automatic),78.57,3504.77,No
8951-47078,Male,0,Yes,No,34,Yes,No,Fiber optic,No,No,No,Yes,No,Yes,Two year,Yes,Mailed check,78.79,2664.41,No
4417-64306,Male,1,No,Yes,37,Yes,Yes,DSL,Yes,Yes,No,Yes,No,No,Month-to-month,Yes,Bank transfer (automatic),59.28,2255.56,No
8796-71278,Female,1,Yes,No,41,Yes,No,Fiber optic,No,No,Yes,No,No,No,One year,Yes,Credit card (automatic),90.4,3586.03,No
9250-57772,Female,0,No,No,50,Yes,No,No,No internet service,No internet service,No internet service,No internet service,No internet service,No internet service,One year,Yes,Bank transfer (automatic),25.54,1321.09,No
4085-89869,Female,0,No,No,8,Yes,No,Fiber optic,No,No,Yes,No,No,Yes,Month-to-month,Yes,Mailed check,112.99,910.66,Yes
9648-38399,Male,0,No,No,27,Yes,Yes,No,No internet service,No internet service,No internet service,No internet service,No internet service,No internet service,One year,Yes,Credit card (automatic),26.49,711.02,No
6119-43802,Male,0,No,No,45,Yes,No,Fiber optic,No,Yes,No,No,No,Yes,Month-to-month,Yes,Electronic check,79.04,3611.0,Yes
7915-58728,Male,0,Yes,No,21,Yes,No,Fiber optic,Yes,No,Yes,No,Yes,Yes,Month-to-month,Yes,Electronic check,119.0,2409.45,Yes
2103-29466,Male,0,Yes,No,51,Yes,No,DSL,Yes,No,Yes,Yes,Yes,No,Month-to-month,No,Electronic check,77.83,3992.84,No
2279-62163,Female,1,Yes,No,38,Yes,No,No,No internet service,No internet service,No internet service,No internet service,No internet service,No internet service,Two year,Yes,Electronic check,29.82,1165.01,No
9520-29240,Male,0,No,Yes,25,Yes,No,Fiber optic,No,No,No,No,No,No,Two year,Yes,Mailed check,77.59,1948.4,No
3751-26652,Female,0,Yes,Yes,32,Yes,No,DSL,No,No,No,Yes,No,No,Month-to-month,Yes,Credit card (automatic),65.0,2062.57,No
2547-13498,Female,0,No,Yes,60,Yes,Yes,Fiber optic,No,No,Yes,No,Yes,Yes,Two year,No,Credit card (automatic),107.38,6348.64,No
8183-33773,Male,0,No,No,28,Yes,No,No,No internet service,No internet service,No internet service,No internet service,No internet service,No internet service,Two year,Yes,Bank transfer (automatic),19.51,529.54,No
9227-94279,Male,0,No,Yes,16,Yes,Yes,Fiber optic,No,No,No,No,Yes,No,Month-to-month,No,Credit card (automatic),102.09,1634.88,Yes
5136-23584,Female,0,No,Yes,19,Yes,No,DSL,No,Yes,No,No,Yes,No,Two year,No,Mailed check,72.1,1405.56,No
2376-47643,Male,1,Yes,No,41,Yes,Yes,Fiber optic,No,No,No,No,Yes,No,Month-to-month,Yes,Mailed check,82.02,3237.96,No
2911-49954,Male,0,Yes,No,25,Yes,No,Fiber optic,No,No,No,No,Yes,Yes,Two year,Yes,Credit card (automatic),100.32,2478.66,No
1631-36190,Female,1,No,No,40,Yes,Yes,Fiber optic,No,No,Yes,No,No,No,One year,No,Credit card (automatic),93.37,3823.13,No
8834-81147,Female,0,Yes,No,36,Yes,No,No,No internet service,No internet service,No internet service,No internet service,No internet service,No internet service,Two year,No,Mailed check,29.23,1033.5,No
2001-43973,Female,0,No,Yes,64,Yes,No,Fiber optic,No,No,No,No,Yes,Yes,Month-to-month,No,Credit card (automatic),118.8,7416.41,Yes
7621-51432,Male,0,No,No,36,No,No phone service,DSL,No,Yes,Yes,No,No,No,Month-to-month,No,Credit card (automatic),51.66,1913.14,No
6241-77729,Male,1,Yes,Yes,14,Yes,Yes,No,No internet service,No internet service,No internet service,No internet service,No internet service,No internet service,Two year,Yes,Mailed check,25.24,342.02,No
6534-94675,Male,0,Yes,Yes,34,Yes,Yes,Fiber optic,No,No,No,Yes,No,Yes,One year,Yes,Bank transfer (automatic),96.44,3193.0,No
6358-50379,Male,0,Yes,No,5,Yes,No,DSL,No,No,No,Yes,No,No,One year,No,Mailed check,55.37,286.86,No
7372-62097,Male,0,Yes,Yes,4,No,No phone service,DSL,No,Yes,No,No,No,No,One year,No,Mailed check,66.1,256.07,Yes
5052-41591,Female,0,No,No,16,Yes,No,Fiber optic,No,No,No,No,Yes,No,One year,Yes,Credit card (automatic),76.9,1252.87,No
9932-26243,Male,0,No,No,52,Yes,No,Fiber optic,No,No,No,No,No,No,Month-to-month,Yes,Bank transfer (automatic),93.61,4995.35,No
7730-18813,Female,0,Yes,Yes,6,Yes,Yes,Fiber optic,Yes,No,No,No,Yes,No,Month-to-month,Yes,Electronic check,115.18,663.47,No
1890-78761,Female,0,No,Yes,29,No,No phone service,DSL,No,No,No,Yes,Yes,No,Month-to-month,No,Electronic check,78.36,2255.7,No
7174-86010,Female,0,Yes,Yes,32,Yes,Yes,DSL,No,Yes,No,No,Yes,No,Month-to-month,No,Mailed check,62.48,2010.38,Yes
4479-84957,Male,0,No,Yes,17,Yes,Yes,DSL,No,No,No,No,No,Yes,Two year,Yes,Mailed check,49.26,850.81,No
1647-83231,Male,0,No,No,72,Yes,No,No,No internet service,No internet service,No internet service,No internet service,No internet service,No internet service,Month-to-month,Yes,Credit card (automatic),24.14,1729.44,No
9200-36133,Female,0,Yes,No,66,Yes,Yes,DSL,No,No,Yes,No,Yes,No,Month-to-month,No,Credit card (automatic),63.51,4203.41,No
1948-93535,Male,0,No,Yes,24,Yes,Yes,Fiber optic,Yes,Yes,No,No,No,Yes,Month-to-month,Yes,Credit card (automatic),103.02,2460.8,No
2162-59391,Female,1,No,Yes,21,Yes,Yes,No,No internet service,No internet service,No internet service,No internet service,No internet service,No internet service,Two year,No,Credit card (automatic),29.96,608.3,No
8537-67519,Male,0,Yes,No,20,Yes,No,DSL,No,No,No,No,No,Yes,Month-to-month,Yes,Credit card (automatic),72.22,1408.27,No
5980-74444,Male,0,Yes,No,18,Yes,No,No,No internet service,No internet service,No internet service,No internet service,No internet service,No internet service,Month-to-month,Yes,Bank transfer (automatic),29.52,546.83,No
5286-12818,Female,1,No,No,35,Yes,Yes,Fiber optic,No,No,No,No,Yes,No,Two year,Yes,Mailed check,101.95,3601.91,No
1253-33898,Female,0,Yes,Yes,49,Yes,Yes,DSL,No,No,No,Yes,No,Yes,Month-to-month,No,Credit card (automatic),53.41,2569.57,Yes
9072-34219,Male,0,Yes,No,70,Yes,No,No,No internet service,No internet service,No internet service,No internet service,No internet service,No internet service,Two year,Yes,Electronic check,29.2,2028.09,No
3319-62654,Female,0,Yes,Yes,32,Yes,Yes,No,No internet service,No internet service,No internet service,No internet service,No internet service,No internet service,Month-to-month,No,Credit card (automatic),29.99,985.18,No
7844-61791,Male,0,No,No,47,Yes,Yes,DSL,Yes,No,No,No,Yes,Yes,Two year,Yes,Mailed check,67.32,3106.8,No
7100-79630,Female,0,Yes,No,7,Yes,No,No,No internet service,No internet service,No internet service,No internet service,No internet service,No internet service,Month-to-month,Yes,Credit card (automatic),28.18,191.34,No
7443-67142,Female,0,No,No,43,Yes,No,Fiber optic,No,No,No,No,Yes,Yes,Month-to-month,Yes,Bank transfer (automatic),83.32,3642.8,Yes
7376-71223,Female,0,Yes,Yes,34,Yes,Yes,No,No internet service,No internet service,No internet service,No internet service,No internet service,No internet service,Month-to-month,Yes,Bank transfer (automatic),25.49,885.97,No
7779-10423,Female,0,Yes,No,16,Yes,Yes,Fiber optic,No,No,No,No,No,Yes,One year,Yes,Credit card (automatic),97.7,1539.67,No
8191-39498,Male,1,No,Yes,16,Yes,Yes,No,No internet service,No internet service,No internet service,No internet service,No internet service,No internet service,Two year,Yes,Electronic check,28.25,450.07,No
7071-18419,Female,0,Yes,No,43,Yes,No,No,No internet service,No internet service,No internet service,No internet service,No internet service,No internet service,Month-to-month,Yes,Electronic check,29.61,1284.44,No
6563-96250,Male,0,No,Yes,12,Yes,Yes,No,No internet service,No internet service,No internet service,No internet service,No internet service,No internet service,One year,Yes,Bank transfer (automatic),29.85,350.59,No
1129-23298,Male,0,Yes,No,52,Yes,No,DSL,No,Yes,No,No,No,No,Month-to-month,No,Electronic check,62.7,3263.25,No
8228-17832,Male,0,No,Yes,16,Yes,Yes,Fiber optic,No,No,No,No,Yes,No,Two year,Yes,Mailed check,92.43,1504.64,No
3413-86696,Male,0,Yes,No,18,Yes,Yes,No,No internet service,No internet service,No internet service,No internet service,No internet service,No internet service,Two year,Yes,Electronic check,32.48,587.9,No
8965-17026,Female,0,No,No,33,Yes,No,No,No internet service,No internet service,No internet service,No internet service,No internet service,No internet service,Month-to-month,No,Bank transfer (automatic),28.29,949.04,No
6924-92086,Male,1,Yes,No,43,Yes,No,Fiber optic,No,No,No,No,No,No,Month-to-month,Yes,Bank transfer (automatic),93.24,3976.38,No
5255-85639,Male,0,No,Yes,16,Yes,No,DSL,No,Yes,No,Yes,Yes,Yes,Two year,No,Electronic check,60.9,950.75,No
1460-19352,Male,0,Yes,No,42,No,No phone service,No,No internet service,No internet service,No internet service,No internet service,No internet service,No internet service,Two year,No,Bank transfer (automatic),24.82,1041.62,No
7697-35613,Female,0,Yes,Yes,56,Yes,Yes,DSL,Yes,No,No,No,No,Yes,One year,No,Mailed check,83.75,4577.83,No
6579-54480,Female,0,No,No,61,Yes,Yes,Fiber optic,No,Yes,No,No,No,Yes,Month-to-month,Yes,Credit card (automatic),83.72,5189.3,Yes
1932-20084,Female,0,Yes,Yes,56,Yes,Yes,Fiber optic,No,No,No,No,Yes,No,Two year,No,Mailed check,107.17,5792.94,No
9287-15417,Male,0,Yes,Yes,62,Yes,Yes,No,No internet service,No internet service,No internet service,No internet service,No internet service,No internet service,Month-to-month,Yes,Mailed check,25.06,1607.81,No
3783-74152,Male,0,No,Yes,38,Yes,No,Fiber optic,No,No,No,No,No,No,Two year,Yes,Electronic check,100.0,3812.46,No
1547-67967,Female,0,No,Yes,36,Yes,No,Fiber optic,No,Yes,No,No,No,Yes,Two year,Yes,Credit card (automatic),103.14,3602.94,Yes
7630-40507,Female,0,No,Yes,48,No,No phone service,No,No internet service,No internet service,No internet service,No internet service,No internet service,No internet service,Two year,No,Electronic check,24.23,1186.41,No
1858-38589,Female,0,No,No,33,Yes,No,DSL,No,No,Yes,Yes,No,Yes,Two year,No,Credit card (automatic),78.8,2498.78,Yes
1804-37198,Female,0,Yes,Yes,61,Yes,No,Fiber optic,No,No,No,No,Yes,Yes,Two year,Yes,Mailed check,88.49,5607.27,No
4476-29077,Female,0,Yes,No,52,Yes,Yes,No,No internet service,No internet service,No internet service,No internet service,No internet service,No internet service,Month-to-month,Yes,Mailed check,30.92,1647.87,No
6342-75162,Female,0,No,No,53,Yes,No,DSL,No,No,No,No,Yes,Yes,Two year,Yes,Credit card (automatic),68.39,3554.43,No
4296-17066,Male,0,Yes,No,3,No,No phone service,Fiber optic,No,Yes,No,Yes,No,No,Month-to-month,No,Electronic check,90.76,272.87,Yes
3154-16876,Male,0,Yes,No,47,Yes,Yes,No,No internet service,No internet service,No internet service,No internet service,No internet service,No internet service,Month-to-month,Yes,Mailed check,28.91,1382.04,No
2289-53540,Male,0,Yes,No,20,Yes,Yes,No,No internet service,No internet service,No internet service,No internet service,No internet service,No internet service,Month-to-month,No,Credit card (automatic),33.13,656.34,No
1088-43067,Male,0,Yes,No,49,Yes,No,DSL,Yes,Yes,No,No,No,Yes,Month-to-month,No,Credit card (automatic),78.58,3751.41,No
4223-65649,Male,0,Yes,No,31,Yes,No,Fiber optic,Yes,No,Yes,No,No,Yes,Month-to-month,Yes,Bank transfer (automatic),105.72,3219.87,No
6279-34768,Female,0,Yes,No,21,Yes,Yes,Fiber optic,No,No,No,Yes,Yes,Yes,Month-to-month,Yes,Electronic check,91.96,1964.69,Yes
5263-77155,Male,0,No,Yes,7,Yes,No,No,No internet service,No internet service,No internet service,No internet service,No internet service,No internet service,Month-to-month,Yes,Credit card (automatic),20.11,144.42,No
2952-68115,Male,0,No,No,43,Yes,No,Fiber optic,No,Yes,No,Yes,Yes,No,Month-to-month,No,Credit card (automatic),109.71,4557.39,No
5327-95970,Male,1,No,Yes,40,Yes,No,Fiber optic,No,No,No,No,Yes,Yes,Month-to-month,Yes,Credit card (automatic),91.31,3521.85,No
1184-84261,Male,0,Yes,No,37,Yes,Yes,No,No internet service,No internet service,No internet service,No internet service,No internet service,No internet service,One year,Yes,Mailed check,26.58,989.78,No
7712-12241,Male,1,Yes,No,3,Yes,No,Fiber optic,No,No,Yes,No,No,No,One year,Yes,Bank transfer (automatic),75.4,225.93,No
9743-11256,Male,1,No,Yes,55,Yes,Yes,Fiber optic,No,No,Yes,Yes,No,No,One year,No,Mailed check,112.4,6411.7,No
8979-20362,Female,0,Yes,Yes,71,Yes,Yes,Fiber optic,No,No,No,Yes,No,No,Two year,Yes,Mailed check,92.96,6564.7,No
2836-22190,Female,0,Yes,No,19,Yes,Yes,Fiber optic,No,No,No,Yes,Yes,No,One year,Yes,Bank transfer (automatic),97.91,1792.38,No
3515-55520,Male,0,No,Yes,7,Yes,No,DSL,No,Yes,Yes,No,No,Yes,Month-to-month,No,Mailed check,57.26,395.77,No
5337-28632,Female,0,No,Yes,45,Yes,Yes,Fiber optic,No,No,No,No,Yes,No,Month-to-month,Yes,Electronic check,89.15,3878.3,No
3208-70780,Female,0,Yes,No,30,Yes,Yes,Fiber optic,Yes,No,No,No,No,Yes,Month-to-month,Yes,Electronic check,100.2,3014.47,No
8544-90697,Female,0,No,No,26,Yes,Yes,Fiber optic,No,No,No,No,Yes,No,Month-to-month,Yes,Bank transfer (automatic),117.95,3049.84,No
4259-43371,Male,0,No,No,17,Yes,No,No,No internet service,No internet service,No internet service,No internet service,No internet service,No internet service,Two year,No,Bank transfer (automatic),19.48,320.58,No
3228-20525,Female,0,No,No,23,Yes,No,Fiber optic,No,No,No,No,No,Yes,Month-to-month,No,Electronic check,89.11,2101.74,Yes
3419-25085,Male,0,Yes,No,38,Yes,No,Fiber optic,No,Yes,No,No,Yes,No,Two year,No,Credit card (automatic),81.07,2977.51,No
9953-91767,Male,0,No,No,1,Yes,Yes,Fiber optic,No,No,No,No,Yes,Yes,Month-to-month,Yes,Electronic check,117.43,118.18,Yes
7195-75526,Male,1,No,No,60,Yes,No,Fiber optic,No,No,No,No,No,No,One year,Yes,Mailed check,95.83,5702.22,No
8286-51186,Female,0,Yes,No,30,Yes,No,Fiber optic,No,No,No,No,Yes,No,Month-to-month,No,Credit card (automatic),89.43,2743.39,Yes
2892-67672,Male,0,No,No,64,Yes,Yes,Fiber optic,No,No,No,No,Yes,Yes,Two year,No,Mailed check,105.24,6785.96,No
2116-63284,Male,1,No,No,53,Yes,Yes,DSL,No,No,Yes,No,Yes,No,Two year,Yes,Electronic check,58.44,3072.7,No
6216-37911,Male,0,Yes,Yes,25,No,No phone service,Fiber optic,No,No,No,No,Yes,Yes,Month-to-month,No,Credit card (automatic),90.86,2329.08,No
2976-20091,Male,0,Yes,Yes,24,Yes,No,Fiber optic,No,No,Yes,No,Yes,No,Month-to-month,No,Credit card (automatic),114.26,2739.13,Yes
3202-35075,Female,0,Yes,Yes,14,Yes,No,DSL,No,No,No,No,Yes,No,One year,No,Mailed check,69.81,950.54,Yes
9208-64336,Male,0,No,No,10,Yes,Yes,No,No internet service,No internet service,No internet service,No internet service,No internet service,No internet service,Month-to-month,Yes,Credit card (automatic),33.62,349.38,No
3684-57844,Male,1,Yes,No,40,Yes,Yes,Fiber optic,No,No,No,No,No,No,Month-to-month,Yes,Credit card (automatic),83.21,3300.83,Yes
2914-60506,Male,0,No,No,59,No,No phone service,Fiber optic,No,No,No,No,Yes,Yes,Two year,Yes,Electronic check,77.41,4446.86,No
6732-22259,Male,0,Yes,No,6,Yes,No,Fiber optic,Yes,No,Yes,No,Yes,Yes,One year,No,Credit card (automatic),116.7,698.71,No
8587-34886,Male,0,No,No,22,Yes,No,Fiber optic,No,Yes,No,No,Yes,No,Month-to-month,Yes,Credit card (automatic),80.01,1785.11,Yes
3790-45976,Female,0,No,No,19,Yes,No,No,No internet service,No internet service,No internet service,No internet service,No internet service,No internet service,Month-to-month,No,Credit card (automatic),20.4,399.24,No
1900-16992,Male,0,No,No,37,Yes,No,DSL,No,Yes,No,No,No,No,Month-to-month,No,Credit card (automatic),57.87,2066.03,No
8223-96868,Male,0,No,Yes,40,No,No phone service,No,No internet service,No internet service,No internet service,No internet service,No internet service,No internet service,Two year,Yes,Electronic check,19.12,783.06,No
4753-21227,Female,0,Yes,No,7,Yes,No,DSL,Yes,No,Yes,No,Yes,No,Month-to-month,No,Electronic check,77.35,524.98,No
7082-22411,Female,0,Yes,No,2,Yes,No,DSL,No,No,No,No,No,Yes,Month-to-month,Yes,Mailed check,57.64,117.18,No
8368-67950,Male,0,No,Yes,16,Yes,No,DSL,Yes,Yes,Yes,No,Yes,No,Month-to-month,Yes,Credit card (automatic),60.12,991.13,Yes
9823-60773,Male,1,Yes,Yes,35,Yes,Yes,Fiber optic,No,No,No,No,No,No,Two year,Yes,Credit card (automatic),73.86,2527.7,No
2751-57439,Male,0,No,Yes,0,No,No phone service,No,No internet service,No internet service,No internet service,No internet service,No internet service,No internet service,Month-to-month,Yes,Bank transfer (automatic),21.9,,No
8527-53838,Female,0,No,Yes,8,Yes,Yes,DSL,No,No,Yes,No,No,No,One year,No,Mailed check,49.5,388.07,No
7405-82693,Male,0,No,Yes,18,Yes,No,Fiber optic,No,No,No,No,Yes,No,Month-to-month,Yes,Credit card (automatic),82.09,1444.67,Yes
2568-13407,Male,0,Yes,No,57,Yes,No,Fiber optic,No,No,Yes,Yes,Yes,No,Two year,No,Credit card (automatic),93.57,5160.24,No
8934-70460,Female,0,No,No,6,No,No phone service,DSL,Yes,Yes,Yes,No,No,No,Month-to-month,Yes,Electronic check,77.68,450.43,Yes
2059-64666,Male,1,Yes,No,40,Yes,Yes,Fiber optic,No,Yes,No,No,No,Yes,Two year,Yes,Mailed check,97.93,3930.88,No
9746-45402,Male,0,No,Yes,36,No,No phone service,No,No internet service,No internet service,No internet service,No internet service,No internet service,No internet service,Two year,No,Bank transfer (automatic),20.89,764.93,No
1777-21943,Female,1,No,No,66,Yes,Yes,Fiber optic,No,Yes,No,No,Yes,Yes,Month-to-month,Yes,Mailed check,91.16,5980.96,No
7626-23382,Male,1,No,No,2,Yes,Yes,Fiber optic,No,Yes,No,No,No,Yes,Month-to-month,Yes,Bank transfer (automatic),102.03,208.97,Yes
9573-54770,Female,0,No,No,36,Yes,No,DSL,No,No,No,Yes,No,Yes,Two year,Yes,Electronic check,62.15,2250.59,No
4934-64549,Female,0,Yes,No,61,Yes,No,Fiber optic,No,Yes,Yes,No,Yes,Yes,Month-to-month,No,Credit card (automatic),113.72,7069.04,No
1923-74654,Male,0,No,No,19,Yes,No,DSL,Yes,Yes,Yes,No,Yes,Yes,Two year,No,Credit card (automatic),61.52,1177.26,No
7895-37063,Female,0,No,No,59,Yes,No,DSL,No,No,No,No,No,No,Two year,Yes,Bank transfer (automatic),56.17,3437.55,No
3216-92373,Female,0,Yes,No,42,Yes,No,DSL,Yes,Yes,No,Yes,No,Yes,Month-to-month,Yes,Bank transfer (automatic),71.05,3019.96,No
4521-60799,Female,0,No,No,29,Yes,Yes,DSL,No,No,Yes,Yes,No,No,Month-to-month,Yes,Electronic check,57.54,1612.01,Yes
8798-77855,Male,1,No,Yes,20,Yes,Yes,No,No internet service,No internet service,No internet service,No internet service,No internet service,No internet service,Month-to-month,Yes,Credit card (automatic),32.2,665.46,No
3661-86820,Male,0,No,Yes,24,Yes,No,Fiber optic,Yes,No,No,No,No,No,One year,Yes,Credit card (automatic),103.67,2406.49,No
9307-61923,Male,0,No,No,38,Yes,No,DSL,No,Yes,No,Yes,No,Yes,Month-to-month,Yes,Bank transfer (automatic),59.06,2218.89,No
1651-92626,Female,0,Yes,Yes,56,Yes,No,Fiber optic,No,Yes,No,No,Yes,Yes,One year,Yes,Electronic check,119.0,6562.31,Yes
3819-19630,Male,0,No,No,35,Yes,No,Fiber optic,No,Yes,No,No,Yes,No,Month-to-month,Yes,Credit card (automatic),114.09,3951.31,No
6996-62773,Female,0,Yes,Yes,63,Yes,No,Fiber optic,No,No,Yes,No,Yes,Yes,Two year,No,Credit card (automatic),114.36,7482.8,No
8261-98977,Female,0,No,No,19,Yes,Yes,Fiber optic,No,Yes,Yes,No,No,No,Month-to-month,Yes,Electronic check,86.37,1665.06,Yes
3052-30651,Female,0,Yes,Yes,1,Yes,No,DSL,No,No,No,No,Yes,No,Month-to-month,No,Bank transfer (automatic),66.19,64.46,No
3350-24366,Male,1,No,No,48,No,No phone service,Fiber optic,No,No,No,No,Yes,No,Month-to-month,Yes,Electronic check,86.14,3990.38,Yes
9975-60145,Male,0,Yes,No,17,Yes,No,Fiber optic,No,No,Yes,No,No,Yes,Month-to-month,Yes,Electronic check,90.21,1584.67,No
7738-32150,Female,1,Yes,No,52,Yes,Yes,No,No internet service,No internet service,No internet service,No internet service,No internet service,No internet service,Month-to-month,No,Bank transfer (automatic),31.17,1666.71,No
6463-14640,Male,0,Yes,Yes,13,Yes,Yes,Fiber optic,No,No,No,No,No,Yes,Two year,Yes,Credit card (automatic),75.43,971.4,No
8211-44015,Male,0,No,No,46,Yes,Yes,Fiber optic,No,Yes,No,No,Yes,Yes,Month-to-month,Yes,Bank transfer (automatic),109.34,4958.15,Yes
1856-35999,Female,0,Yes,No,32,No,No phone service,Fiber optic,No,No,No,No,Yes,No,Month-to-month,No,Mailed check,109.28,3475.44,No
7677-39166,Female,0,Yes,Yes,34,Yes,No,Fiber optic,No,No,No,No,Yes,Yes,One year,No,Electronic check,100.11,3414.36,No
8590-79552,Female,1,Yes,Yes,8,Yes,No,Fiber optic,No,No,No,No,Yes,No,One year,Yes,Mailed check,74.92,582.01,No
5084-81350,Female,0,Yes,No,66,No,No phone service,Fiber optic,No,No,No,Yes,Yes,No,Month-to-month,Yes,Mailed check,96.24,6184.8,Yes
6686-29944,Male,0,No,No,16,Yes,Yes,No,No internet service,No internet service,No internet service,No internet service,No internet service,No internet service,Month-to-month,Yes,Credit card (automatic),26.24,406.89,No
9216-19682,Male,0,No,No,41,Yes,Yes,Fiber optic,No,No,No,No,Yes,No,Month-to-month,Yes,Credit card (automatic),90.82,3585.09,Yes
1991-39992,Male,0,Yes,Yes,9,Yes,Yes,DSL,Yes,No,No,Yes,Yes,Yes,Month-to-month,No,Mailed check,79.06,703.2,Yes
8143-76871,Male,0,Yes,No,72,Yes,Yes,Fiber optic,No,No,No,No,Yes,No,Month-to-month,Yes,Credit card (automatic),113.46,8031.58,No
6902-70607,Female,0,Yes,No,17,Yes,No,DSL,No,No,No,No,No,No,Month-to-month,No,Credit card (automatic),63.68,1065.85,Yes
9114-44039,Male,1,Yes,No,20,Yes,No,Fiber optic,No,No,No,No,Yes,Yes,One year,Yes,Bank transfer (automatic),99.8,1988.28,No
2421-52910,Female,0,Yes,No,36,Yes,Yes,No,No internet service,No internet service,No internet service,No internet service,No internet service,No internet service,Two year,Yes,Credit card (automatic),34.83,1283.3,No
2999-54076,Female,0,Yes,No,4,Yes,No,DSL,No,No,No,Yes,No,No,Month-to-month,Yes,Mailed check,43.92,175.34,No
6319-77912,Female,0,Yes,No,13,Yes,No,DSL,No,No,No,No,No,No,Month-to-month,Yes,Electronic check,59.41,792.91,Yes
3645-87737,Male,0,Yes,No,52,Yes,Yes,DSL,No,No,Yes,Yes,Yes,No,Two year,No,Credit card (automatic),78.79,4143.06,No
2376-87773,Male,1,No,No,30,Yes,No,Fiber optic,No,Yes,No,Yes,No,No,One year,No,Credit card (automatic),86.69,2616.3,No
3433-69120,Female,0,Yes,Yes,33,Yes,Yes,Fiber optic,No,No,No,No,No,No,One year,Yes,Electronic check,77.19,2648.9,No
2928-50168,Female,0,No,No,21,Yes,Yes,Fiber optic,No,No,No,Yes,Yes,Yes,Two year,No,Bank transfer (automatic),119.0,2528.58,No
5099-49313,Male,0,No,No,51,Yes,Yes,Fiber optic,No,No,No,No,No,Yes,One year,Yes,Bank transfer (automatic),88.49,4372.84,No
1176-72501,Male,1,No,Yes,3,Yes,Yes,No,No internet service,No internet service,No internet service,No internet service,No internet service,No internet service,One year,Yes,Credit card (automatic),33.01,96.57,No
3829-19936,Female,0,Yes,No,9,Yes,Yes,No,No internet service,No internet service,No internet service,No internet service,No internet service,No internet service,Month-to-month,No,Mailed check,26.55,232.39,No
9610-24213,Female,1,No,No,30,Yes,Yes,DSL,Yes,No,No,No,No,Yes,Two year,Yes,Credit card (automatic),77.75,2336.85,No
1767-86413,Male,0,No,Yes,1,Yes,Yes,Fiber optic,No,No,Yes,No,No,Yes,One year,No,Mailed check,110.75,107.2,Yes
8686-84187,Male,1,No,No,4,Yes,No,Fiber optic,No,No,No,No,No,No,Month-to-month,Yes,Electronic check,78.29,322.78,Yes
9234-70541,Female,0,No,Yes,44,Yes,Yes,Fiber optic,No,No,Yes,No,Yes,Yes,One year,Yes,Electronic check,118.17,5154.5,Yes
2585-84570,Female,0,Yes,No,37,Yes,Yes,Fiber optic,No,Yes,No,No,Yes,No,Month-to-month,No,Credit card (automatic),98.61,3532.79,Yes
3849-61525,Female,0,No,No,41,Yes,No,Fiber optic,Yes,No,Yes,No,No,No,Month-to-month,Yes,Credit card (automatic),98.35,3888.64,No
7352-55390,Male,0,No,No,43,Yes,No,DSL,No,No,No,No,No,Yes,Month-to-month,No,Electronic check,68.63,2953.34,No
7693-44212,Male,1,Yes,No,7,No,No phone service,DSL,No,Yes,Yes,No,No,No,One year,Yes,Mailed check,56.49,391.53,No
2976-27087,Female,1,Yes,No,1,Yes,No,Fiber optic,Yes,No,Yes,No,No,Yes,Month-to-month,Yes,Credit card (automatic),109.89,111.88,No
6858-52831,Female,0,No,No,41,Yes,No,DSL,Yes,Yes,No,No,No,No,One year,Yes,Mailed check,61.54,2454.29,No
9899-91248,Female,1,Yes,No,21,No,No phone service,Fiber optic,No,Yes,No,Yes,Yes,No,One year,Yes,Bank transfer (automatic),96.98,1995.39,Yes
5689-36018,Male,0,No,No,48,Yes,No,DSL,No,No,No,No,No,No,Month-to-month,No,Electronic check,50.07,2385.72,No
6728-10790,Male,0,Yes,No,55,Yes,Yes,No,No internet service,No internet service,No internet service,No internet service,No internet service,No internet service,Month-to-month,Yes,Credit card (automatic),32.04,1808.47,No
1492-64500,Male,0,No,No,24,Yes,No,Fiber optic,No,Yes,Yes,No,No,No,Month-to-month,Yes,Mailed check,116.9,2791.14,Yes
1609-74369,Male,0,Yes,No,24,Yes,Yes,DSL,No,Yes,No,No,Yes,No,One year,No,Credit card (automatic),72.77,1701.59,No
2877-68274,Female,0,No,No,70,Yes,No,No,No internet service,No internet service,No internet service,No internet service,No internet service,No internet service,Two year,No,Electronic check,27.45,1852.44,No
2384-24097,Male,0,No,No,1,Yes,No,DSL,Yes,Yes,No,No,No,Yes,Month-to-month,Yes,Electronic check,74.22,74.79,Yes
4167-53832,Female,0,No,No,9,Yes,Yes,No,No internet service,No internet service,No internet service,No internet service,No internet service,No internet service,One year,Yes,Bank transfer (automatic),32.44,285.81,No
3393-40493,Female,0,Yes,Yes,59,Yes,No,No,No internet service,No internet service,No internet service,No internet service,No internet service,No internet service,Two year,No,Electronic check,26.9,1597.47,No
7116-99044,Female,0,Yes,No,47,Yes,Yes,Fiber optic,No,Yes,No,No,No,No,One year,Yes,Credit card (automatic),118.5,5700.72,Yes
4521-66686,Female,0,Yes,Yes,22,Yes,Yes,No,No internet service,No internet service,No internet service,No internet service,No internet service,No internet service,Month-to-month,No,Electronic check,33.06,744.13,No
1044-62701,Male,0,Yes,No,6,Yes,Yes,No,No internet service,No internet service,No internet service,No internet service,No internet service,No internet service,Month-to-month,Yes,Electronic check,31.41,193.79,No
7050-98739,Female,0,No,Yes,65,Yes,No,Fiber optic,No,No,No,Yes,Yes,No,Two year,Yes,Credit card (automatic),97.48,6432.27,No
1708-59038,Male,0,Yes,No,0,Yes,Yes,DSL,No,Yes,No,No,No,Yes,Month-to-month,Yes,Electronic check,82.38,,No
8558-13219,Male,0,Yes,Yes,36,Yes,Yes,DSL,No,No,No,No,No,Yes,Month-to-month,Yes,Mailed check,56.53,2053.38,Yes
8906-44223,Male,0,No,No,4,Yes,Yes,DSL,Yes,Yes,Yes,No,No,No,Month-to-month,Yes,Bank transfer (automatic),82.19,336.1,Yes
2247-80200,Male,0,Yes,No,14,Yes,Yes,Fiber optic,No,No,No,No,Yes,Yes,Month-to-month,Yes,Mailed check,101.62,1461.29,Yes
8762-87260,Female,0,Yes,No,11,Yes,Yes,DSL,Yes,No,No,Yes,No,Yes,One year,No,Mailed check,68.54,738.04,No
6464-32278,Male,0,No,No,72,Yes,No,Fiber optic,No,No,No,No,No,Yes,Two year,No,Credit card (automatic),80.23,5718.3,No
6970-31882,Male,1,Yes,No,53,Yes,Yes,DSL,No,No,No,No,No,Yes,Two year,Yes,Bank transfer (automatic),79.75,4309.0,No
2618-82644,Male,0,No,Yes,1,Yes,No,No,No internet service,No internet service,No internet service,No internet service,No internet service,No internet service,One year,Yes,Bank transfer (automatic),24.42,25.06,No
3859-60666,Male,1,No,No,29,Yes,No,DSL,Yes,Yes,No,No,No,No,Two year,Yes,Electronic check,74.28,2139.25,No
6375-19657,Female,1,Yes,No,70,Yes,No,Fiber optic,No,Yes,No,No,Yes,Yes,Two year,Yes,Bank transfer (automatic),110.47,7733.91,No
8082-23031,Male,0,No,No,39,Yes,Yes,DSL,No,No,No,No,No,No,Two year,No,Credit card (automatic),49.09,1964.21,No
4091-19329,Female,0,No,No,44,Yes,Yes,Fiber optic,Yes,No,Yes,No,No,No,Two year,Yes,Credit card (automatic),111.71,5045.09,No
9289-41465,Male,0,Yes,No,45,Yes,Yes,DSL,No,No,No,No,No,No,Two year,Yes,Mailed check,62.36,2876.72,No
9390-48989,Female,0,No,No,49,Yes,Yes,Fiber optic,Yes,Yes,No,No,No,No,Month-to-month,No,Electronic check,119.0,5743.16,No
8867-93861,Male,0,Yes,No,47,Yes,No,DSL,Yes,Yes,Yes,Yes,No,Yes,Month-to-month,Yes,Credit card (automatic),82.42,3904.71,No
1953-97821,Male,1,No,No,55,Yes,No,Fiber optic,Yes,Yes,No,No,Yes,Yes,Month-to-month,Yes,Credit card (automatic),105.63,6014.26,Yes
2799-44523,Male,0,No,No,36,Yes,No,Fiber optic,No,No,No,No,No,Yes,One year,Yes,Electronic check,99.9,3536.6,No
8624-90488,Female,0,Yes,No,45,Yes,No,No,No internet service,No internet service,No internet service,No internet service,No internet service,No internet service,Two year,No,Credit card (automatic),24.34,1102.46,No
9196-22324,Female,0,Yes,No,45,Yes,Yes,DSL,Yes,No,No,No,No,No,Two year,No,Credit card (automatic),78.71,3681.0,No
3503-66619,Male,0,Yes,Yes,59,Yes,No,DSL,No,Yes,Yes,No,Yes,Yes,Two year,No,Bank transfer (automatic),65.64,3797.09,No
8073-24006,Female,0,No,No,21,Yes,Yes,No,No internet service,No internet service,No internet service,No internet service,No internet service,No internet service,Two year,Yes,Credit card (automatic),33.18,718.68,No
6029-74791,Female,1,No,No,20,No,No phone service,Fiber optic,No,No,No,No,Yes,No,Month-to-month,Yes,Mailed check,89.08,1758.66,Yes
6478-37042,Male,0,Yes,Yes,17,Yes,No,Fiber optic,No,No,No,No,No,Yes,Month-to-month,No,Bank transfer (automatic),84.44,1388.16,Yes
7074-79227,Male,0,Yes,No,10,Yes,Yes,DSL,No,No,Yes,No,No,No,One year,Yes,Bank transfer (automatic),53.85,534.97,No
9228-98534,Female,0,No,Yes,31,Yes,No,Fiber optic,No,No,No,No,Yes,No,Month-to-month,Yes,Credit card (automatic),109.09,3290.31,Yes
6460-53316,Female,0,Yes,No,38,Yes,No,Fiber optic,No,No,No,No,Yes,No,Two year,Yes,Credit card (automatic),85.97,3396.74,No
8768-88635,Female,0,Yes,No,11,Yes,No,No,No internet service,No internet service,No internet service,No internet service,No internet service,No internet service,One year,Yes,Credit card (automatic),29.95,317.22,No
4087-21576,Male,0,Yes,Yes,34,Yes,Yes,Fiber optic,No,No,No,No,Yes,No,Month-to-month,No,Mailed check,80.0,2779.45,Yes
3528-35537,Male,0,No,Yes,14,Yes,No,Fiber optic,No,No,Yes,No,No,Yes,One year,Yes,Electronic check,110.21,1584.38,No
9796-94897,Male,0,Yes,No,39,No,No phone service,DSL,Yes,Yes,No,No,No,Yes,One year,Yes,Credit card (automatic),67.07,2573.51,No
6489-11084,Male,1,No,Yes,47,Yes,Yes,DSL,No,No,No,No,Yes,Yes,Two year,Yes,Bank transfer (automatic),62.59,3036.6,No
3548-59468,Female,0,No,Yes,45,Yes,Yes,DSL,No,No,No,Yes,No,No,Two year,Yes,Electronic check,70.21,3178.81,No
9209-15432,Male,0,Yes,No,3,Yes,Yes,Fiber optic,Yes,Yes,No,No,No,No,Month-to-month,No,Credit card (automatic),116.2,359.99,No
6606-90947,Male,0,No,No,56,Yes,Yes,Fiber optic,Yes,No,No,No,Yes,Yes,Two year,Yes,Credit card (automatic),116.58,6312.01,No
9655-22269,Male,1,Yes,No,21,Yes,No,Fiber optic,Yes,Yes,No,No,No,Yes,Month-to-month,Yes,Bank transfer (automatic),114.6,2379.05,No
7315-66613,Male,0,Yes,No,13,Yes,No,No,No internet service,No internet service,No internet service,No internet service,No internet service,No internet service,Month-to-month,No,Credit card (automatic),19.63,248.7,No
3284-49367,Female,0,No,No,49,Yes,No,DSL,Yes,Yes,Yes,No,No,No,Month-to-month,Yes,Credit card (automatic),56.58,2762.94,No
2247-70211,Male,0,Yes,No,32,Yes,Yes,No,No internet service,No internet service,No internet service,No internet service,No internet service,No internet service,Two year,Yes,Mailed check,31.48,1005.12,No
1010-33522,Female,0,No,Yes,69,Yes,No,No,No internet service,No internet service,No internet service,No internet service,No internet service,No internet service,Two year,Yes,Electronic check,21.72,1475.38,No
6855-53035,Male,0,No,No,14,Yes,Yes,Fiber optic,No,Yes,Yes,No,Yes,No,Month-to-month,No,Mailed check,109.15,1554.33,Yes
8255-77915,Male,0,Yes,No,46,Yes,Yes,Fiber optic,No,Yes,Yes,No,No,Yes,One year,Yes,Credit card (automatic),119.0,5649.38,Yes
8354-13867,Male,0,No,No,12,Yes,No,No,No internet service,No internet service,No internet service,No internet service,No internet service,No internet service,Two year,No,Bank transfer (automatic),26.92,326.4,No
1202-88298,Female,0,No,Yes,56,Yes,No,No,No internet service,No internet service,No internet service,No internet service,No internet service,No internet service,Two year,Yes,Bank transfer (automatic),24.19,1391.8,No
5093-34833,Male,0,Yes,No,1,Yes,No,Fiber optic,No,No,No,Yes,Yes,Yes,Month-to-month,No,Electronic check,115.55,116.93,Yes
6158-55703,Male,0,No,No,42,Yes,No,Fiber optic,No,No,No,No,No,Yes,Month-to-month,Yes,Mailed check,111.47,4813.95,Yes
8060-65089,Female,0,No,Yes,43,Yes,No,Fiber optic,No,No,Yes,No,No,No,Month-to-month,No,Mailed check,98.82,4274.43,No
5266-30366,Female,0,Yes,No,22,Yes,Yes,DSL,No,Yes,No,No,No,No,Two year,Yes,Credit card (automatic),79.68,1708.18,No
8576-10493,Male,0,Yes,Yes,41,Yes,No,DSL,No,No,No,No,Yes,Yes,Month-to-month,Yes,Electronic check,50.28,2016.32,No
8061-48764,Female,0,Yes,No,6,Yes,Yes,Fiber optic,No,No,Yes,Yes,Yes,Yes,Month-to-month,Yes,Credit card (automatic),96.75,573.93,Yes
9793-92434,Female,0,Yes,No,48,No,No phone service,Fiber optic,Yes,Yes,No,No,Yes,No,Two year,No,Credit card (automatic),109.79,5129.79,No
2200-46356,Male,0,Yes,Yes,37,Yes,No,Fiber optic,No,Yes,Yes,No,Yes,No,Month-to-month,Yes,Electronic check,83.32,3002.74,Yes
4222-74760,Female,0,No,No,55,Yes,Yes,No,No internet service,No internet service,No internet service,No internet service,No internet service,No internet service,One year,No,Bank transfer (automatic),30.29,1728.16,No
8561-75444,Male,1,No,Yes,13,Yes,No,No,No internet service,No internet service,No internet service,No internet service,No internet service,No internet service,Two year,Yes,Credit card (automatic),27.19,348.31,No
9776-91016,Male,1,No,No,65,Yes,Yes,DSL,No,No,No,Yes,Yes,No,Month-to-month,Yes,Credit card (automatic),62.64,4230.93,Yes
9444-83434,Female,0,Yes,No,7,Yes,No,DSL,No,No,No,No,No,No,Month-to-month,Yes,Credit card (automatic),53.07,383.75,Yes
1729-50051,Male,0,Yes,No,26,No,No phone service,Fiber optic,No,No,No,No,Yes,No,Month-to-month,Yes,Credit card (automatic),101.91,2674.73,Yes
9814-41394,Female,0,Yes,Yes,59,Yes,Yes,Fiber optic,No,No,No,Yes,No,No,One year,No,Bank transfer (automatic),91.6,5366.88,No
5563-79877,Female,0,Yes,No,40,No,No phone service,No,No internet service,No internet service,No internet service,No internet service,No internet service,No internet service,Month-to-month,Yes,Bank transfer (automatic),19.69,784.57,No
2194-32466,Male,0,No,No,43,Yes,No,Fiber optic,No,No,No,No,Yes,Yes,Month-to-month,Yes,Bank transfer (automatic),117.28,4880.9,Yes
1599-62797,Male,1,Yes,No,30,Yes,Yes,DSL,Yes,Yes,Yes,No,No,No,Month-to-month,No,Credit card (automatic),73.69,2141.73,No
9680-15131,Male,1,No,No,20,Yes,Yes,DSL,No,Yes,No,No,No,No,Month-to-month,Yes,Mailed check,50.8,1010.15,No
5591-26940,Female,0,Yes,No,26,Yes,Yes,Fiber optic,No,No,Yes,No,No,Yes,Two year,Yes,Electronic check,87.19,2340.01,No
4666-38878,Male,0,No,No,29,Yes,Yes,DSL,Yes,No,No,Yes,No,No,Month-to-month,Yes,Bank transfer (automatic),77.38,2323.85,Yes
7691-84608,Male,0,No,No,35,Yes,Yes,DSL,Yes,No,No,No,No,No,Two year,Yes,Mailed check,75.06,2552.93,No
2084-13171,Female,0,No,No,17,Yes,Yes,DSL,No,Yes,No,No,Yes,Yes,Two year,Yes,Credit card (automatic),76.63,1315.09,No
4759-42499,Female,0,No,Yes,14,Yes,Yes,Fiber optic,Yes,No,No,No,No,No,One year,No,Bank transfer (automatic),108.9,1565.92,No
4252-41906,Female,1,No,No,13,Yes,No,Fiber optic,No,No,Yes,No,Yes,Yes,One year,Yes,Electronic check,81.39,1071.07,No
4776-97602,Male,1,No,No,60,Yes,Yes,DSL,No,No,Yes,No,Yes,No,Month-to-month,Yes,Credit card (automatic),83.2,4906.62,No
8209-55108,Female,0,Yes,No,6,Yes,Yes,Fiber optic,No,No,No,No,No,No,Month-to-month,Yes,Electronic check,109.74,682.49,Yes
6345-50341,Female,0,Yes,No,20,Yes,No,Fiber optic,No,No,Yes,Yes,No,Yes,Month-to-month,Yes,Mailed check,89.94,1868.55,Yes
7188-31509,Female,0,No,No,8,Yes,No,No,No internet service,No internet service,No internet service,No internet service,No internet service,No internet service,Month-to-month,Yes,Mailed check,19.83,158.01,No
7531-48181,Male,0,Yes,Yes,32,Yes,No,DSL,Yes,No,No,No,No,No,Two year,Yes,Bank transfer (automatic),64.05,1993.76,No
5314-41146,Female,0,No,No,4,Yes,Yes,DSL,No,No,Yes,No,No,No,Month-to-month,Yes,Credit card (automatic),66.95,262.59,Yes
7154-96175,Male,0,Yes,No,65,Yes,Yes,No,No internet service,No internet service,No internet service,No internet service,No internet service,No internet service,Month-to-month,Yes,Bank transfer (automatic),32.02,2147.96,No
9611-27419,Female,0,No,Yes,50,Yes,No,Fiber optic,Yes,No,No,Yes,No,No,Two year,No,Mailed check,112.47,5754.11,No
4158-65745,Male,0,Yes,Yes,21,Yes,No,No,No internet service,No internet service,No internet service,No internet service,No internet service,No internet service,Two year,No,Bank transfer (automatic),27.17,565.5,No
5796-23959,Male,0,No,Yes,50,Yes,Yes,Fiber optic,No,No,No,No,Yes,No,Two year,No,Credit card (automatic),113.42,5664.04,No
9574-31984,Female,0,Yes,No,41,Yes,No,DSL,No,No,No,No,No,No,Month-to-month,No,Credit card (automatic),52.54,2215.2,No
8197-99506,Female,0,Yes,No,13,Yes,No,Fiber optic,Yes,No,No,No,Yes,Yes,One year,No,Electronic check,87.45,1126.88,No
4012-38307,Female,0,No,Yes,37,Yes,No,DSL,Yes,No,No,No,No,Yes,Month-to-month,Yes,Mailed check,76.49,2903.88,No
2177-60504,Male,0,Yes,No,12,Yes,Yes,Fiber optic,No,No,No,No,Yes,No,One year,No,Bank transfer (automatic),85.53,1043.74,No
8285-35870,Female,0,Yes,No,1,Yes,No,DSL,No,No,Yes,Yes,No,Yes,One year,Yes,Credit card (automatic),70.88,72.32,No
3677-15655,Male,0,No,No,40,Yes,No,No,No internet service,No internet service,No internet service,No internet service,No internet service,No internet service,Two year,Yes,Credit card (automatic),24.87,958.09,No
3323-68914,Female,0,No,No,45,Yes,No,Fiber optic,Yes,No,No,Yes,No,Yes,Month-to-month,Yes,Bank transfer (automatic),98.22,4442.45,No
7226-80450,Female,0,Yes,No,63,Yes,No,Fiber optic,No,No,No,Yes,Yes,No,Two year,No,Mailed check,102.63,6698.13,No
4627-65575,Female,0,No,No,35,Yes,No,Fiber optic,No,No,No,No,Yes,No,Month-to-month,No,Credit card (automatic),90.33,3273.89,No
9837-68211,Female,0,Yes,No,33,Yes,No,No,No internet service,No internet service,No internet service,No internet service,No internet service,No internet service,Month-to-month,Yes,Credit card (automatic),23.88,814.63,No
7106-51395,Female,0,Yes,No,50,Yes,No,No,No internet service,No internet service,No internet service,No internet service,No internet service,No internet service,Two year,Yes,Bank transfer (automatic),28.21,1419.96,No
7645-19181,Female,0,No,No,10,No,No phone service,No,No internet service,No internet service,No internet service,No internet service,No internet service,No internet service,Month-to-month,No,Electronic check,19.07,196.99,No
4122-77577,Male,0,Yes,No,22,Yes,No,No,No internet service,No internet service,No internet service,No internet service,No internet service,No internet service,Month-to-month,Yes,Credit card (automatic),26.6,585.88,No
8433-59420,Male,0,Yes,No,59,Yes,No,Fiber optic,No,No,Yes,No,No,No,Month-to-month,No,Electronic check,102.86,5858.71,Yes
1105-23368,Male,0,Yes,No,30,Yes,Yes,DSL,No,No,Yes,Yes,No,No,Month-to-month,Yes,Credit card (automatic),59.86,1832.11,No
5827-83813,Female,0,No,Yes,21,Yes,No,DSL,No,No,No,No,No,No,Month-to-month,Yes,Credit card (automatic),53.87,1137.65,No
6942-57472,Female,1,No,No,39,Yes,Yes,No,No internet service,No internet service,No internet service,No internet service,No internet service,No internet service,Two year,Yes,Electronic check,29.54,1180.53,No
1160-61653,Male,1,Yes,Yes,27,Yes,Yes,No,No internet service,No internet service,No internet service,No internet service,No internet service,No internet service,Month-to-month,Yes,Electronic check,29.09,778.9,No
1754-88291,Male,0,No,Yes,62,No,No phone service,DSL,No,No,Yes,Yes,Yes,Yes,Two year,Yes,Credit card (automatic),64.51,4076.4,No
8819-58889,Male,0,No,No,22,Yes,No,DSL,No,Yes,No,No,No,No,Two year,Yes,Bank transfer (automatic),60.39,1311.9,No
8633-12317,Male,0,Yes,Yes,46,Yes,Yes,Fiber optic,Yes,No,No,No,Yes,Yes,Two year,Yes,Mailed check,100.59,4734.35,No
2185-43262,Male,0,No,No,25,Yes,No,Fiber optic,Yes,No,Yes,No,Yes,Yes,Two year,Yes,Electronic check,110.81,2735.13,No
6101-46679,Female,0,Yes,No,36,Yes,Yes,Fiber optic,No,No,Yes,No,Yes,Yes,One year,Yes,Electronic check,119.0,4314.16,Yes
1073-76363,Female,0,Yes,No,42,Yes,No,No,No internet service,No internet service,No internet service,No internet service,No internet service,No internet service,Month-to-month,Yes,Electronic check,29.58,1254.16,No
3911-95235,Male,1,Yes,No,39,Yes,No,Fiber optic,No,No,No,No,No,No,Two year,No,Mailed check,94.77,3600.02,No
8268-19126,Male,0,Yes,Yes,2,Yes,Yes,Fiber optic,No,No,No,No,Yes,No,Month-to-month,No,Credit card (automatic),104.59,210.42,Yes
5262-94134,Female,0,No,Yes,22,Yes,No,Fiber optic,No,No,No,No,Yes,Yes,Month-to-month,Yes,Bank transfer (automatic),94.13,2116.14,Yes
2047-44663,Female,1,No,No,1,Yes,Yes,Fiber optic,No,No,Yes,No,No,No,One year,Yes,Credit card (automatic),118.51,116.67,Yes
4917-37713,Female,0,No,Yes,19,Yes,Yes,Fiber optic,No,No,No,No,Yes,Yes,Month-to-month,Yes,Credit card (automatic),98.01,1910.29,Yes
7686-23785,Male,0,Yes,No,3,No,No phone service,Fiber optic,No,No,Yes,No,Yes,Yes,One year,Yes,Bank transfer (automatic),87.16,264.34,No
1189-84466,Male,0,Yes,Yes,41,Yes,Yes,No,No internet service,No internet service,No internet service,No internet service,No internet service,No internet service,Two year,No,Credit card (automatic),30.1,1245.95,No
5341-46235,Male,1,Yes,No,24,Yes,No,No,No internet service,No internet service,No internet service,No internet service,No internet service,No internet service,One year,No,Electronic check,19.52,475.22,No
1568-14422,Female,0,Yes,Yes,44,Yes,No,Fiber optic,No,No,Yes,No,Yes,Yes,Month-to-month,Yes,Bank transfer (automatic),88.69,3987.66,Yes
9872-87821,Female,0,No,No,32,Yes,No,DSL,No,No,Yes,No,No,No,Month-to-month,Yes,Credit card (automatic),62.88,2055.9,Yes
4110-46782,Female,0,No,Yes,36,Yes,Yes,No,No internet service,No internet service,No internet service,No internet service,No internet service,No internet service,Month-to-month,Yes,Mailed check,25.9,927.22,No
9030-72044,Male,0,No,No,42,Yes,Yes,Fiber optic,No,No,Yes,Yes,Yes,Yes,Month-to-month,No,Bank transfer (automatic),119.0,5112.14,Yes
1857-99708,Male,0,No,Yes,49,Yes,Yes,Fiber optic,Yes,No,No,No,Yes,No,One year,No,Credit card (automatic),86.04,4245.21,No
4204-12934,Female,0,Yes,Yes,48,Yes,Yes,Fiber optic,Yes,No,No,No,Yes,No,Two year,No,Credit card (automatic),90.3,4327.05,No
5981-17917,Female,0,Yes,Yes,30,Yes,No,Fiber optic,No,Yes,No,No,No,Yes,One year,No,Mailed check,107.49,3323.81,No
8688-63026,Female,0,Yes,No,24,Yes,Yes,No,No internet service,No internet service,No internet service,No internet service,No internet service,No internet service,One year,Yes,Mailed check,28.84,691.47,No
5958-94313,Male,0,No,No,14,Yes,Yes,DSL,No,Yes,Yes,Yes,No,Yes,Month-to-month,Yes,Electronic check,80.41,1124.55,Yes
1544-89686,Male,0,Yes,No,62,Yes,No,Fiber optic,No,Yes,No,No,Yes,Yes,Month-to-month,No,Credit card (automatic),104.27,6259.54,No
4701-34017,Male,0,Yes,No,11,Yes,No,No,No internet service,No internet service,No internet service,No internet service,No internet service,No internet service,One year,Yes,Mailed check,27.17,307.77,No
2080-33017,Female,0,No,No,17,Yes,No,DSL,Yes,Yes,No,Yes,No,No,Month-to-month,No,Mailed check,53.85,934.69,No
9730-29795,Female,0,Yes,Yes,40,No,No phone service,Fiber optic,No,Yes,No,No,Yes,Yes,Month-to-month,Yes,Electronic check,92.7,3821.89,No
5091-97450,Female,0,No,No,41,Yes,Yes,Fiber optic,No,No,No,No,No,Yes,One year,Yes,Bank transfer (automatic),111.79,4765.85,No
9938-95810,Male,0,Yes,No,51,Yes,No,Fiber optic,No,No,No,No,Yes,Yes,Month-to-month,Yes,Credit card (automatic),89.26,4471.2,No
5118-97993,Female,0,No,Yes,37,Yes,No,DSL,No,Yes,No,Yes,No,No,Month-to-month,No,Electronic check,55.71,2116.1,Yes
8271-58395,Male,0,Yes,Yes,12,Yes,No,DSL,No,No,No,No,No,Yes,Month-to-month,No,Credit card (automatic),65.17,794.55,Yes
1967-58514,Female,0,No,No,52,Yes,No,Fiber optic,No,Yes,Yes,No,Yes,Yes,Month-to-month,Yes,Mailed check,119.0,6155.71,Yes
1959-23596,Female,0,No,Yes,20,Yes,No,Fiber optic,No,No,No,No,No,Yes,One year,No,Electronic check,80.32,1665.75,No
4063-57912,Female,0,Yes,Yes,55,No,No phone service,No,No internet service,No internet service,No internet service,No internet service,No internet service,No internet service,Month-to-month,No,Credit card (automatic),23.04,1246.78,No
1427-39318,Female,1,No,No,31,Yes,No,DSL,Yes,No,No,Yes,No,Yes,Two year,No,Credit card (automatic),57.77,1739.74,No
9592-19897,Female,0,No,Yes,49,Yes,Yes,DSL,Yes,No,No,No,No,Yes,Month-to-month,Yes,Bank transfer (automatic),61.07,2920.5,No
5022-80584,Male,0,No,No,22,Yes,No,Fiber optic,No,No,Yes,Yes,No,Yes,Month-to-month,Yes,Credit card (automatic),104.58,2336.46,No
4923-57115,Male,0,No,No,2,Yes,No,DSL,No,No,Yes,Yes,No,Yes,Month-to-month,No,Mailed check,73.32,150.34,Yes
2536-47674,Female,0,No,No,52,Yes,No,DSL,No,No,No,No,No,Yes,Two year,Yes,Mailed check,55.67,2915.67,No
9270-77014,Female,0,Yes,No,13,Yes,No,Fiber optic,No,No,No,No,No,Yes,Month-to-month,Yes,Credit card (automatic),95.28,1237.6,No
4209-74016,Male,0,Yes,No,22,Yes,Yes,Fiber optic,No,No,Yes,No,Yes,Yes,Two year,Yes,Electronic check,102.11,2247.1,No
2703-99676,Female,0,Yes,No,22,Yes,Yes,DSL,No,Yes,No,No,Yes,No,Two year,No,Electronic check,55.48,1178.58,No
8767-93947,Male,0,No,No,21,Yes,No,No,No internet service,No internet service,No internet service,No internet service,No internet service,No internet service,Month-to-month,Yes,Bank transfer (automatic),24.89,536.32,No
4283-71490,Female,0,No,No,39,Yes,Yes,DSL,No,No,No,No,No,Yes,Month-to-month,No,Credit card (automatic),78.9,3057.55,Yes
6694-80454,Male,0,No,No,60,Yes,No,DSL,Yes,Yes,No,No,No,No,One year,No,Electronic check,72.68,4255.92,No
1847-59550,Female,0,Yes,No,18,Yes,No,DSL,No,Yes,No,No,No,No,Two year,Yes,Electronic check,63.41,1098.01,No
8232-37678,Male,1,No,No,38,Yes,Yes,No,No internet service,No internet service,No internet service,No internet service,No internet service,No internet service,Month-to-month,No,Electronic check,29.78,1113.59,No
2168-65041,Male,0,No,Yes,41,Yes,No,DSL,Yes,Yes,No,Yes,No,No,Two year,Yes,Bank transfer (automatic),77.05,3069.91,No
8164-61591,Female,0,Yes,Yes,9,No,No phone service,Fiber optic,No,No,No,No,Yes,No,One year,No,Electronic check,77.47,717.74,Yes
4227-97862,Female,0,No,No,37,No,No phone service,DSL,Yes,Yes,No,No,Yes,No,Two year,No,Credit card (automatic),75.9,2908.3,No
2569-99467,Male,0,Yes,No,17,Yes,No,Fiber optic,No,No,No,No,Yes,Yes,Month-to-month,No,Mailed check,90.68,1524.37,Yes
5817-60801,Female,0,No,No,41,No,No phone service,DSL,No,Yes,Yes,Yes,No,No,Month-to-month,Yes,Credit card (automatic),62.1,2507.49,No
1444-28342,Male,1,Yes,No,48,Yes,No,DSL,Yes,No,Yes,No,No,Yes,Month-to-month,Yes,Mailed check,50.76,2520.84,No
7950-71499,Male,0,No,Yes,62,Yes,Yes,Fiber optic,No,No,No,No,Yes,No,Two year,Yes,Electronic check,113.84,6918.28,No
6733-35354,Male,0,Yes,No,4,Yes,No,Fiber optic,No,No,No,No,No,No,Month-to-month,Yes,Electronic check,90.4,356.54,No
4722-32233,Male,0,Yes,No,48,Yes,No,Fiber optic,No,No,No,No,No,No,One year,Yes,Credit card (automatic),94.39,4416.54,No
5057-67047,Female,1,No,No,13,Yes,No,Fiber optic,No,Yes,No,No,No,No,Month-to-month,No,Credit card (automatic),85.52,1100.21,Yes
7355-19368,Female,0,No,No,54,Yes,No,No,No internet service,No internet service,No internet service,No internet service,No internet service,No internet service,Month-to-month,No,Credit card (automatic),26.3,1375.42,No
9656-21853,Male,0,Yes,No,43,Yes,No,DSL,Yes,Yes,Yes,No,Yes,No,Month-to-month,No,Electronic check,69.19,2964.01,No
4341-73084,Male,0,Yes,No,32,Yes,Yes,Fiber optic,No,No,No,No,Yes,No,Two year,Yes,Bank transfer (automatic),99.44,3247.24,No
3536-73391,Female,0,No,No,67,Yes,No,DSL,Yes,No,Yes,No,Yes,No,Month-to-month,No,Electronic check,67.15,4577.56,No
3506-58240,Female,0,No,No,47,Yes,No,Fiber optic,No,No,No,No,Yes,No,Two year,No,Electronic check,110.47,4988.54,Yes
4775-57150,Male,0,Yes,No,70,Yes,No,Fiber optic,No,No,No,No,No,No,Two year,No,Electronic check,89.91,6505.33,No
6175-66050,Male,0,Yes,Yes,49,Yes,No,Fiber optic,Yes,No,No,No,No,Yes,Two year,Yes,Bank transfer (automatic),80.37,3992.42,No
7215-71499,Male,1,Yes,Yes,41,Yes,No,Fiber optic,Yes,Yes,Yes,No,No,Yes,One year,No,Credit card (automatic),93.61,3729.01,No
7194-82183,Male,1,No,No,22,Yes,No,DSL,No,Yes,No,No,No,No,One year,No,Credit card (automatic),56.79,1204.09,No
7114-44782,Female,0,No,No,24,Yes,No,No,No internet service,No internet service,No internet service,No internet service,No internet service,No internet service,One year,Yes,Electronic check,27.16,627.64,No
5871-32380,Female,0,No,No,9,Yes,No,DSL,Yes,No,Yes,No,Yes,Yes,Month-to-month,No,Electronic check,73.03,633.33,Yes
3266-92585,Female,0,Yes,No,11,Yes,No,DSL,Yes,Yes,Yes,No,No,No,Month-to-month,No,Mailed check,85.22,927.69,No
5066-24423,Female,1,No,No,64,Yes,No,No,No internet service,No internet service,No internet service,No internet service,No internet service,No internet service,Two year,Yes,Bank transfer (automatic),24.04,1581.51,No
1935-38361,Male,0,Yes,No,9,Yes,Yes,Fiber optic,No,Yes,No,No,Yes,No,Month-to-month,Yes,Electronic check,112.7,990.57,No
1545-27526,Female,1,No,No,33,Yes,No,No,No internet service,No internet service,No internet service,No internet service,No internet service,No internet service,Month-to-month,No,Electronic check,25.91,864.64,No
5253-33536,Female,0,Yes,No,58,Yes,Yes,DSL,No,Yes,No,No,No,Yes,One year,No,Credit card (automatic),74.89,4274.17,No
7919-66842,Female,0,Yes,No,43,Yes,No,DSL,Yes,Yes,No,No,No,No,Two year,No,Credit card (automatic),63.5,2756.69,No
3221-17692,Male,0,Yes,No,30,Yes,No,Fiber optic,Yes,Yes,No,No,No,Yes,Month-to-month,No,Mailed check,98.24,2940.45,Yes
8953-27307,Female,0,Yes,No,23,Yes,No,DSL,Yes,No,Yes,Yes,No,Yes,Two year,Yes,Bank transfer (automatic),89.41,2052.13,No
7350-54567,Male,1,Yes,No,37,Yes,Yes,Fiber optic,No,No,No,No,Yes,Yes,Month-to-month,Yes,Electronic check,95.96,3617.45,Yes
4932-60605,Female,0,No,Yes,36,Yes,No,DSL,No,Yes,No,Yes,No,No,Month-to-month,Yes,Mailed check,78.67,2831.5,Yes
8102-62232,Female,0,No,No,39,Yes,Yes,DSL,Yes,Yes,No,No,No,No,Two year,Yes,Mailed check,74.1,2839.38,No
9290-96448,Female,0,No,No,19,Yes,Yes,Fiber optic,No,No,No,No,No,Yes,Month-to-month,No,Electronic check,83.94,1535.2,Yes
6909-25383,Female,1,No,Yes,45,Yes,No,DSL,No,No,No,No,No,No,One year,No,Credit card (automatic),44.55,2082.09,No
1877-16359,Female,0,Yes,No,57,Yes,No,DSL,Yes,Yes,No,No,Yes,No,Two year,No,Bank transfer (automatic),78.27,4483.26,No
9831-54830,Male,0,No,Yes,29,Yes,No,DSL,Yes,No,No,No,No,No,Month-to-month,No,Mailed check,74.18,2209.07,Yes
1139-46464,Female,0,Yes,No,31,Yes,No,DSL,Yes,No,No,No,No,Yes,Month-to-month,Yes,Electronic check,56.64,1689.66,Yes
7545-81657,Female,0,Yes,No,19,Yes,Yes,Fiber optic,No,No,No,Yes,Yes,Yes,Two year,Yes,Bank transfer (automatic),88.28,1651.84,No
8726-10321,Male,0,Yes,Yes,3,No,No phone service,Fiber optic,No,No,No,Yes,Yes,No,One year,Yes,Bank transfer (automatic),104.09,300.01,Yes
5424-22327,Male,1,Yes,No,41,No,No phone service,Fiber optic,No,No,No,No,No,Yes,Two year,Yes,Bank transfer (automatic),99.14,4154.68,No
7256-76871,Male,0,No,No,43,Yes,Yes,Fiber optic,No,Yes,No,No,Yes,No,Two year,No,Mailed check,94.7,4056.65,No
6595-50895,Female,0,Yes,No,34,Yes,No,DSL,No,No,Yes,Yes,Yes,No,One year,No,Mailed check,62.58,2158.19,No
5968-80827,Female,0,Yes,No,12,Yes,No,DSL,Yes,No,Yes,No,Yes,No,Month-to-month,No,Electronic check,81.26,981.25,Yes
5720-71803,Female,0,No,Yes,3,No,No phone service,No,No internet service,No internet service,No internet service,No internet service,No internet service,No internet service,Month-to-month,Yes,Credit card (automatic),23.69,73.3,No
1352-27848,Female,0,Yes,Yes,11,Yes,Yes,DSL,No,Yes,No,No,Yes,No,Month-to-month,Yes,Bank transfer (automatic),72.19,790.81,No
7852-29362,Female,1,No,No,38,Yes,No,No,No internet service,No internet service,No internet service,No internet service,No internet service,No internet service,Month-to-month,Yes,Mailed check,20.73,780.44,No
5875-40404,Female,0,Yes,No,68,Yes,No,DSL,No,No,No,No,No,No,Two year,No,Electronic check,47.1,3159.82,No
3066-94943,Male,0,No,No,71,Yes,Yes,Fiber optic,No,No,No,Yes,No,No,Two year,Yes,Mailed check,94.1,6905.11,No
6573-51712,Male,0,No,Yes,49,Yes,No,Fiber optic,No,No,Yes,No,No,No,Two year,Yes,Credit card (automatic),99.33,4947.27,No
4941-27291,Male,0,Yes,No,24,Yes,Yes,Fiber optic,Yes,No,No,No,Yes,No,Two year,Yes,Bank transfer (automatic),116.29,2890.22,No
1899-27025,Female,0,No,No,37,No,No phone service,Fiber optic,No,Yes,No,No,No,Yes,Month-to-month,Yes,Bank transfer (automatic),92.81,3309.38,Yes
9922-98534,Male,1,Yes,No,6,Yes,Yes,No,No internet service,No internet service,No internet service,No internet service,No internet service,No internet service,Month-to-month,No,Electronic check,34.08,206.51,No
5660-94409,Male,0,Yes,Yes,50,Yes,No,Fiber optic,No,No,No,No,No,No,Month-to-month,Yes,Credit card (automatic),104.31,5098.17,No
5059-82073,Male,0,No,No,45,Yes,No,Fiber optic,No,No,No,No,No,Yes,One year,No,Mailed check,97.71,4561.46,No
7007-98019,Female,1,No,No,24,Yes,No,No,No internet service,No internet service,No internet service,No internet service,No internet service,No internet service,Two year,Yes,Electronic check,22.71,555.51,No
9359-92740,Female,0,Yes,Yes,48,Yes,Yes,DSL,No,No,Yes,No,Yes,Yes,Two year,Yes,Electronic check,87.39,4207.28,No
5791-24961,Female,0,Yes,No,23,Yes,Yes,Fiber optic,Yes,No,Yes,No,No,Yes,Two year,Yes,Mailed check,90.42,2108.22,No
6827-42014,Male,1,Yes,No,40,Yes,No,No,No internet service,No internet service,No internet service,No internet service,No internet service,No internet service,Month-to-month,No,Electronic check,27.31,1048.95,No
3806-33810,Female,1,No,Yes,40,Yes,No,No,No internet service,No internet service,No internet service,No internet service,No internet service,No internet service,Month-to-month,No,Bank transfer (automatic),25.09,1013.24,No
9993-34923,Female,0,No,Yes,0,Yes,No,DSL,No,No,No,No,No,No,Month-to-month,Yes,Bank transfer (automatic),58.83,,No
1697-45839,Female,0,Yes,No,23,Yes,No,No,No internet service,No internet service,No internet service,No internet service,No internet service,No internet service,One year,No,Credit card (automatic),19.74,458.76,No
4480-71247,Male,1,No,Yes,39,Yes,Yes,DSL,No,No,Yes,Yes,No,No,Month-to-month,Yes,Mailed check,55.49,2123.17,No
2920-78785,Male,0,Yes,Yes,53,Yes,No,Fiber optic,No,Yes,No,No,No,Yes,Two year,Yes,Mailed check,81.7,4284.1,No
7745-76509,Female,0,No,No,39,Yes,No,Fiber optic,No,No,Yes,No,Yes,Yes,Month-to-month,No,Mailed check,112.8,4261.16,No
4952-66558,Male,1,No,No,42,Yes,Yes,Fiber optic,Yes,No,No,No,No,Yes,One year,No,Credit card (automatic),96.58,4057.05,No
5859-57993,Female,0,No,No,71,Yes,No,Fiber optic,No,Yes,No,No,No,No,Two year,Yes,Credit card (automatic),105.56,7563.09,No
5168-53663,Female,0,Yes,No,5,Yes,No,DSL,No,Yes,No,No,Yes,Yes,Month-to-month,Yes,Electronic check,68.88,343.38,No
2103-45932,Male,0,Yes,No,38,Yes,No,Fiber optic,No,Yes,No,No,Yes,Yes,One year,No,Bank transfer (automatic),119.0,4641.52,No
3255-94301,Female,0,Yes,No,23,Yes,No,DSL,No,Yes,No,No,Yes,Yes,Two year,No,Electronic check,54.87,1277.73,No
8644-91332,Male,0,No,Yes,68,Yes,No,DSL,No,Yes,No,Yes,Yes,No,Two year,No,Credit card (automatic),61.38,4239.46,No
9678-96968,Female,0,No,No,17,Yes,Yes,Fiber optic,No,No,No,No,No,Yes,Month-to-month,Yes,Credit card (automatic),90.36,1556.68,No
4967-53880,Male,0,Yes,No,20,Yes,Yes,Fiber optic,No,No,No,No,No,Yes,One year,No,Mailed check,116.26,2243.78,Yes
9840-29846,Male,0,Yes,No,2,No,No phone service,Fiber optic,No,No,No,No,No,Yes,Month-to-month,No,Credit card (automatic),111.18,216.63,Yes
1971-27051,Male,0,Yes,No,32,Yes,No,Fiber optic,No,Yes,No,No,Yes,Yes,Month-to-month,Yes,Credit card (automatic),109.43,3622.67,Yes
8570-42555,Male,0,No,No,55,Yes,No,DSL,No,No,Yes,No,Yes,Yes,Month-to-month,Yes,Bank transfer (automatic),58.78,3214.07,Yes
1674-61951,Female,0,No,No,1,Yes,Yes,No,No internet service,No internet service,No internet service,No internet service,No internet service,No internet service,One year,No,Electronic check,27.21,27.03,No
8065-61812,Male,0,Yes,No,8,Yes,No,Fiber optic,Yes,No,No,No,Yes,Yes,Month-to-month,Yes,Mailed check,111.66,886.21,Yes
9698-13066,Male,0,No,No,3,Yes,Yes,DSL,No,No,No,No,No,No,One year,Yes,Bank transfer (automatic),51.86,152.25,No
4951-98901,Male,0,Yes,Yes,17,Yes,No,DSL,Yes,Yes,No,No,Yes,No,Month-to-month,Yes,Credit card (automatic),70.94,1235.48,No
9951-56113,Male,0,No,No,31,No,No phone service,No,No internet service,No internet service,No internet service,No internet service,No internet service,No internet service,Month-to-month,No,Mailed check,19.22,605.31,No
5726-95892,Male,0,Yes,Yes,14,Yes,No,Fiber optic,No,No,Yes,No,Yes,Yes,Two year,Yes,Electronic check,107.09,1513.03,No
6441-55419,Female,0,Yes,No,3,Yes,Yes,DSL,No,Yes,No,Yes,Yes,Yes,Month-to-month,No,Mailed check,72.81,210.25,No
2079-91367,Female,0,No,Yes,14,No,No phone service,No,No internet service,No internet service,No internet service,No internet service,No internet service,No internet service,Month-to-month,Yes,Mailed check,23.67,335.15,No
3773-54733,Male,0,No,No,10,No,No phone service,Fiber optic,No,Yes,No,Yes,No,Yes,Month-to-month,Yes,Credit card (automatic),91.28,935.01,No
6938-48334,Female,0,Yes,No,0,Yes,No,Fiber optic,Yes,Yes,No,No,Yes,Yes,Month-to-month,Yes,Mailed check,118.66,,No
1087-90581,Female,0,No,No,33,Yes,Yes,DSL,No,No,Yes,No,No,No,Month-to-month,Yes,Electronic check,56.83,1871.53,No
4733-16592,Male,0,No,No,41,Yes,No,Fiber optic,Yes,Yes,No,No,Yes,Yes,Two year,No,Mailed check,119.0,5008.25,No
3559-11595,Female,1,Yes,Yes,42,Yes,Yes,DSL,No,Yes,Yes,No,Yes,Yes,One year,Yes,Bank transfer (automatic),83.38,3366.99,No
5876-52850,Male,0,No,No,36,Yes,No,DSL,No,No,No,Yes,Yes,No,Month-to-month,Yes,Mailed check,64.4,2332.86,Yes
3749-70545,Male,0,No,No,4,Yes,No,No,No internet service,No internet service,No internet service,No internet service,No internet service,No internet service,Month-to-month,Yes,Bank transfer (automatic),27.87,108.6,No
9736-73184,Male,0,Yes,No,35,Yes,Yes,DSL,No,Yes,Yes,No,Yes,Yes,Two year,Yes,Credit card (automatic),75.91,2757.71,No
3742-65183,Male,0,No,No,6,Yes,No,DSL,Yes,Yes,No,No,Yes,No,Month-to-month,Yes,Bank transfer (automatic),81.86,490.06,No
6203-19465,Female,1,No,No,34,Yes,Yes,Fiber optic,No,No,No,No,Yes,Yes,Month-to-month,Yes,Electronic check,80.53,2697.94,Yes
2494-84183,Female,0,Yes,Yes,39,Yes,No,Fiber optic,No,No,No,No,Yes,Yes,Month-to-month,Yes,Electronic check,77.66,3100.4,Yes
1788-55092,Male,1,No,No,46,Yes,No,DSL,No,No,No,No,No,Yes,Two year,Yes,Bank transfer (automatic),64.23,3032.06,No
7877-34971,Female,0,Yes,Yes,47,Yes,Yes,DSL,Yes,No,No,No,No,No,One year,Yes,Electronic check,49.88,2424.59,No
4703-20759,Female,0,No,No,28,Yes,Yes,DSL,No,No,No,No,Yes,No,Month-to-month,Yes,Credit card (automatic),55.05,1545.35,No
4620-75609,Female,0,No,No,27,Yes,No,No,No internet service,No internet service,No internet service,No internet service,No internet service,No internet service,Month-to-month,No,Bank transfer (automatic),27.24,717.94,Yes
8058-24855,Female,1,Yes,No,41,Yes,No,Fiber optic,No,No,No,Yes,No,Yes,Two year,Yes,Electronic check,107.79,4577.19,Yes
1686-60433,Female,0,No,Yes,4,Yes,No,Fiber optic,No,No,No,No,No,Yes,Month-to-month,Yes,Bank transfer (automatic),78.25,316.93,No
7817-17614,Male,0,Yes,No,0,Yes,Yes,Fiber optic,No,No,No,No,No,No,Month-to-month,Yes,Mailed check,81.64,,Yes
2709-75384,Female,0,No,No,45,No,No phone service,No,No internet service,No internet service,No internet service,No internet service,No internet service,No internet service,Two year,No,Electronic check,23.99,1041.5,No
8657-25200,Female,0,No,No,58,Yes,Yes,DSL,No,Yes,Yes,Yes,Yes,No,Month-to-month,Yes,Credit card (automatic),91.28,5476.01,No
4544-63149,Female,0,Yes,No,47,Yes,Yes,No,No internet service,No internet service,No internet service,No internet service,No internet service,No internet service,Month-to-month,No,Electronic check,29.65,1372.52,No
8215-29236,Female,0,No,No,23,Yes,No,DSL,Yes,No,No,Yes,Yes,Yes,One year,Yes,Credit card (automatic),64.19,1460.99,No
9632-90190,Male,0,Yes,Yes,29,No,No phone service,No,No internet service,No internet service,No internet service,No internet service,No internet service,No internet service,One year,Yes,Credit card (automatic),29.25,841.31,No
7952-95350,Male,0,No,No,32,Yes,Yes,Fiber optic,No,Yes,No,Yes,No,No,Month-to-month,No,Bank transfer (automatic),111.06,3463.68,Yes
4243-99889,Male,0,No,Yes,6,Yes,Yes,Fiber optic,No,Yes,No,No,No,Yes,Month-to-month,Yes,Bank transfer (automatic),119.0,740.36,Yes
4977-61619,Male,0,No,No,1,Yes,No,Fiber optic,No,Yes,Yes,No,Yes,No,Month-to-month,No,Credit card (automatic),97.63,98.93,No
9284-35368,Female,1,Yes,No,41,Yes,No,Fiber optic,No,No,No,No,Yes,Yes,Month-to-month,No,Mailed check,82.8,3509.68,Yes
7833-39322,Female,1,No,Yes,52,No,No phone service,Fiber optic,No,Yes,No,No,No,Yes,Month-to-month,No,Electronic check,114.44,5757.04,Yes
8217-95002,Female,0,No,Yes,16,Yes,No,DSL,Yes,No,No,Yes,No,No,Month-to-month,Yes,Credit card (automatic),49.98,770.76,No
7080-79662,Female,0,No,No,0,No,No phone service,Fiber optic,No,No,No,No,Yes,No,Month-to-month,No,Electronic check,100.47,,Yes
3258-51680,Female,0,No,No,28,Yes,Yes,DSL,No,Yes,No,Yes,Yes,Yes,Month-to-month,No,Electronic check,89.24,2432.22,Yes
8231-77602,Female,1,No,No,43,No,No phone service,No,No internet service,No internet service,No internet service,No internet service,No internet service,No internet service,Month-to-month,Yes,Mailed check,29.81,1271.0,No
5692-38307,Female,0,Yes,No,31,Yes,No,DSL,Yes,No,Yes,Yes,Yes,No,One year,No,Credit card (automatic),84.58,2698.34,No
6689-65860,Female,0,Yes,No,53,Yes,No,Fiber optic,Yes,No,Yes,No,Yes,No,One year,No,Electronic check,109.79,5642.57,No
2971-19388,Female,1,No,No,19,Yes,No,No,No internet service,No internet service,No internet service,No internet service,No internet service,No internet service,Two year,Yes,Electronic check,19.11,371.09,No
5798-25494,Male,0,Yes,No,32,No,No phone service,Fiber optic,No,No,No,No,No,Yes,One year,No,Bank transfer (automatic),102.93,3179.77,No
7346-76269,Female,0,No,Yes,35,Yes,Yes,Fiber optic,No,No,No,Yes,Yes,Yes,One year,No,Mailed check,119.0,4070.7,No
4222-33348,Female,0,No,No,41,Yes,Yes,Fiber optic,Yes,No,No,No,No,No,Month-to-month,Yes,Mailed check,78.49,3237.11,Yes
5652-50878,Female,0,No,Yes,58,Yes,Yes,Fiber optic,No,No,Yes,Yes,No,Yes,Two year,Yes,Bank transfer (automatic),91.55,5369.08,No
2213-32836,Male,0,No,No,36,Yes,No,DSL,No,Yes,Yes,No,Yes,No,Month-to-month,No,Electronic check,60.5,2160.29,No
3141-35183,Male,1,No,No,69,Yes,Yes,Fiber optic,No,Yes,No,No,Yes,Yes,Two year,Yes,Credit card (automatic),119.0,8505.07,No
4236-30653,Male,0,No,Yes,40,Yes,No,No,No internet service,No internet service,No internet service,No internet service,No internet service,No internet service,Two year,Yes,Bank transfer (automatic),19.33,796.1,No
2607-39934,Female,0,No,No,2,Yes,Yes,Fiber optic,No,Yes,Yes,Yes,No,No,Month-to-month,No,Bank transfer (automatic),112.99,221.63,No
5064-96568,Female,0,Yes,Yes,64,Yes,No,No,No internet service,No internet service,No internet service,No internet service,No internet service,No internet service,Two year,Yes,Bank transfer (automatic),26.17,1733.89,No
5463-14840,Female,0,Yes,No,34,Yes,No,No,No internet service,No internet service,No internet service,No internet service,No internet service,No internet service,One year,No,Credit card (automatic),20.4,690.72,No
6983-80984,Female,0,Yes,No,8,Yes,Yes,Fiber optic,Yes,No,No,No,Yes,Yes,One year,No,Mailed check,117.43,913.54,Yes
5102-87016,Male,0,No,No,52,Yes,Yes,Fiber optic,No,No,Yes,No,Yes,No,Month-to-month,Yes,Bank transfer (automatic),102.57,5125.1,No
6878-69617,Female,0,Yes,No,34,Yes,Yes,Fiber optic,No,No,No,Yes,Yes,No,Month-to-month,Yes,Mailed check,103.61,3618.38,No
8892-34710,Female,0,No,No,19,No,No phone service,DSL,No,No,No,No,Yes,No,Two year,Yes,Mailed check,68.84,1336.99,No
7735-36597,Male,0,No,No,41,Yes,No,DSL,No,No,Yes,No,Yes,No,Month-to-month,No,Credit card (automatic),65.15,2701.78,Yes
3832-21188,Female,0,Yes,Yes,7,Yes,No,DSL,No,Yes,No,No,No,No,Month-to-month,Yes,Credit card (automatic),59.9,410.28,No
8686-73798,Male,1,No,No,43,Yes,Yes,Fiber optic,No,Yes,No,No,No,No,Month-to-month,No,Credit card (automatic),88.52,3728.67,No
4573-39934,Female,0,Yes,No,35,Yes,No,Fiber optic,No,Yes,No,No,Yes,Yes,Month-to-month,Yes,Electronic check,102.99,3501.71,Yes
6030-87084,Female,0,No,Yes,43,Yes,Yes,DSL,Yes,No,No,Yes,Yes,No,One year,Yes,Credit card (automatic),79.71,3488.83,No
3804-85033,Female,0,Yes,Yes,55,Yes,No,DSL,No,No,No,No,No,No,One year,No,Credit card (automatic),64.91,3503.2,No
7012-61693,Female,1,Yes,Yes,56,Yes,No,Fiber optic,Yes,No,No,No,Yes,No,Two year,No,Bank transfer (automatic),78.2,4385.54,No
3533-52165,Male,0,Yes,Yes,7,Yes,No,Fiber optic,No,No,No,No,Yes,Yes,One year,No,Mailed check,109.88,750.87,No
7739-35637,Female,0,No,Yes,5,Yes,Yes,Fiber optic,No,Yes,No,Yes,Yes,Yes,One year,No,Bank transfer (automatic),106.73,542.74,Yes
5010-75299,Female,0,Yes,No,31,Yes,Yes,DSL,Yes,No,No,No,Yes,No,Two year,Yes,Electronic check,82.85,2498.04,No
4407-95216,Female,0,No,No,38,Yes,No,Fiber optic,No,Yes,No,No,Yes,Yes,Month-to-month,No,Electronic check,119.0,4526.27,Yes
3639-77199,Female,0,No,No,30,Yes,No,DSL,No,Yes,Yes,No,No,No,One year,Yes,Credit card (automatic),52.82,1605.75,No
6984-62781,Male,1,Yes,Yes,52,Yes,No,No,No internet service,No internet service,No internet service,No internet service,No internet service,No internet service,Two year,No,Credit card (automatic),23.22,1253.44,No
3884-29050,Female,0,Yes,No,46,Yes,No,No,No internet service,No internet service,No internet service,No internet service,No internet service,No internet service,Two year,Yes,Bank transfer (automatic),23.52,1055.99,No
2552-85912,Male,0,Yes,No,14,Yes,Yes,DSL,Yes,No,Yes,No,No,No,Two year,No,Credit card (automatic),83.07,1205.1,No
7055-70181,Female,0,No,Yes,8,Yes,Yes,DSL,No,No,No,No,Yes,No,Month-to-month,Yes,Mailed check,51.35,426.47,Yes
2663-75623,Male,0,No,No,42,Yes,No,DSL,No,Yes,No,No,No,No,Month-to-month,Yes,Credit card (automatic),58.39,2540.8,No
4327-29561,Male,0,Yes,No,46,Yes,Yes,DSL,No,No,No,No,No,No,One year,No,Electronic check,46.5,2186.62,No
6875-47091,Male,0,No,Yes,5,Yes,Yes,Fiber optic,No,No,Yes,No,No,Yes,One year,Yes,Bank transfer (automatic),95.77,471.49,Yes
3993-17677,Female,0,No,No,34,No,No phone service,DSL,Yes,No,Yes,Yes,Yes,No,Month-to-month,Yes,Electronic check,75.71,2570.45,No
6192-27904,Male,0,No,No,11,Yes,No,DSL,No,Yes,Yes,Yes,Yes,Yes,Month-to-month,Yes,Bank transfer (automatic),88.31,935.73,No
5212-24505,Male,0,Yes,No,7,Yes,No,Fiber optic,No,No,No,No,No,Yes,Month-to-month,No,Credit card (automatic),80.73,561.2,No
4561-20125,Female,0,Yes,No,11,Yes,Yes,No,No internet service,No internet service,No internet service,No internet service,No internet service,No internet service,Month-to-month,Yes,Credit card (automatic),30.11,321.58,No
7047-99099,Male,0,Yes,No,31,Yes,No,DSL,No,No,No,Yes,Yes,No,Month-to-month,Yes,Credit card (automatic),62.96,1883.32,No
5402-36403,Male,0,No,No,60,Yes,No,DSL,No,No,Yes,No,No,No,Month-to-month,No,Credit card (automatic),57.09,3476.12,No
1613-68753,Male,0,No,No,47,Yes,No,DSL,Yes,No,No,No,Yes,Yes,Month-to-month,Yes,Credit card (automatic),57.99,2735.03,No
9536-80022,Male,0,Yes,No,5,Yes,Yes,DSL,Yes,No,No,No,Yes,Yes,Month-to-month,No,Mailed check,76.72,379.34,No
2483-64906,Female,0,Yes,No,33,Yes,No,DSL,Yes,No,No,Yes,Yes,No,Two year,Yes,Bank transfer (automatic),72.4,2452.87,No
4177-70645,Female,1,No,No,48,Yes,No,No,No internet service,No internet service,No internet service,No internet service,No internet service,No internet service,Month-to-month,No,Credit card (automatic),22.84,1055.62,No
3550-33270,Female,0,Yes,No,38,Yes,Yes,No,No internet service,No internet service,No internet service,No internet service,No internet service,No internet service,Two year,No,Mailed check,34.84,1295.44,No
7133-21687,Male,0,No,Yes,5,No,No phone service,DSL,No,No,No,No,No,No,Month-to-month,Yes,Electronic check,53.22,268.08,Yes
4928-75860,Male,1,Yes,Yes,37,Yes,No,DSL,No,Yes,Yes,Yes,No,No,Month-to-month,Yes,Credit card (automatic),78.7,2828.57,No
4418-42145,Male,0,Yes,Yes,9,Yes,No,DSL,Yes,No,No,No,No,No,Month-to-month,No,Credit card (automatic),58.79,542.88,Yes
8648-98308,Male,0,No,No,41,Yes,Yes,DSL,No,Yes,Yes,No,Yes,No,Month-to-month,Yes,Electronic check,71.68,2988.04,Yes
9868-56782,Female,0,Yes,No,17,No,No phone service,No,No internet service,No internet service,No internet service,No internet service,No internet service,No internet service,Month-to-month,No,Bank transfer (automatic),24.03,417.4,No
5354-20520,Female,1,No,No,43,Yes,No,Fiber optic,No,No,No,No,Yes,Yes,Month-to-month,Yes,Electronic check,97.95,4288.09,No
4566-60274,Male,0,Yes,No,27,Yes,No,DSL,No,Yes,Yes,No,No,No,Month-to-month,Yes,Bank transfer (automatic),70.7,1952.28,No
8643-97348,Female,0,Yes,No,61,Yes,Yes,DSL,No,Yes,No,No,No,No,Two year,No,Electronic check,62.94,3900.04,No
8148-54521,Female,0,No,No,26,Yes,Yes,DSL,Yes,Yes,Yes,No,No,Yes,Month-to-month,Yes,Credit card (automatic),63.91,1634.98,Yes
2785-43804,Male,0,Yes,Yes,22,No,No phone service,DSL,No,Yes,Yes,No,No,No,Month-to-month,Yes,Mailed check,75.63,1722.69,No
4467-13589,Female,1,No,No,18,Yes,No,Fiber optic,No,No,No,No,No,No,Two year,Yes,Credit card (automatic),74.91,1330.14,No
1038-44641,Male,0,No,No,11,Yes,No,Fiber optic,No,No,Yes,No,No,Yes,Month-to-month,No,Credit card (automatic),95.6,1030.23,Yes
5158-44295,Male,0,No,No,25,Yes,Yes,DSL,No,Yes,Yes,Yes,Yes,No,Month-to-month,Yes,Credit card (automatic),75.64,1857.71,No
8602-67328,Female,1,Yes,No,45,Yes,No,DSL,No,Yes,No,Yes,No,Yes,One year,No,Credit card (automatic),65.79,2856.92,No
9871-98081,Female,0,Yes,No,15,Yes,Yes,No,No internet service,No internet service,No internet service,No internet service,No internet service,No internet service,One year,Yes,Mailed check,32.34,466.3,No
3284-15602,Male,0,Yes,No,12,Yes,No,Fiber optic,No,No,No,No,Yes,No,One year,Yes,Mailed check,89.9,1039.5,No
6065-23583,Female,0,No,No,69,Yes,No,DSL,Yes,Yes,Yes,Yes,Yes,Yes,Two year,No,Credit card (automatic),72.84,4971.31,No
5635-20135,Female,0,Yes,Yes,33,Yes,No,Fiber optic,No,Yes,No,No,Yes,Yes,Month-to-month,Yes,Bank transfer (automatic),104.01,3447.13,No
5891-41633,Female,0,Yes,No,7,Yes,Yes,No,No internet service,No internet service,No internet service,No internet service,No internet service,No internet service,Month-to-month,Yes,Credit card (automatic),29.13,206.18,No
1027-31917,Male,0,No,No,14,Yes,No,DSL,No,No,No,No,No,No,Two year,No,Credit card (automatic),66.71,950.93,No
8499-81449,Female,0,Yes,No,12,Yes,No,Fiber optic,No,Yes,No,No,Yes,Yes,One year,No,Credit card (automatic),102.71,1199.34,No
2529-59539,Female,0,No,No,26,No,No phone service,No,No internet service,No internet service,No internet service,No internet service,No internet service,No internet service,Two year,Yes,Electronic check,20.67,530.04,No
1718-17395,Female,0,Yes,No,20,No,No phone service,Fiber optic,No,Yes,No,No,Yes,No,Two year,No,Bank transfer (automatic),110.99,2131.86,Yes
5787-79204,Female,1,No,No,7,Yes,Yes,No,No internet service,No internet service,No internet service,No internet service,No internet service,No internet service,Month-to-month,No,Bank transfer (automatic),31.21,220.19,No
9249-13205,Female,0,No,No,32,Yes,Yes,Fiber optic,Yes,No,No,No,No,No,One year,Yes,Electronic check,83.59,2716.19,No
5277-57180,Female,0,Yes,Yes,21,Yes,No,DSL,No,No,No,Yes,No,Yes,Month-to-month,Yes,Bank transfer (automatic),73.77,1521.85,No
6534-59661,Female,0,No,No,55,Yes,Yes,Fiber optic,No,Yes,Yes,No,No,Yes,Month-to-month,Yes,Mailed check,88.3,4988.35,No
8597-77386,Female,0,No,Yes,17,Yes,No,DSL,No,No,No,Yes,Yes,Yes,Month-to-month,Yes,Credit card (automatic),76.93,1262.12,Yes
2889-25041,Male,0,Yes,No,63,Yes,No,DSL,No,No,No,Yes,No,Yes,Month-to-month,Yes,Electronic check,73.12,4478.29,No
4873-94698,Male,0,No,No,36,Yes,No,Fiber optic,No,No,No,No,No,No,One year,No,Electronic check,85.86,3123.49,Yes
2811-17264,Female,0,No,No,28,Yes,No,Fiber optic,No,No,No,No,Yes,Yes,One year,Yes,Bank transfer (automatic),104.92,3007.16,No
9813-94360,Female,1,No,No,66,No,No phone service,DSL,No,No,No,Yes,No,Yes,Two year,Yes,Credit card (automatic),73.47,4978.49,No
6104-37484,Female,0,No,No,47,Yes,No,No,No internet service,No internet service,No internet service,No internet service,No internet service,No internet service,Month-to-month,Yes,Credit card (automatic),29.63,1349.45,No
2096-68071,Male,0,Yes,No,13,No,No phone service,DSL,Yes,No,Yes,No,Yes,Yes,Month-to-month,No,Credit card (automatic),73.4,928.49,Yes
7958-68444,Female,0,Yes,No,30,Yes,Yes,DSL,No,Yes,No,No,Yes,Yes,Month-to-month,Yes,Mailed check,80.47,2479.2,Yes
8855-36333,Male,0,Yes,No,42,Yes,Yes,Fiber optic,Yes,No,No,No,No,No,Month-to-month,Yes,Bank transfer (automatic),109.3,4689.23,No
3700-78389,Male,0,Yes,Yes,25,Yes,Yes,Fiber optic,No,No,Yes,Yes,Yes,No,Month-to-month,No,Credit card (automatic),107.4,2600.54,Yes
1316-39690,Male,0,Yes,No,5,Yes,No,Fiber optic,Yes,Yes,No,No,No,Yes,Month-to-month,Yes,Electronic check,105.38,529.01,Yes
6053-63980,Male,0,Yes,No,37,Yes,Yes,Fiber optic,No,Yes,No,No,Yes,No,One year,Yes,Mailed check,88.58,3224.84,No
7433-93481,Female,0,Yes,No,10,Yes,No,No,No internet service,No internet service,No internet service,No internet service,No internet service,No internet service,Month-to-month,No,Bank transfer (automatic),27.01,266.94,No
4690-65491,Female,0,No,No,49,No,No phone service,DSL,Yes,Yes,No,Yes,No,No,One year,No,Credit card (automatic),62.5,3142.76,No
7238-77141,Male,0,Yes,Yes,48,Yes,No,Fiber optic,No,No,No,No,No,Yes,Month-to-month,No,Credit card (automatic),86.48,4154.86,No
9661-98556,Female,1,No,No,40,Yes,No,Fiber optic,No,Yes,Yes,No,No,No,Month-to-month,Yes,Electronic check,76.63,3168.28,No
7644-54306,Male,0,No,No,46,Yes,No,No,No internet service,No internet service,No internet service,No internet service,No internet service,No internet service,Two year,Yes,Mailed check,21.99,1037.89,No
1295-66593,Male,0,No,No,63,Yes,Yes,Fiber optic,No,No,Yes,No,No,No,Month-to-month,Yes,Bank transfer (automatic),88.41,5462.12,Yes
5682-12647,Female,0,Yes,No,24,Yes,Yes,DSL,Yes,No,No,Yes,No,Yes,Month-to-month,Yes,Credit card (automatic),80.22,1994.6,Yes
6829-75017,Male,0,No,Yes,55,Yes,No,Fiber optic,No,Yes,Yes,No,Yes,Yes,Two year,No,Credit card (automatic),100.66,5386.71,No
6020-85959,Female,0,No,No,30,Yes,No,Fiber optic,No,No,Yes,No,Yes,No,Month-to-month,No,Electronic check,113.64,3501.94,Yes
3303-35179,Male,0,No,No,6,Yes,Yes,Fiber optic,No,No,Yes,No,Yes,No,Month-to-month,Yes,Credit card (automatic),87.54,527.19,Yes
6190-14036,Male,0,Yes,No,33,Yes,No,DSL,No,No,No,Yes,No,No,Month-to-month,No,Bank transfer (automatic),49.66,1582.56,No
5146-30602,Female,0,Yes,Yes,50,Yes,No,No,No internet service,No internet service,No internet service,No internet service,No internet service,No internet service,One year,Yes,Mailed check,26.49,1305.04,No
4634-22270,Female,0,No,Yes,44,Yes,Yes,No,No internet service,No internet service,No internet service,No internet service,No internet service,No internet service,One year,Yes,Credit card (automatic),23.22,1061.4,No
2164-81070,Male,0,Yes,No,32,Yes,Yes,No,No internet service,No internet service,No internet service,No internet service,No internet service,No internet service,One year,Yes,Electronic check,32.51,1022.78,No
2217-59965,Male,0,No,No,53,Yes,No,No,No internet service,No internet service,No internet service,No internet service,No internet service,No internet service,Two year,No,Credit card (automatic),25.72,1313.76,No
7801-27022,Female,0,No,No,28,Yes,No,DSL,No,Yes,Yes,No,No,No,Month-to-month,No,Credit card (automatic),58.99,1639.09,Yes
3801-27371,Male,0,No,Yes,1,No,No phone service,No,No internet service,No internet service,No internet service,No internet service,No internet service,No internet service,Month-to-month,No,Credit card (automatic),22.49,23.13,No
9922-38941,Male,0,No,No,47,Yes,No,Fiber optic,Yes,No,No,No,Yes,Yes,Two year,No,Electronic check,92.61,4297.21,No
5073-47306,Female,0,No,No,54,Yes,Yes,Fiber optic,No,Yes,Yes,No,No,Yes,Month-to-month,Yes,Bank transfer (automatic),119.0,6526.23,Yes
9328-52131,Male,0,No,No,30,Yes,Yes,Fiber optic,No,No,No,No,No,No,Two year,No,Mailed check,96.4,2833.91,Yes
5561-13407,Female,1,No,No,19,Yes,Yes,DSL,No,Yes,No,Yes,No,No,Two year,No,Credit card (automatic),67.4,1322.04,No
7719-58795,Male,0,Yes,Yes,38,Yes,Yes,Fiber optic,No,No,No,No,No,Yes,Two year,No,Credit card (automatic),80.3,3163.46,No
8461-78438,Female,0,No,Yes,21,Yes,No,DSL,No,Yes,Yes,Yes,No,Yes,Month-to-month,No,Bank transfer (automatic),62.43,1358.88,No
1316-26998,Female,0,No,Yes,14,Yes,Yes,No,No internet service,No internet service,No internet service,No internet service,No internet service,No internet service,One year,Yes,Electronic check,34.21,469.34,No
8805-46700,Male,0,No,No,37,Yes,Yes,Fiber optic,No,No,No,No,No,Yes,Two year,Yes,Credit card (automatic),100.1,3731.2,Yes
1233-78936,Male,0,Yes,No,49,Yes,Yes,Fiber optic,No,Yes,No,No,No,No,Month-to-month,Yes,Mailed check,96.81,4693.04,Yes
4481-76693,Male,0,Yes,Yes,45,Yes,Yes,DSL,No,No,No,No,No,No,One year,Yes,Credit card (automatic),67.98,3030.57,No
8927-71690,Female,1,No,No,33,Yes,No,DSL,No,No,No,Yes,No,No,Month-to-month,Yes,Electronic check,47.87,1610.35,Yes
9754-82201,Female,0,Yes,No,21,Yes,No,DSL,No,No,Yes,No,No,No,Month-to-month,Yes,Mailed check,48.27,1004.92,Yes
5656-43758,Female,1,No,No,38,Yes,No,DSL,No,No,No,No,No,No,Two year,Yes,Credit card (automatic),64.2,2477.21,No
4174-22667,Male,0,No,No,72,Yes,Yes,Fiber optic,No,No,No,No,No,No,Two year,Yes,Electronic check,78.45,5871.77,No
5188-38515,Male,0,Yes,No,0,Yes,Yes,Fiber optic,No,No,No,No,Yes,Yes,Month-to-month,Yes,Credit card (automatic),102.29,,Yes
1511-35246,Female,0,Yes,Yes,31,Yes,No,No,No internet service,No internet service,No internet service,No internet service,No internet service,No internet service,Month-to-month,No,Credit card (automatic),29.2,907.09,No
9888-34606,Female,0,No,No,41,Yes,Yes,Fiber optic,No,No,No,No,No,Yes,One year,No,Electronic check,116.02,4894.9,No
6198-43230,Female,0,Yes,No,14,Yes,No,Fiber optic,Yes,No,Yes,No,Yes,No,Month-to-month,Yes,Mailed check,95.74,1392.51,Yes
5849-15340,Male,0,No,No,54,Yes,No,DSL,No,No,Yes,Yes,Yes,No,One year,Yes,Mailed check,52.37,2935.77,No
5018-38574,Male,0,No,Yes,43,Yes,Yes,No,No internet service,No internet service,No internet service,No internet service,No internet service,No internet service,One year,Yes,Credit card (automatic),33.54,1491.55,No
3524-16970,Male,0,No,No,14,Yes,Yes,DSL,No,No,No,No,No,Yes,Month-to-month,Yes,Credit card (automatic),52.22,747.38,Yes
6492-96838,Male,0,Yes,No,9,Yes,No,Fiber optic,Yes,Yes,No,No,Yes,No,One year,No,Electronic check,102.62,947.27,No
7480-63609,Male,0,Yes,No,17,Yes,No,Fiber optic,No,Yes,No,No,No,No,Month-to-month,No,Credit card (automatic),85.11,1475.09,Yes
2583-21069,Female,0,No,Yes,47,Yes,Yes,DSL,No,No,No,No,No,No,Month-to-month,No,Credit card (automatic),73.89,3548.1,No
6443-33687,Male,1,Yes,No,19,Yes,Yes,Fiber optic,No,No,No,No,Yes,No,Two year,No,Mailed check,78.63,1483.22,No
5173-66138,Female,0,Yes,Yes,33,Yes,No,No,No internet service,No internet service,No internet service,No internet service,No internet service,No internet service,Month-to-month,Yes,Credit card (automatic),23.94,816.78,No
9955-52909,Female,0,No,No,9,Yes,Yes,Fiber optic,No,No,Yes,Yes,No,Yes,Month-to-month,Yes,Bank transfer (automatic),90.45,816.11,No
3404-42934,Female,0,Yes,Yes,35,No,No phone service,Fiber optic,No,Yes,Yes,Yes,Yes,Yes,One year,No,Mailed check,118.74,4012.18,No
5602-88174,Female,0,Yes,No,35,Yes,No,Fiber optic,No,No,No,No,No,No,Month-to-month,Yes,Electronic check,76.61,2657.46,Yes
2676-28593,Male,0,No,Yes,47,No,No phone service,DSL,Yes,No,Yes,No,No,No,Month-to-month,Yes,Electronic check,57.48,2748.92,Yes
8873-63022,Female,0,Yes,No,51,Yes,Yes,DSL,No,No,Yes,No,No,No,Two year,Yes,Credit card (automatic),51.51,2665.4,No
9338-71767,Male,0,Yes,No,3,Yes,No,No,No internet service,No internet service,No internet service,No internet service,No internet service,No internet service,Month-to-month,No,Mailed check,20.7,61.86,No
6495-99506,Female,0,Yes,No,53,Yes,Yes,Fiber optic,No,No,No,No,No,Yes,Month-to-month,No,Bank transfer (automatic),78.91,4133.86,Yes
8709-13253,Female,0,No,Yes,10,Yes,No,DSL,Yes,No,No,No,No,No,Month-to-month,No,Electronic check,49.92,479.49,No
1012-60845,Female,1,No,Yes,44,Yes,No,Fiber optic,No,No,No,No,No,Yes,One year,Yes,Electronic check,78.46,3568.71,No
3019-13882,Male,1,No,Yes,43,No,No phone service,Fiber optic,Yes,No,No,No,Yes,Yes,Month-to-month,Yes,Mailed check,89.17,3713.18,Yes
4896-18836,Male,0,No,Yes,21,Yes,Yes,DSL,No,No,No,No,No,No,Two year,No,Credit card (automatic),71.14,1459.07,No
3319-44755,Male,0,Yes,No,40,Yes,Yes,DSL,Yes,No,Yes,No,No,No,Month-to-month,No,Bank transfer (automatic),64.82,2561.37,No
2709-80319,Male,0,No,No,48,Yes,No,Fiber optic,No,No,No,Yes,Yes,No,Two year,No,Credit card (automatic),104.5,5053.18,No
2348-10902,Female,0,Yes,No,53,Yes,No,No,No internet service,No internet service,No internet service,No internet service,No internet service,No internet service,Two year,Yes,Bank transfer (automatic),23.32,1245.33,No
5221-56393,Male,0,No,No,14,Yes,No,DSL,No,Yes,No,No,No,No,Two year,Yes,Credit card (automatic),55.91,779.46,No
8218-76787,Male,0,No,No,60,Yes,No,Fiber optic,No,Yes,No,No,Yes,Yes,One year,Yes,Credit card (automatic),111.63,6655.39,No
1012-85423,Female,0,Yes,No,19,Yes,No,Fiber optic,No,Yes,No,No,Yes,Yes,Month-to-month,No,Electronic check,113.03,2126.87,Yes
2894-30138,Male,0,No,No,37,Yes,No,DSL,No,No,No,Yes,No,Yes,Month-to-month,Yes,Mailed check,64.92,2374.93,No
3199-17021,Female,0,No,No,49,Yes,No,No,No internet service,No internet service,No internet service,No internet service,No internet service,No internet service,Month-to-month,No,Bank transfer (automatic),19.16,948.82,No
4548-80730,Male,1,Yes,No,14,Yes,No,Fiber optic,No,No,No,Yes,Yes,Yes,Month-to-month,No,Bank transfer (automatic),91.45,1277.07,No
8213-70746,Male,1,No,Yes,32,Yes,Yes,Fiber optic,No,No,No,No,Yes,Yes,Month-to-month,No,Credit card (automatic),119.0,3679.02,Yes
2364-54447,Female,0,No,No,20,Yes,No,DSL,No,No,No,Yes,No,Yes,One year,No,Bank transfer (automatic),57.77,1184.22,No
2873-66218,Female,0,Yes,No,8,Yes,No,DSL,Yes,Yes,No,No,Yes,No,Month-to-month,Yes,Bank transfer (automatic),75.83,602.37,Yes
3654-87204,Female,0,Yes,No,40,Yes,Yes,No,No internet service,No internet service,No internet service,No internet service,No internet service,No internet service,Two year,No,Credit card (automatic),33.34,1309.89,No
4342-66208,Female,0,No,No,52,Yes,No,DSL,No,No,No,No,No,Yes,One year,Yes,Electronic check,56.22,2940.34,No
3493-29514,Male,0,Yes,Yes,8,Yes,Yes,Fiber optic,No,No,No,No,No,No,Month-to-month,Yes,Electronic check,74.35,579.75,Yes
8476-63655,Female,1,Yes,No,37,Yes,Yes,Fiber optic,Yes,No,No,No,No,No,Month-to-month,No,Bank transfer (automatic),114.2,4063.48,Yes
4813-91920,Male,0,No,No,17,Yes,Yes,DSL,No,No,No,No,No,No,One year,Yes,Mailed check,47.35,775.82,No
9081-35106,Female,0,No,No,54,Yes,No,Fiber optic,No,No,No,No,No,No,Month-to-month,No,Credit card (automatic),100.98,5552.8,Yes
8883-38409,Male,1,Yes,No,47,Yes,Yes,Fiber optic,No,Yes,No,Yes,Yes,Yes,Month-to-month,Yes,Bank transfer (automatic),118.15,5740.73,Yes
2464-95053,Female,0,Yes,No,69,Yes,Yes,No,No internet service,No internet service,No internet service,No internet service,No internet service,No internet service,Month-to-month,Yes,Credit card (automatic),29.08,2009.43,No
8059-98760,Male,0,No,No,23,Yes,Yes,DSL,Yes,No,Yes,No,No,No,One year,Yes,Bank transfer (automatic),71.94,1701.95,No
3317-54627,Female,0,No,No,15,Yes,No,DSL,No,No,Yes,No,No,Yes,Month-to-month,Yes,Electronic check,59.23,914.58,No
5929-29090,Female,0,No,No,49,No,No phone service,DSL,No,No,Yes,No,No,No,Month-to-month,No,Bank transfer (automatic),49.67,2507.33,No
4971-54704,Female,0,No,No,26,No,No phone service,DSL,No,No,No,No,Yes,No,Month-to-month,Yes,Credit card (automatic),74.67,1933.01,Yes
3511-90397,Female,0,Yes,No,48,Yes,No,No,No internet service,No internet service,No internet service,No internet service,No internet service,No internet service,Month-to-month,No,Electronic check,21.87,1047.45,No
7060-46676,Male,0,No,No,0,Yes,No,Fiber optic,No,No,No,Yes,No,Yes,Month-to-month,No,Mailed check,118.1,,Yes
3086-27316,Male,0,No,No,31,Yes,No,DSL,Yes,No,No,Yes,No,Yes,Two year,Yes,Mailed check,85.75,2653.41,No
7056-96354,Female,0,No,No,58,Yes,No,DSL,Yes,No,Yes,Yes,Yes,No,One year,Yes,Credit card (automatic),74.26,4172.12,No
8351-57315,Male,0,Yes,No,7,No,No phone service,Fiber optic,No,No,No,No,No,Yes,Month-to-month,Yes,Electronic check,78.52,551.87,Yes
1218-14000,Male,1,Yes,No,41,Yes,Yes,DSL,No,No,No,No,No,Yes,Two year,Yes,Electronic check,57.11,2323.6,Yes
7813-32837,Male,0,No,Yes,10,Yes,No,DSL,Yes,Yes,No,No,No,Yes,One year,Yes,Bank transfer (automatic),55.45,544.67,No
9523-37966,Female,0,No,Yes,47,Yes,Yes,Fiber optic,No,No,No,No,Yes,No,Month-to-month,Yes,Credit card (automatic),91.97,4365.99,Yes
1601-88046,Male,0,No,Yes,41,Yes,No,Fiber optic,No,No,Yes,Yes,Yes,Yes,Two year,Yes,Bank transfer (automatic),113.6,4830.66,No
6572-24982,Male,0,Yes,Yes,13,Yes,No,DSL,Yes,No,No,No,No,Yes,One year,Yes,Credit card (automatic),70.87,957.44,No
5481-70410,Female,0,No,No,8,No,No phone service,Fiber optic,Yes,Yes,No,No,Yes,Yes,Month-to-month,Yes,Mailed check,114.26,944.68,Yes
2568-35296,Male,0,Yes,No,55,Yes,No,Fiber optic,No,Yes,No,No,No,Yes,Month-to-month,Yes,Electronic check,114.13,6039.1,Yes
8112-42851,Male,0,No,No,40,Yes,No,Fiber optic,No,No,No,Yes,Yes,No,Two year,Yes,Credit card (automatic),98.28,3900.67,No
6305-26812,Male,0,No,No,71,Yes,No,DSL,Yes,No,Yes,No,No,Yes,Month-to-month,Yes,Mailed check,58.06,4245.98,Yes
3859-87627,Female,0,No,Yes,32,Yes,Yes,No,No internet service,No internet service,No internet service,No internet service,No internet service,No internet service,Month-to-month,Yes,Credit card (automatic),26.46,851.62,No
1194-38069,Male,0,Yes,No,51,No,No phone service,Fiber optic,No,No,No,Yes,Yes,No,Two year,Yes,Credit card (automatic),106.76,5231.35,No
3975-90336,Female,0,No,Yes,24,Yes,No,Fiber optic,Yes,Yes,No,No,No,Yes,Two year,Yes,Mailed check,111.06,2632.0,No
5756-98385,Male,0,Yes,Yes,51,Yes,No,Fiber optic,No,No,No,Yes,Yes,Yes,One year,Yes,Electronic check,89.76,4613.95,No
1420-61772,Male,0,No,No,18,Yes,Yes,Fiber optic,Yes,No,No,No,Yes,Yes,Month-to-month,No,Credit card (automatic),100.64,1789.48,Yes
5582-57806,Male,0,No,Yes,21,Yes,Yes,No,No internet service,No internet service,No internet service,No internet service,No internet service,No internet service,Month-to-month,Yes,Mailed check,26.18,554.27,No
5809-38101,Male,0,No,No,64,Yes,No,Fiber optic,No,Yes,Yes,No,Yes,Yes,Two year,Yes,Credit card (automatic),103.9,6519.83,No
7785-82399,Male,0,No,No,55,Yes,Yes,DSL,Yes,Yes,No,Yes,Yes,Yes,One year,No,Bank transfer (automatic),88.34,5048.86,No
7925-10669,Male,0,No,No,63,Yes,No,DSL,No,No,No,No,Yes,No,Two year,Yes,Credit card (automatic),62.14,3850.5,No
5321-84835,Male,0,Yes,No,35,Yes,Yes,Fiber optic,No,No,No,No,No,No,Month-to-month,Yes,Bank transfer (automatic),92.63,3164.04,No
6950-85621,Female,0,Yes,No,39,Yes,No,DSL,Yes,Yes,Yes,Yes,No,No,Two year,No,Mailed check,69.02,2666.84,No
7271-60732,Female,0,No,No,7,Yes,No,Fiber optic,No,Yes,No,No,Yes,Yes,Month-to-month,Yes,Bank transfer (automatic),92.55,651.63,Yes
5393-76526,Female,0,No,No,17,Yes,Yes,Fiber optic,No,No,No,No,No,Yes,Month-to-month,Yes,Credit card (automatic),96.24,1669.03,Yes
2440-79449,Female,0,No,No,67,Yes,Yes,DSL,No,No,Yes,Yes,Yes,Yes,Two year,Yes,Mailed check,94.27,6418.14,No
1977-13534,Female,0,Yes,Yes,27,Yes,Yes,No,No internet service,No internet service,No internet service,No internet service,No internet service,No internet service,Month-to-month,Yes,Credit card (automatic),32.86,857.21,No
9145-57214,Female,0,Yes,No,7,Yes,Yes,No,No internet service,No internet service,No internet service,No internet service,No internet service,No internet service,One year,Yes,Mailed check,29.14,204.33,No
6453-87461,Female,0,No,Yes,50,Yes,Yes,Fiber optic,No,No,No,Yes,No,No,One year,Yes,Credit card (automatic),106.62,5361.58,Yes
4285-94873,Male,0,No,Yes,28,Yes,No,Fiber optic,No,No,Yes,No,Yes,Yes,Two year,No,Electronic check,81.26,2364.08,No
7661-28343,Female,0,No,No,18,Yes,No,DSL,No,No,No,Yes,No,Yes,Month-to-month,Yes,Electronic check,57.88,1065.72,Yes
2632-61326,Male,0,Yes,No,11,Yes,Yes,No,No internet service,No internet service,No internet service,No internet service,No internet service,No internet service,Month-to-month,Yes,Electronic check,33.68,370.07,No
6035-13035,Female,0,Yes,Yes,36,Yes,No,DSL,Yes,Yes,Yes,No,No,No,One year,No,Mailed check,66.96,2332.64,No
2097-55085,Female,0,Yes,No,24,Yes,No,Fiber optic,No,No,No,No,No,Yes,Two year,No,Credit card (automatic),79.69,1930.05,No
4771-42588,Male,0,Yes,Yes,29,No,No phone service,Fiber optic,No,No,No,No,Yes,No,Two year,Yes,Credit card (automatic),87.08,2482.59,No
5049-77902,Male,0,No,No,2,Yes,No,Fiber optic,No,Yes,No,No,Yes,Yes,Month-to-month,Yes,Credit card (automatic),99.0,190.63,Yes
6070-39074,Male,0,Yes,No,53,Yes,No,DSL,No,No,Yes,No,No,Yes,One year,No,Electronic check,65.77,3375.6,No
5584-71274,Male,0,Yes,No,31,Yes,No,Fiber optic,No,No,Yes,No,Yes,No,Month-to-month,No,Credit card (automatic),114.6,3531.35,Yes
2035-82620,Female,0,No,Yes,3,Yes,No,Fiber optic,No,No,Yes,No,Yes,No,Month-to-month,Yes,Bank transfer (automatic),100.85,308.88,Yes
4765-16409,Female,0,Yes,No,7,Yes,No,DSL,Yes,No,Yes,No,No,Yes,Month-to-month,Yes,Mailed check,83.85,603.63,No
5252-28375,Female,0,No,No,11,No,No phone service,No,No internet service,No internet service,No internet service,No internet service,No internet service,No internet service,Month-to-month,No,Bank transfer (automatic),22.27,238.8,Yes
4157-38432,Female,0,Yes,No,35,Yes,Yes,Fiber optic,Yes,No,Yes,Yes,Yes,Yes,Month-to-month,Yes,Mailed check,119.0,4143.02,Yes
7695-87902,Male,0,Yes,Yes,6,Yes,No,Fiber optic,Yes,No,No,No,No,Yes,Month-to-month,Yes,Bank transfer (automatic),109.63,664.89,Yes
2381-53430,Male,0,Yes,No,16,No,No phone service,DSL,No,Yes,Yes,No,Yes,Yes,Month-to-month,Yes,Electronic check,64.67,1020.97,Yes
7768-23755,Female,0,No,No,59,Yes,No,DSL,Yes,No,No,No,No,Yes,Two year,Yes,Mailed check,73.87,4444.46,No
5470-24868,Female,1,Yes,No,3,Yes,Yes,DSL,No,No,No,No,Yes,No,Month-to-month,No,Credit card (automatic),60.21,174.32,Yes
4040-40093,Female,1,No,No,20,No,No phone service,Fiber optic,No,Yes,No,No,Yes,No,Two year,No,Mailed check,76.98,1569.99,No
4386-68726,Male,0,No,No,30,Yes,No,DSL,No,No,Yes,No,No,No,Two year,Yes,Mailed check,45.94,1404.63,No
8864-90727,Female,0,Yes,No,25,No,No phone service,No,No internet service,No internet service,No internet service,No internet service,No internet service,No internet service,Month-to-month,No,Electronic check,21.14,508.83,No
4673-27153,Female,0,No,No,30,Yes,Yes,DSL,No,No,Yes,No,No,No,One year,No,Mailed check,64.16,1879.0,No
4718-86397,Male,0,Yes,Yes,70,Yes,Yes,DSL,No,Yes,Yes,No,No,No,Month-to-month,Yes,Credit card (automatic),82.08,5808.56,No
7372-35550,Male,0,Yes,No,8,Yes,Yes,No,No internet service,No internet service,No internet service,No internet service,No internet service,No internet service,Month-to-month,Yes,Mailed check,33.63,268.08,No
7849-71960,Male,0,No,No,36,Yes,No,No,No internet service,No internet service,No internet service,No internet service,No internet service,No internet service,One year,No,Bank transfer (automatic),22.23,786.25,No
9011-89090,Male,0,Yes,No,14,Yes,Yes,No,No internet service,No internet service,No internet service,No internet service,No internet service,No internet service,One year,Yes,Bank transfer (automatic),24.92,341.01,No
9434-54234,Male,0,No,No,16,Yes,Yes,DSL,Yes,Yes,No,No,No,No,Month-to-month,Yes,Bank transfer (automatic),84.24,1352.12,Yes
3285-69412,Female,0,No,No,20,Yes,Yes,DSL,Yes,Yes,Yes,Yes,No,Yes,Two year,No,Mailed check,93.9,1843.73,No
6191-44892,Female,0,Yes,No,36,Yes,No,Fiber optic,No,No,No,No,Yes,No,One year,No,Electronic check,100.58,3583.65,No
9905-83032,Male,0,Yes,No,12,Yes,Yes,No,No internet service,No internet service,No internet service,No internet service,No internet service,No internet service,Month-to-month,Yes,Bank transfer (automatic),25.87,299.59,No
5888-74584,Female,0,No,No,2,Yes,Yes,Fiber optic,No,No,Yes,No,No,No,Month-to-month,No,Mailed check,82.16,163.94,Yes
1203-84150,Female,0,No,No,39,Yes,No,No,No internet service,No internet service,No internet service,No internet service,No internet service,No internet service,Two year,No,Credit card (automatic),24.29,929.56,No
1621-82700,Male,0,Yes,No,30,Yes,No,Fiber optic,No,No,No,No,No,No,Two year,Yes,Electronic check,92.47,2843.02,No
2475-65674,Male,0,No,Yes,26,No,No phone service,Fiber optic,No,No,Yes,No,Yes,No,One year,Yes,Mailed check,79.1,2051.41,No
1172-69413,Male,0,Yes,No,61,Yes,No,Fiber optic,No,No,No,No,No,Yes,Two year,No,Electronic check,96.83,5808.73,Yes
7021-96580,Female,0,No,Yes,22,No,No phone service,DSL,No,No,No,Yes,Yes,No,Month-to-month,Yes,Bank transfer (automatic),76.28,1657.92,No
6143-68553,Female,0,Yes,No,25,Yes,No,DSL,Yes,No,Yes,Yes,Yes,Yes,Month-to-month,Yes,Mailed check,80.77,1967.2,No
7067-97204,Female,0,No,No,58,Yes,Yes,DSL,No,No,Yes,Yes,No,Yes,Two year,Yes,Mailed check,72.63,4111.56,No
7901-10501,Female,0,No,Yes,25,Yes,No,DSL,Yes,Yes,No,No,No,No,One year,Yes,Electronic check,54.42,1313.58,No
5404-37984,Male,1,No,No,22,No,No phone service,DSL,Yes,Yes,No,No,No,No,Month-to-month,Yes,Electronic check,69.08,1540.0,No
3559-63186,Male,0,No,No,17,Yes,No,Fiber optic,No,Yes,No,Yes,Yes,Yes,One year,Yes,Mailed check,119.0,2024.48,No
9007-98673,Female,0,No,Yes,22,No,No phone service,No,No internet service,No internet service,No internet service,No internet service,No internet service,No internet service,Month-to-month,Yes,Credit card (automatic),27.07,579.52,No
1902-34947,Male,0,Yes,No,51,Yes,Yes,DSL,No,No,No,No,No,No,Month-to-month,No,Mailed check,73.28,3744.15,Yes
8881-31907,Male,0,Yes,Yes,25,Yes,Yes,Fiber optic,Yes,No,Yes,No,Yes,Yes,One year,Yes,Bank transfer (automatic),104.06,2627.0,No
1236-89581,Male,0,No,Yes,38,Yes,No,Fiber optic,Yes,Yes,No,No,Yes,Yes,Month-to-month,Yes,Electronic check,112.92,4451.5,Yes
5689-21116,Male,0,Yes,No,16,Yes,Yes,DSL,Yes,No,No,Yes,No,No,Month-to-month,Yes,Credit card (automatic),61.02,952.98,No
1843-17555,Male,0,No,Yes,47,Yes,No,Fiber optic,No,No,No,No,No,Yes,Month-to-month,Yes,Bank transfer (automatic),107.42,4945.77,Yes
8650-29046,Male,0,Yes,No,4,Yes,Yes,DSL,No,Yes,Yes,Yes,No,Yes,Month-to-month,Yes,Credit card (automatic),78.91,315.18,Yes
1549-90728,Male,0,No,No,65,Yes,No,Fiber optic,No,No,No,No,Yes,Yes,Two year,No,Electronic check,94.5,6159.61,No
1311-89883,Female,0,No,No,49,Yes,Yes,No,No internet service,No internet service,No internet service,No internet service,No internet service,No internet service,Month-to-month,Yes,Credit card (automatic),27.41,1315.84,No
5760-73487,Female,0,No,No,26,Yes,No,Fiber optic,No,Yes,Yes,No,Yes,No,Month-to-month,No,Credit card (automatic),113.32,3012.01,No
9678-80288,Female,0,Yes,No,11,Yes,No,Fiber optic,No,No,Yes,No,Yes,Yes,One year,No,Mailed check,83.04,929.71,No
8256-79208,Female,0,No,No,37,Yes,Yes,Fiber optic,No,Yes,No,No,No,Yes,Two year,No,Credit card (automatic),91.41,3247.85,No
8383-46833,Female,0,No,No,52,Yes,Yes,No,No internet service,No internet service,No internet service,No internet service,No internet service,No internet service,One year,No,Credit card (automatic),26.72,1437.64,No
2982-48264,Male,0,No,No,44,Yes,Yes,Fiber optic,No,No,No,Yes,Yes,Yes,Two year,Yes,Mailed check,87.2,3799.68,No
4633-56429,Female,0,No,No,25,Yes,Yes,DSL,No,No,Yes,No,Yes,No,One year,Yes,Mailed check,66.68,1691.73,No
3390-32954,Female,0,Yes,No,24,Yes,No,DSL,Yes,No,Yes,No,No,No,One year,Yes,Electronic check,58.7,1402.65,No
6573-23080,Female,0,Yes,No,34,Yes,Yes,DSL,No,No,Yes,Yes,No,No,Month-to-month,Yes,Credit card (automatic),68.89,2327.29,No
1662-87959,Male,0,Yes,No,16,Yes,No,DSL,No,Yes,Yes,Yes,Yes,Yes,Month-to-month,No,Credit card (automatic),70.02,1107.97,No
5154-89053,Male,1,No,No,34,Yes,Yes,Fiber optic,No,Yes,No,No,Yes,No,Month-to-month,Yes,Electronic check,99.65,3263.97,Yes
9242-34232,Female,0,No,No,64,Yes,No,Fiber optic,No,No,No,No,No,Yes,Two year,Yes,Credit card (automatic),100.18,6628.12,No
3279-45056,Female,0,Yes,No,59,Yes,No,Fiber optic,No,No,Yes,No,No,Yes,One year,No,Credit card (automatic),113.44,6762.45,Yes
1552-72754,Female,0,No,Yes,55,Yes,Yes,DSL,No,Yes,Yes,No,Yes,No,Two year,No,Bank transfer (automatic),73.6,3902.44,No
9921-12145,Female,1,Yes,No,30,Yes,No,No,No internet service,No internet service,No internet service,No internet service,No internet service,No internet service,One year,No,Credit card (automatic),29.35,905.69,No
9417-28944,Male,0,No,No,43,Yes,Yes,DSL,No,No,No,No,No,Yes,One year,Yes,Mailed check,79.65,3500.21,No
9616-27553,Male,0,No,No,41,Yes,No,Fiber optic,Yes,No,No,No,No,No,Month-to-month,Yes,Mailed check,89.11,3572.82,No
4587-39141,Female,0,Yes,No,28,Yes,No,Fiber optic,No,No,No,Yes,No,No,Month-to-month,Yes,Bank transfer (automatic),90.66,2501.39,No
6959-28778,Female,0,Yes,No,60,Yes,Yes,Fiber optic,No,No,No,No,Yes,No,One year,No,Bank transfer (automatic),92.2,5342.98,No
4698-90103,Male,0,No,No,10,Yes,No,DSL,Yes,No,No,Yes,No,No,Month-to-month,Yes,Mailed check,67.01,665.63,No
1572-39916,Male,0,No,Yes,69,Yes,Yes,Fiber optic,No,No,Yes,No,Yes,Yes,Two year,Yes,Credit card (automatic),87.61,6052.17,No
8418-10559,Male,1,Yes,No,34,Yes,No,No,No internet service,No internet service,No internet service,No internet service,No internet service,No internet service,Month-to-month,Yes,Mailed check,27.01,919.22,No
4187-71644,Male,0,No,No,42,Yes,No,No,No internet service,No internet service,No internet service,No internet service,No internet service,No internet service,Month-to-month,Yes,Electronic check,24.72,1053.77,No
3242-41203,Female,0,No,No,52,Yes,Yes,DSL,No,Yes,Yes,Yes,No,Yes,One year,No,Bank transfer (automatic),76.37,4087.65,No
2505-89609,Male,0,Yes,No,50,Yes,Yes,DSL,No,Yes,No,No,No,Yes,Month-to-month,No,Credit card (automatic),60.35,2929.86,No
1559-64899,Female,1,No,No,22,Yes,No,Fiber optic,No,No,No,Yes,Yes,Yes,One year,Yes,Credit card (automatic),94.73,2123.55,No
8856-27209,Male,0,Yes,No,33,Yes,No,DSL,Yes,No,Yes,No,No,No,Month-to-month,No,Electronic check,65.8,2255.05,No
2408-32736,Female,0,No,No,23,No,No phone service,Fiber optic,No,Yes,No,No,Yes,Yes,Month-to-month,Yes,Credit card (automatic),113.26,2592.43,Yes
4295-29749,Male,0,No,No,32,Yes,No,No,No internet service,No internet service,No internet service,No internet service,No internet service,No internet service,One year,Yes,Mailed check,29.81,942.63,No
7878-92432,Female,0,Yes,No,9,Yes,Yes,DSL,No,No,No,Yes,No,Yes,Month-to-month,Yes,Electronic check,67.19,589.32,No
1585-21112,Female,0,No,No,50,Yes,No,DSL,No,No,No,Yes,No,No,One year,No,Credit card (automatic),59.8,2910.35,Yes
3098-83607,Female,0,Yes,No,35,Yes,Yes,Fiber optic,No,No,No,No,No,No,Month-to-month,Yes,Electronic check,104.45,3535.02,Yes
1500-26916,Female,0,No,No,31,Yes,Yes,DSL,No,No,Yes,No,No,Yes,One year,No,Bank transfer (automatic),67.3,2155.95,No
9821-36260,Female,1,No,Yes,20,Yes,Yes,Fiber optic,No,No,Yes,No,Yes,Yes,Month-to-month,Yes,Electronic check,114.94,2309.6,Yes
3365-44717,Female,1,Yes,Yes,11,Yes,No,DSL,Yes,Yes,No,No,Yes,Yes,Month-to-month,No,Bank transfer (automatic),69.24,737.75,No
1317-30666,Male,0,No,No,17,No,No phone service,Fiber optic,No,No,No,No,Yes,No,One year,No,Electronic check,96.37,1680.06,No
7081-60180,Male,0,Yes,No,32,Yes,Yes,DSL,No,Yes,No,Yes,Yes,No,One year,No,Electronic check,87.62,2867.55,Yes
4545-26642,Male,0,No,No,71,Yes,No,DSL,No,Yes,No,No,No,No,Two year,Yes,Credit card (automatic),58.68,4026.15,No
8038-20653,Male,0,No,No,16,Yes,Yes,Fiber optic,No,No,No,No,No,No,Two year,Yes,Credit card (automatic),79.34,1268.51,No
2789-75241,Female,0,No,No,2,Yes,Yes,DSL,No,No,No,Yes,No,Yes,One year,Yes,Bank transfer (automatic),54.18,109.75,No
9416-31971,Male,0,No,Yes,36,Yes,Yes,No,No internet service,No internet service,No internet service,No internet service,No internet service,No internet service,Month-to-month,Yes,Mailed check,33.46,1244.15,No
6100-15688,Male,0,No,Yes,53,Yes,No,DSL,Yes,No,No,No,Yes,Yes,One year,Yes,Credit card (automatic),74.25,4035.04,No
2237-49144,Female,0,Yes,No,1,Yes,No,DSL,No,No,No,Yes,No,Yes,Month-to-month,No,Bank transfer (automatic),67.85,68.17,Yes
7298-43387,Male,0,Yes,Yes,26,Yes,No,Fiber optic,Yes,No,No,No,Yes,No,Two year,Yes,Mailed check,101.88,2693.29,Yes
1368-48443,Male,0,No,Yes,36,Yes,No,Fiber optic,No,No,No,No,No,Yes,One year,No,Credit card (automatic),107.68,3861.34,No
6975-35815,Female,0,Yes,No,47,Yes,No,No,No internet service,No internet service,No internet service,No internet service,No internet service,No internet service,Month-to-month,Yes,Bank transfer (automatic),21.75,1032.1,No
6664-29040,Female,0,Yes,No,55,Yes,No,DSL,No,No,No,No,No,No,Two year,No,Credit card (automatic),60.68,3304.79,No
5650-50612,Female,0,Yes,No,17,Yes,No,Fiber optic,No,No,Yes,No,No,No,Two year,No,Credit card (automatic),91.56,1550.77,No
2188-44274,Female,0,No,Yes,27,Yes,Yes,DSL,No,Yes,Yes,Yes,No,No,Month-to-month,No,Credit card (automatic),80.72,2240.37,No
1369-13788,Female,0,No,No,16,Yes,No,Fiber optic,No,Yes,Yes,No,Yes,Yes,One year,No,Credit card (automatic),119.0,1845.36,No
2487-72726,Female,0,Yes,No,19,Yes,Yes,Fiber optic,No,Yes,Yes,No,No,No,Month-to-month,Yes,Credit card (automatic),87.21,1664.2,No
2094-65271,Male,1,Yes,No,29,Yes,No,DSL,No,No,Yes,No,Yes,No,One year,Yes,Credit card (automatic),78.33,2228.65,No
6947-52278,Female,1,No,No,17,Yes,Yes,Fiber optic,No,No,No,Yes,No,Yes,Two year,Yes,Bank transfer (automatic),101.44,1745.94,No
6664-71597,Male,0,Yes,No,35,Yes,No,Fiber optic,No,No,No,Yes,No,Yes,Month-to-month,Yes,Bank transfer (automatic),102.58,3510.58,Yes
3196-13733,Male,1,No,Yes,29,Yes,No,No,No internet service,No internet service,No internet service,No internet service,No internet service,No internet service,Month-to-month,Yes,Credit card (automatic),26.87,801.62,No
3476-45113,Female,0,No,Yes,18,Yes,No,DSL,No,Yes,No,No,No,No,Month-to-month,No,Mailed check,72.8,1308.24,Yes
2077-16286,Female,1,No,No,20,Yes,Yes,DSL,No,No,Yes,Yes,No,No,Two year,No,Credit card (automatic),60.22,1229.56,No
7737-78307,Male,1,Yes,Yes,35,Yes,Yes,Fiber optic,No,No,No,No,Yes,Yes,Month-to-month,Yes,Bank transfer (automatic),116.02,3937.42,Yes
2284-44615,Female,0,No,Yes,2,Yes,No,DSL,No,Yes,No,No,No,No,One year,Yes,Electronic check,68.36,133.41,No
8045-11192,Female,1,No,Yes,16,Yes,No,Fiber optic,No,No,Yes,No,No,Yes,Two year,Yes,Credit card (automatic),81.69,1277.09,No
5078-52628,Female,0,Yes,No,52,Yes,No,Fiber optic,No,No,No,No,No,Yes,Two year,No,Mailed check,87.47,4659.83,No
1104-79271,Male,0,No,No,5,Yes,Yes,DSL,No,No,Yes,No,Yes,No,Month-to-month,No,Credit card (automatic),75.54,373.5,Yes
9092-12998,Female,1,Yes,No,33,Yes,No,Fiber optic,No,No,No,No,No,No,Month-to-month,Yes,Electronic check,92.5,2943.25,Yes
3174-41415,Male,0,No,No,28,Yes,No,DSL,No,No,Yes,Yes,No,Yes,Two year,Yes,Credit card (automatic),65.06,1865.35,No
5836-10013,Female,0,No,No,7,Yes,No,Fiber optic,No,No,Yes,No,No,Yes,Month-to-month,No,Electronic check,79.54,575.05,Yes
1268-67004,Male,0,Yes,Yes,30,Yes,No,Fiber optic,Yes,No,Yes,No,Yes,No,Month-to-month,No,Electronic check,93.49,2870.67,No
8219-55001,Female,0,Yes,No,0,Yes,Yes,No,No internet service,No internet service,No internet service,No internet service,No internet service,No internet service,Month-to-month,No,Mailed check,29.59,,No
6889-17541,Male,1,Yes,No,69,Yes,No,DSL,Yes,No,No,No,Yes,Yes,Two year,No,Credit card (automatic),73.17,5148.16,No
3382-26920,Male,1,Yes,No,18,Yes,No,Fiber optic,No,Yes,No,No,No,Yes,Two year,Yes,Credit card (automatic),103.84,1942.8,No
3906-64340,Male,0,No,Yes,42,Yes,Yes,Fiber optic,No,Yes,No,No,No,Yes,Month-to-month,No,Electronic check,100.8,4097.72,Yes
5669-23997,Female,1,Yes,No,1,Yes,No,Fiber optic,No,No,No,No,No,No,Month-to-month,No,Credit card (automatic),104.09,105.17,No
7457-57215,Male,0,No,No,48,Yes,Yes,Fiber optic,No,Yes,No,No,Yes,Yes,One year,No,Mailed check,88.02,4307.83,No
7751-49392,Female,1,Yes,Yes,24,Yes,No,Fiber optic,No,No,No,No,No,Yes,Month-to-month,Yes,Bank transfer (automatic),100.99,2329.53,Yes
8836-29862,Male,0,No,No,39,Yes,Yes,DSL,No,No,No,No,Yes,No,Two year,No,Electronic check,59.78,2370.6,No
8971-90162,Male,0,No,Yes,33,Yes,No,Fiber optic,No,No,No,No,No,No,Month-to-month,No,Credit card (automatic),78.16,2542.34,Yes
8466-60389,Female,0,No,Yes,20,Yes,No,Fiber optic,No,No,No,No,No,Yes,Month-to-month,Yes,Credit card (automatic),78.22,1613.67,Yes
5644-92001,Female,0,No,Yes,10,No,No phone service,Fiber optic,No,No,No,No,Yes,Yes,Month-to-month,Yes,Bank transfer (automatic),110.47,1140.79,No
3424-20810,Male,0,No,No,12,Yes,No,No,No internet service,No internet service,No internet service,No internet service,No internet service,No internet service,Month-to-month,Yes,Bank transfer (automatic),25.03,292.14,No
3639-10353,Male,0,No,Yes,42,Yes,Yes,DSL,No,No,No,No,Yes,Yes,Month-to-month,Yes,Credit card (automatic),70.03,2916.69,No
6841-88124,Male,0,No,No,32,Yes,Yes,DSL,No,Yes,No,Yes,No,Yes,One year,Yes,Electronic check,91.45,2823.06,Yes
5055-55449,Female,0,Yes,No,6,Yes,No,DSL,No,No,No,No,No,No,Month-to-month,No,Credit card (automatic),48.74,289.57,No
2535-64571,Female,0,Yes,No,1,Yes,No,DSL,No,No,No,No,Yes,Yes,One year,No,Credit card (automatic),54.53,52.87,Yes
7080-23687,Male,0,Yes,No,35,Yes,No,DSL,No,Yes,No,No,No,No,Month-to-month,Yes,Bank transfer (automatic),48.3,1678.07,No
5314-57940,Female,0,No,Yes,14,Yes,No,DSL,Yes,No,Yes,Yes,No,No,Month-to-month,No,Mailed check,67.34,916.05,Yes
2935-61509,Male,0,No,No,0,Yes,No,No,No internet service,No internet service,No internet service,No internet service,No internet service,No internet service,Month-to-month,Yes,Mailed check,19.03,,No
3151-87352,Male,0,No,No,28,Yes,No,DSL,No,Yes,No,No,No,No,One year,No,Bank transfer (automatic),70.12,1976.83,No
8576-74455,Female,0,No,No,20,Yes,Yes,No,No internet service,No internet service,No internet service,No internet service,No internet service,No internet service,Month-to-month,Yes,Credit card (automatic),31.11,616.49,No
3701-25987,Female,0,Yes,Yes,52,Yes,Yes,Fiber optic,No,No,Yes,No,No,No,Two year,Yes,Electronic check,110.35,5869.87,No
4392-43038,Male,0,No,No,4,Yes,No,Fiber optic,No,No,No,No,Yes,Yes,Month-to-month,Yes,Electronic check,93.11,366.65,No
3271-80504,Female,0,Yes,No,38,Yes,Yes,Fiber optic,No,Yes,No,No,Yes,No,Month-to-month,Yes,Credit card (automatic),110.67,4132.48,Yes
5997-76826,Male,0,Yes,No,38,Yes,Yes,Fiber optic,No,No,Yes,No,Yes,Yes,Month-to-month,Yes,Mailed check,119.0,4421.57,Yes
6905-76919,Female,0,No,No,5,Yes,No,Fiber optic,No,Yes,Yes,Yes,Yes,Yes,One year,Yes,Credit card (automatic),108.41,557.97,Yes
9556-77791,Male,1,Yes,No,10,Yes,No,Fiber optic,No,No,No,No,Yes,Yes,Month-to-month,No,Bank transfer (automatic),82.6,836.97,No
1685-16921,Male,0,No,No,71,Yes,No,No,No internet service,No internet service,No internet service,No internet service,No internet service,No internet service,Month-to-month,Yes,Credit card (automatic),22.85,1632.06,No
8681-21788,Male,0,No,Yes,35,Yes,No,Fiber optic,No,Yes,No,No,Yes,Yes,Month-to-month,Yes,Electronic check,118.98,4276.54,Yes
8262-91909,Female,0,No,No,33,No,No phone service,Fiber optic,No,No,Yes,No,Yes,Yes,Month-to-month,Yes,Credit card (automatic),117.89,3782.32,Yes
6335-64212,Female,0,Yes,Yes,3,Yes,No,Fiber optic,Yes,No,No,Yes,No,Yes,Month-to-month,Yes,Credit card (automatic),104.36,303.65,Yes
1097-52555,Male,0,Yes,Yes,24,Yes,Yes,Fiber optic,No,No,No,No,No,No,One year,No,Electronic check,92.49,2147.98,No
5327-48217,Female,0,Yes,Yes,52,Yes,No,Fiber optic,No,No,No,No,Yes,No,One year,Yes,Bank transfer (automatic),86.54,4507.75,Yes
8142-18115,Female,1,No,Yes,6,Yes,Yes,No,No internet service,No internet service,No internet service,No internet service,No internet service,No internet service,Month-to-month,No,Credit card (automatic),29.69,180.27,No
3040-93608,Male,1,Yes,No,7,Yes,Yes,Fiber optic,No,No,Yes,No,Yes,No,Month-to-month,No,Bank transfer (automatic),110.33,791.05,Yes
7862-57308,Female,0,Yes,No,40,Yes,Yes,Fiber optic,No,No,No,Yes,Yes,Yes,Month-to-month,Yes,Electronic check,101.26,4006.75,Yes
1367-36031,Female,0,No,No,33,Yes,No,Fiber optic,No,Yes,No,No,No,Yes,Two year,No,Electronic check,84.36,2874.07,No
1617-35472,Male,0,No,No,55,Yes,Yes,Fiber optic,No,Yes,No,Yes,Yes,Yes,Two year,Yes,Mailed check,116.29,6518.54,No
3870-95731,Male,0,No,No,16,Yes,No,DSL,Yes,No,No,No,No,No,Month-to-month,Yes,Bank transfer (automatic),47.49,748.88,No
1625-78429,Male,1,Yes,No,63,Yes,No,Fiber optic,No,No,Yes,No,No,No,Two year,Yes,Credit card (automatic),87.89,5692.59,No
9375-89196,Female,0,No,No,26,Yes,Yes,No,No internet service,No internet service,No internet service,No internet service,No internet service,No internet service,Month-to-month,Yes,Bank transfer (automatic),30.35,769.25,No
3336-30442,Female,0,Yes,No,23,Yes,No,Fiber optic,No,No,No,Yes,Yes,No,Month-to-month,Yes,Bank transfer (automatic),85.06,1952.84,Yes
2343-86203,Male,0,Yes,No,50,Yes,No,No,No internet service,No internet service,No internet service,No internet service,No internet service,No internet service,Two year,Yes,Mailed check,22.94,1148.56,No
9738-77432,Male,0,Yes,No,40,Yes,Yes,No,No internet service,No internet service,No internet service,No internet service,No internet service,No internet service,One year,No,Electronic check,33.1,1297.43,No
8076-57065,Male,0,No,No,49,Yes,Yes,Fiber optic,No,No,Yes,No,Yes,No,Month-to-month,No,Credit card (automatic),110.39,5558.88,Yes
8198-98374,Male,0,No,No,29,Yes,No,DSL,Yes,Yes,No,No,No,No,One year,Yes,Electronic check,73.06,2048.67,No
3650-72321,Male,0,Yes,No,49,Yes,Yes,Fiber optic,Yes,No,No,Yes,Yes,Yes,Two year,No,Bank transfer (automatic),119.0,5972.66,No
5175-49592,Male,0,No,No,9,Yes,No,No,No internet service,No internet service,No internet service,No internet service,No internet service,No internet service,Month-to-month,No,Credit card (automatic),26.71,237.99,No
4966-56038,Female,1,No,Yes,38,Yes,No,Fiber optic,No,No,Yes,No,Yes,No,Month-to-month,Yes,Electronic check,98.62,3634.86,Yes
6449-34325,Male,0,Yes,No,30,Yes,No,DSL,Yes,No,Yes,No,No,Yes,Month-to-month,No,Mailed check,76.61,2281.04,No
1782-93369,Female,0,No,No,47,Yes,No,DSL,Yes,Yes,No,No,No,No,Two year,Yes,Electronic check,62.87,2882.35,No
7679-13913,Male,0,Yes,No,48,No,No phone service,Fiber optic,No,No,Yes,No,Yes,No,Month-to-month,Yes,Credit card (automatic),93.68,4595.92,No
5389-83727,Male,0,Yes,Yes,68,Yes,No,Fiber optic,No,No,Yes,No,Yes,Yes,Month-to-month,Yes,Bank transfer (automatic),86.96,5716.07,No
7064-96646,Female,1,No,No,13,Yes,Yes,Fiber optic,No,Yes,No,No,Yes,Yes,Month-to-month,Yes,Mailed check,114.0,1503.94,Yes
6661-54263,Female,0,Yes,Yes,20,Yes,Yes,Fiber optic,No,No,No,Yes,No,No,Month-to-month,Yes,Credit card (automatic),99.51,1952.15,No
9669-37776,Female,0,No,No,31,Yes,No,Fiber optic,No,No,No,No,Yes,Yes,One year,Yes,Credit card (automatic),92.92,2985.91,No
8665-65987,Female,0,Yes,No,36,Yes,No,DSL,No,Yes,Yes,No,No,Yes,Month-to-month,Yes,Credit card (automatic),82.08,2966.41,Yes
6386-87318,Male,0,No,No,72,Yes,No,Fiber optic,No,No,Yes,No,Yes,No,Two year,No,Credit card (automatic),105.51,7780.27,No
8523-63974,Male,1,No,No,31,Yes,No,Fiber optic,No,No,Yes,No,Yes,No,One year,Yes,Mailed check,84.27,2635.9,Yes
5107-73707,Female,0,No,Yes,20,Yes,No,Fiber optic,No,No,Yes,No,Yes,No,Month-to-month,No,Mailed check,85.33,1675.47,Yes
1811-43273,Female,0,No,No,59,Yes,No,Fiber optic,Yes,No,No,No,Yes,Yes,Two year,Yes,Electronic check,91.21,5552.05,No
8114-27672,Female,0,No,Yes,69,No,No phone service,Fiber optic,Yes,No,No,No,Yes,Yes,Month-to-month,Yes,Credit card (automatic),107.78,7256.9,No
3905-64292,Female,0,Yes,No,6,Yes,Yes,Fiber optic,No,Yes,Yes,Yes,Yes,No,One year,Yes,Credit card (automatic),113.33,669.2,No
3279-75279,Male,0,Yes,No,14,Yes,No,Fiber optic,No,Yes,No,No,No,No,One year,Yes,Mailed check,104.03,1423.61,Yes
7706-94245,Male,0,No,Yes,15,Yes,No,Fiber optic,No,No,No,No,No,No,Month-to-month,Yes,Mailed check,100.56,1451.71,No
2248-82318,Male,0,No,No,45,Yes,Yes,No,No internet service,No internet service,No internet service,No internet service,No internet service,No internet service,Month-to-month,No,Electronic check,25.74,1184.56,No
6068-29640,Female,0,Yes,No,18,Yes,Yes,Fiber optic,No,Yes,No,No,Yes,Yes,Month-to-month,Yes,Credit card (automatic),89.86,1572.01,Yes
9858-46587,Female,0,No,Yes,24,Yes,No,Fiber optic,No,No,No,No,Yes,Yes,Month-to-month,Yes,Mailed check,98.76,2369.84,Yes
9126-55787,Male,0,Yes,No,49,Yes,Yes,Fiber optic,No,Yes,No,No,Yes,Yes,One year,No,Electronic check,110.06,5400.49,Yes
1336-85993,Female,0,Yes,Yes,9,Yes,Yes,Fiber optic,No,Yes,No,No,Yes,Yes,Month-to-month,Yes,Mailed check,88.45,809.79,Yes
8662-37240,Female,0,No,Yes,1,Yes,Yes,No,No internet service,No internet service,No internet service,No internet service,No internet service,No internet service,Month-to-month,No,Bank transfer (automatic),26.26,27.03,No
7278-23873,Male,0,No,No,15,Yes,No,DSL,No,No,Yes,Yes,No,Yes,Two year,Yes,Credit card (automatic),74.27,1146.03,No
2660-97876,Male,0,No,No,13,No,No phone service,DSL,No,Yes,No,No,Yes,No,Month-to-month,Yes,Credit card (automatic),50.44,665.23,No
7994-45119,Female,0,Yes,No,59,Yes,Yes,DSL,No,Yes,Yes,No,No,No,Two year,Yes,Credit card (automatic),69.52,4113.68,No
1811-24778,Female,0,Yes,No,56,Yes,Yes,Fiber optic,Yes,No,Yes,No,No,Yes,One year,No,Credit card (automatic),92.85,5397.81,No
7061-96584,Male,0,No,No,9,Yes,No,Fiber optic,No,Yes,No,No,No,No,One year,No,Electronic check,88.13,805.37,Yes
6935-32121,Male,0,Yes,No,43,Yes,No,DSL,Yes,Yes,Yes,No,Yes,Yes,Month-to-month,Yes,Credit card (automatic),64.32,2841.15,No
4410-40757,Male,0,No,Yes,22,Yes,No,No,No internet service,No internet service,No internet service,No internet service,No internet service,No internet service,Two year,Yes,Credit card (automatic),19.08,433.75,No
9015-35069,Female,1,Yes,Yes,65,Yes,Yes,Fiber optic,No,No,No,No,No,Yes,Two year,Yes,Bank transfer (automatic),108.07,6856.2,Yes
7154-72953,Male,0,Yes,No,55,Yes,No,No,No internet service,No internet service,No internet service,No internet service,No internet service,No internet service,One year,Yes,Bank transfer (automatic),27.44,1486.91,No
1542-36781,Female,0,Yes,No,2,Yes,No,Fiber optic,No,No,No,No,Yes,Yes,One year,Yes,Bank transfer (automatic),107.21,214.32,No
9563-34024,Male,1,Yes,No,27,Yes,Yes,Fiber optic,No,Yes,Yes,No,No,Yes,Month-to-month,No,Credit card (automatic),110.07,2938.75,Yes
8337-33148,Male,0,Yes,Yes,71,Yes,No,No,No internet service,No internet service,No internet service,No internet service,No internet service,No internet service,Month-to-month,Yes,Mailed check,27.29,1990.32,No
7261-83688,Male,0,No,No,31,No,No phone service,No,No internet service,No internet service,No internet service,No internet service,No internet service,No internet service,Two year,No,Mailed check,29.24,885.23,No
4547-66265,Female,0,No,Yes,26,Yes,Yes,Fiber optic,No,No,No,No,No,Yes,Month-to-month,Yes,Electronic check,90.76,2413.28,Yes
2090-80023,Male,0,Yes,No,49,Yes,No,DSL,No,No,No,No,Yes,No,Month-to-month,No,Credit card (automatic),70.02,3435.54,Yes
7082-42263,Female,0,No,No,45,Yes,No,DSL,Yes,No,No,Yes,No,Yes,Month-to-month,Yes,Mailed check,63.58,2899.91,No
5226-16037,Male,0,Yes,Yes,54,Yes,No,DSL,Yes,Yes,Yes,No,No,No,Two year,No,Credit card (automatic),76.96,4034.31,No
8363-52848,Female,0,Yes,No,32,Yes,Yes,DSL,No,No,No,Yes,No,No,One year,No,Credit card (automatic),74.51,2465.97,No
2060-90687,Male,0,No,No,50,Yes,No,Fiber optic,No,No,No,No,Yes,Yes,One year,No,Credit card (automatic),101.88,5048.51,No
7051-58527,Male,0,No,No,15,Yes,No,Fiber optic,No,Yes,No,No,No,No,Month-to-month,Yes,Electronic check,95.45,1452.56,Yes
1178-44273,Female,0,No,No,41,Yes,Yes,Fiber optic,No,Yes,No,No,Yes,Yes,Month-to-month,Yes,Bank transfer (automatic),90.5,3825.04,No
4682-58252,Female,0,Yes,Yes,40,Yes,No,No,No internet service,No internet service,No internet service,No internet service,No internet service,No internet service,Month-to-month,Yes,Electronic check,19.92,787.28,No
5383-47993,Female,0,Yes,Yes,57,Yes,No,Fiber optic,No,No,Yes,No,No,No,Two year,Yes,Electronic check,81.25,4717.28,No
4020-93837,Male,0,No,Yes,0,Yes,Yes,No,No internet service,No internet service,No internet service,No internet service,No internet service,No internet service,Month-to-month,No,Credit card (automatic),23.58,,No
6328-95409,Female,1,No,Yes,33,No,No phone service,No,No internet service,No internet service,No internet service,No internet service,No internet service,No internet service,Two year,Yes,Mailed check,19.51,631.71,No
7219-36293,Male,0,No,No,44,Yes,No,Fiber optic,No,Yes,No,No,Yes,Yes,Month-to-month,Yes,Credit card (automatic),96.76,4239.42,Yes
2611-76088,Female,0,No,No,70,Yes,No,No,No internet service,No internet service,No internet service,No internet service,No internet service,No internet service,Two year,Yes,Bank transfer (automatic),24.2,1650.23,No
5473-23805,Female,0,Yes,No,14,Yes,No,No,No internet service,No internet service,No internet service,No internet service,No internet service,No internet service,One year,Yes,Mailed check,26.64,363.84,No
8306-77007,Female,0,No,No,44,Yes,Yes,Fiber optic,No,No,No,No,No,No,Two year,No,Credit card (automatic),108.75,4860.48,No
3547-11442,Female,0,No,No,57,No,No phone service,Fiber optic,No,No,No,No,Yes,Yes,One year,Yes,Credit card (automatic),105.47,6151.95,No
5749-29054,Female,0,Yes,Yes,37,Yes,No,Fiber optic,No,No,No,No,No,Yes,Two year,No,Credit card (automatic),77.69,2950.54,No
7536-65269,Female,0,Yes,Yes,59,Yes,No,Fiber optic,Yes,No,No,No,No,Yes,One year,No,Credit card (automatic),116.01,6653.43,No
7411-40273,Male,0,No,No,11,Yes,No,No,No internet service,No internet service,No internet service,No internet service,No internet service,No internet service,Month-to-month,Yes,Mailed check,24.03,266.54,No
4555-23991,Male,1,Yes,No,41,Yes,Yes,DSL,No,Yes,No,Yes,No,No,Two year,No,Mailed check,61.29,2548.46,No
4337-27320,Female,0,No,Yes,26,Yes,No,Fiber optic,Yes,No,No,No,Yes,No,One year,Yes,Credit card (automatic),115.06,3024.18,No
7780-80119,Female,0,No,No,38,Yes,No,No,No internet service,No internet service,No internet service,No internet service,No internet service,No internet service,Month-to-month,No,Bank transfer (automatic),24.83,928.73,No
6361-94462,Female,0,Yes,Yes,44,Yes,Yes,Fiber optic,No,No,No,No,Yes,No,Month-to-month,No,Credit card (automatic),98.38,4466.73,No
1915-72803,Female,0,No,No,28,No,No phone service,DSL,No,No,Yes,No,Yes,Yes,Month-to-month,Yes,Electronic check,71.57,2024.65,Yes
3514-23637,Male,0,No,No,30,Yes,Yes,Fiber optic,No,No,No,No,No,Yes,Two year,No,Bank transfer (automatic),110.61,3199.15,No
5639-29511,Male,1,Yes,Yes,18,Yes,No,DSL,No,No,Yes,No,No,No,Two year,Yes,Electronic check,73.62,1298.53,No
7758-61704,Female,0,No,No,63,No,No phone service,Fiber optic,No,Yes,No,No,No,Yes,Month-to-month,Yes,Credit card (automatic),107.41,6804.95,No
7409-53144,Female,1,Yes,No,54,Yes,No,No,No internet service,No internet service,No internet service,No internet service,No internet service,No internet service,One year,Yes,Mailed check,22.11,1185.39,No
9099-54522,Male,0,No,No,42,Yes,Yes,Fiber optic,No,Yes,No,No,Yes,Yes,Month-to-month,Yes,Credit card (automatic),110.53,4696.34,Yes
5311-52869,Male,0,Yes,No,23,Yes,No,No,No internet service,No internet service,No internet service,No internet service,No internet service,No internet service,Month-to-month,No,Bank transfer (automatic),28.22,637.46,No
5415-41960,Male,0,Yes,No,71,Yes,Yes,DSL,No,No,Yes,No,No,No,Two year,Yes,Credit card (automatic),70.95,5034.58,No
2909-17995,Male,1,No,Yes,38,Yes,Yes,Fiber optic,Yes,No,No,No,Yes,Yes,Month-to-month,Yes,Mailed check,100.05,3850.09,No
8190-55036,Female,0,Yes,Yes,33,Yes,Yes,Fiber optic,Yes,Yes,No,No,No,Yes,Month-to-month,No,Mailed check,90.08,3021.09,Yes
2469-93430,Female,0,Yes,No,16,Yes,Yes,DSL,No,No,Yes,Yes,No,Yes,Month-to-month,Yes,Credit card (automatic),72.53,1127.13,No
5885-66384,Female,0,Yes,No,27,Yes,No,No,No internet service,No internet service,No internet service,No internet service,No internet service,No internet service,Month-to-month,No,Electronic check,20.32,547.61,No
3697-64332,Female,0,No,Yes,10,Yes,No,DSL,No,Yes,Yes,No,No,No,Month-to-month,Yes,Electronic check,74.07,767.33,Yes
2049-82613,Male,0,No,No,0,No,No phone service,No,No internet service,No internet service,No internet service,No internet service,No internet service,No internet service,Month-to-month,No,Electronic check,28.54,,No
8522-83898,Male,0,Yes,No,34,Yes,No,DSL,No,No,Yes,No,No,No,Month-to-month,Yes,Credit card (automatic),58.84,2026.81,Yes
6431-36382,Male,0,Yes,Yes,61,Yes,No,No,No internet service,No internet service,No internet service,No internet service,No internet service,No internet service,Two year,Yes,Bank transfer (automatic),19.77,1160.34,No
9064-81865,Male,0,Yes,Yes,10,Yes,No,No,No internet service,No internet service,No internet service,No internet service,No internet service,No internet service,Month-to-month,No,Credit card (automatic),25.19,254.06,No
6978-85510,Female,0,No,No,61,Yes,Yes,No,No internet service,No internet service,No internet service,No internet service,No internet service,No internet service,Two year,No,Mailed check,32.75,1952.53,No
9993-52018,Male,0,Yes,Yes,5,Yes,No,Fiber optic,No,No,No,No,Yes,No,One year,Yes,Credit card (automatic),87.23,439.78,Yes
2133-59674,Male,0,No,No,25,Yes,Yes,Fiber optic,No,No,No,No,Yes,Yes,Month-to-month,Yes,Mailed check,97.11,2420.96,Yes
5745-72153,Female,0,No,No,5,Yes,Yes,Fiber optic,No,No,Yes,Yes,No,No,Month-to-month,Yes,Bank transfer (automatic),103.53,524.24,No
4506-79353,Female,0,No,Yes,32,Yes,No,Fiber optic,No,No,No,No,No,Yes,Month-to-month,No,Bank transfer (automatic),92.66,2931.53,Yes
6454-25505,Male,1,No,No,67,Yes,No,DSL,No,No,Yes,Yes,No,No,Two year,Yes,Credit card (automatic),55.18,3778.14,No
3096-79365,Male,0,Yes,Yes,32,Yes,Yes,DSL,No,No,No,No,Yes,No,One year,Yes,Credit card (automatic),49.16,1526.59,Yes
1484-15491,Female,0,No,No,8,Yes,No,Fiber optic,No,No,No,No,Yes,No,Month-to-month,Yes,Mailed check,104.13,804.09,Yes
8905-81463,Female,0,Yes,Yes,12,Yes,Yes,Fiber optic,No,No,No,No,No,No,Month-to-month,Yes,Credit card (automatic),78.66,929.69,No
3563-23801,Female,0,No,No,7,No,No phone service,No,No internet service,No internet service,No internet service,No internet service,No internet service,No internet service,Month-to-month,No,Bank transfer (automatic),24.09,174.3,No
9240-41796,Male,0,Yes,No,18,Yes,Yes,Fiber optic,No,No,No,No,Yes,No,One year,Yes,Credit card (automatic),110.04,2056.45,No
1312-76880,Male,0,Yes,No,45,Yes,No,Fiber optic,No,No,No,Yes,Yes,No,Month-to-month,Yes,Credit card (automatic),85.13,3804.29,Yes
8344-43621,Male,0,Yes,Yes,70,Yes,Yes,Fiber optic,No,No,No,No,Yes,No,Month-to-month,No,Electronic check,81.79,5512.2,Yes
3779-15143,Female,0,Yes,No,38,Yes,Yes,No,No internet service,No internet service,No internet service,No internet service,No internet service,No internet service,One year,No,Bank transfer (automatic),31.0,1169.34,No
8824-17443,Female,0,No,No,16,Yes,Yes,DSL,No,Yes,No,No,No,No,One year,Yes,Credit card (automatic),52.29,844.62,No
5316-50462,Female,0,No,No,33,Yes,Yes,Fiber optic,Yes,Yes,No,Yes,No,No,Month-to-month,Yes,Credit card (automatic),89.79,3066.59,No
2454-63859,Female,0,Yes,No,20,Yes,Yes,DSL,No,Yes,Yes,Yes,Yes,No,Month-to-month,Yes,Electronic check,87.12,1793.12,No
3429-43080,Female,0,No,No,42,Yes,Yes,DSL,No,No,No,Yes,No,Yes,Month-to-month,Yes,Mailed check,72.21,2942.45,Yes
3442-83963,Male,0,No,No,49,Yes,No,Fiber optic,No,No,No,No,No,Yes,Two year,No,Mailed check,97.94,4916.89,No
9227-79756,Male,0,Yes,No,3,Yes,No,Fiber optic,Yes,Yes,Yes,No,No,Yes,Month-to-month,Yes,Credit card (automatic),93.38,273.24,Yes
4095-39911,Female,1,Yes,No,20,Yes,No,Fiber optic,No,No,No,Yes,Yes,No,Month-to-month,No,Bank transfer (automatic),103.47,2135.22,Yes
3404-62589,Male,0,No,No,4,Yes,Yes,No,No internet service,No internet service,No internet service,No internet service,No internet service,No internet service,Month-to-month,Yes,Electronic check,31.56,123.57,No
2890-66142,Male,1,Yes,No,27,Yes,Yes,No,No internet service,No internet service,No internet service,No internet service,No internet service,No internet service,One year,Yes,Bank transfer (automatic),27.45,747.83,No
5510-49098,Male,0,No,No,44,Yes,No,Fiber optic,Yes,Yes,No,No,No,Yes,One year,No,Bank transfer (automatic),115.34,5195.6,No
5615-12466,Male,0,Yes,Yes,13,Yes,Yes,DSL,Yes,Yes,No,Yes,Yes,No,One year,Yes,Mailed check,61.82,800.58,No
8760-76132,Female,0,Yes,No,51,Yes,No,DSL,No,Yes,No,Yes,No,No,One year,No,Electronic check,74.71,3703.42,No
5539-69078,Female,0,No,No,72,Yes,Yes,DSL,No,Yes,No,No,No,No,Two year,Yes,Mailed check,77.34,5481.53,No
3943-31654,Female,0,No,No,72,Yes,Yes,DSL,No,Yes,No,No,No,Yes,Two year,Yes,Electronic check,72.5,5151.42,No
8283-57473,Male,0,No,No,34,Yes,No,Fiber optic,No,No,No,No,No,Yes,Month-to-month,No,Credit card (automatic),106.22,3518.87,Yes
7790-74921,Male,1,Yes,No,47,Yes,No,Fiber optic,No,No,No,No,No,No,Month-to-month,Yes,Bank transfer (automatic),81.49,3946.69,No
2697-88927,Male,0,No,Yes,27,Yes,No,DSL,No,No,No,No,Yes,No,Two year,No,Electronic check,48.28,1293.42,No
9162-84069,Male,0,No,No,41,Yes,No,DSL,Yes,No,No,No,No,No,One year,No,Bank transfer (automatic),58.28,2406.74,Yes
5886-67776,Female,0,No,No,38,Yes,No,DSL,Yes,Yes,No,No,Yes,No,Two year,Yes,Bank transfer (automatic),62.28,2436.47,No
7858-11211,Female,0,No,Yes,66,Yes,No,DSL,No,No,No,Yes,Yes,Yes,Month-to-month,Yes,Mailed check,59.09,4053.89,No
9362-80402,Female,0,No,Yes,17,Yes,Yes,DSL,No,Yes,No,No,No,No,Two year,No,Electronic check,70.57,1190.76,No
9084-23478,Male,0,No,No,7,Yes,Yes,DSL,Yes,No,No,Yes,No,No,Month-to-month,Yes,Electronic check,71.07,515.69,Yes
4230-82161,Female,0,No,No,16,Yes,No,Fiber optic,No,No,No,No,Yes,Yes,One year,No,Mailed check,105.24,1644.07,No
2487-68054,Male,0,No,No,39,Yes,Yes,Fiber optic,No,No,No,No,Yes,No,Month-to-month,Yes,Credit card (automatic),96.9,3691.9,Yes
5908-96508,Male,0,No,No,12,Yes,Yes,Fiber optic,No,No,No,No,Yes,No,Month-to-month,No,Mailed check,95.97,1144.65,No
7219-56937,Female,1,No,No,17,Yes,Yes,DSL,No,Yes,No,Yes,No,No,Month-to-month,Yes,Credit card (automatic),61.5,1010.09,No
8248-51202,Male,0,No,Yes,28,Yes,Yes,Fiber optic,No,No,No,No,No,No,Month-to-month,No,Electronic check,89.44,2524.73,No
2180-38174,Male,0,Yes,No,22,Yes,No,Fiber optic,No,No,No,No,No,No,Month-to-month,Yes,Bank transfer (automatic),76.7,1701.7,No
4642-29603,Female,1,Yes,No,54,Yes,Yes,Fiber optic,No,No,No,Yes,No,Yes,Two year,Yes,Credit card (automatic),110.95,5766.37,No
9668-15114,Male,0,Yes,No,18,Yes,Yes,DSL,No,Yes,No,No,No,Yes,Two year,Yes,Credit card (automatic),63.58,1104.24,No
5181-96443,Female,0,No,No,58,Yes,Yes,No,No internet service,No internet service,No internet service,No internet service,No internet service,No internet service,Two year,No,Mailed check,34.58,1972.14,No
8134-18217,Male,0,Yes,Yes,61,Yes,No,DSL,No,Yes,No,No,No,Yes,Two year,No,Mailed check,51.73,3059.38,No
4550-26318,Female,0,Yes,No,37,Yes,No,No,No internet service,No internet service,No internet service,No internet service,No internet service,No internet service,Two year,No,Mailed check,21.9,787.3,No
6714-95822,Male,1,No,No,50,Yes,No,Fiber optic,No,No,Yes,No,No,No,Two year,Yes,Electronic check,90.27,4676.71,No
7329-70312,Male,0,Yes,No,9,Yes,Yes,DSL,No,No,Yes,No,No,No,Month-to-month,Yes,Bank transfer (automatic),51.83,474.14,Yes
6385-22544,Female,0,No,Yes,26,Yes,No,DSL,No,No,Yes,Yes,No,No,Month-to-month,Yes,Electronic check,72.33,1936.51,Yes
6144-71502,Male,1,No,Yes,69,Yes,No,DSL,No,Yes,No,No,No,No,Two year,No,Bank transfer (automatic),46.05,3276.36,No
1692-75719,Female,0,Yes,No,9,Yes,No,Fiber optic,No,No,Yes,No,Yes,Yes,Month-to-month,No,Mailed check,100.47,884.48,Yes
5922-53630,Male,1,Yes,No,41,Yes,No,No,No internet service,No internet service,No internet service,No internet service,No internet service,No internet service,One year,Yes,Credit card (automatic),23.97,972.04,No
8950-65280,Female,0,No,No,20,Yes,No,No,No internet service,No internet service,No internet service,No internet service,No internet service,No internet service,One year,No,Credit card (automatic),19.97,397.84,No
9857-52101,Female,0,No,No,35,Yes,Yes,No,No internet service,No internet service,No internet service,No internet service,No internet service,No internet service,Month-to-month,Yes,Electronic check,32.01,1098.45,No
9829-17191,Male,0,Yes,Yes,3,Yes,Yes,DSL,Yes,No,No,No,No,No,Month-to-month,Yes,Credit card (automatic),52.82,157.41,No
5608-30256,Male,0,Yes,No,33,Yes,Yes,Fiber optic,No,No,No,No,No,Yes,One year,No,Credit card (automatic),110.28,3552.02,No
7127-60258,Female,0,No,No,40,Yes,Yes,Fiber optic,No,Yes,Yes,No,Yes,No,Month-to-month,Yes,Credit card (automatic),100.9,4038.49,No
3198-19790,Female,0,No,Yes,49,Yes,No,DSL,No,No,No,No,Yes,Yes,Month-to-month,Yes,Mailed check,56.42,2871.18,No
7858-78156,Male,0,No,No,37,Yes,Yes,DSL,No,No,No,No,Yes,Yes,One year,Yes,Bank transfer (automatic),78.23,2968.98,No
3791-92246,Male,0,Yes,Yes,37,Yes,No,DSL,Yes,No,No,No,No,Yes,Month-to-month,No,Bank transfer (automatic),74.43,2826.09,No
2692-32025,Female,0,No,No,30,No,No phone service,Fiber optic,No,No,No,No,Yes,No,Month-to-month,Yes,Electronic check,83.22,2558.7,No
9877-34556,Female,0,No,No,49,Yes,No,Fiber optic,No,No,Yes,No,Yes,Yes,One year,Yes,Credit card (automatic),119.0,6016.0,Yes
8600-41462,Male,0,Yes,Yes,22,Yes,No,DSL,No,Yes,Yes,No,No,Yes,Month-to-month,Yes,Credit card (automatic),79.83,1802.65,Yes
4383-73790,Male,1,No,No,58,Yes,Yes,DSL,No,No,No,No,Yes,Yes,Two year,No,Mailed check,69.1,4155.58,No
5064-38596,Female,0,No,No,67,Yes,Yes,DSL,Yes,No,No,No,Yes,Yes,Month-to-month,Yes,Bank transfer (automatic),80.93,5304.63,Yes
5680-14661,Male,1,No,Yes,38,No,No phone service,Fiber optic,Yes,No,No,No,Yes,Yes,Two year,Yes,Credit card (automatic),105.43,4055.21,Yes
9724-33951,Male,1,No,No,67,Yes,Yes,Fiber optic,Yes,Yes,No,No,No,Yes,Two year,Yes,Credit card (automatic),89.01,6152.81,No
1792-17993,Female,0,Yes,No,14,Yes,No,Fiber optic,No,No,No,No,No,Yes,Two year,Yes,Electronic check,73.48,1060.22,No
6598-10761,Male,0,No,No,25,Yes,Yes,Fiber optic,No,No,No,No,No,No,Two year,Yes,Bank transfer (automatic),80.29,1976.99,No
9923-21164,Female,0,Yes,Yes,21,Yes,No,DSL,Yes,No,No,No,Yes,Yes,One year,Yes,Credit card (automatic),84.46,1707.25,No
3310-36049,Male,0,No,No,25,Yes,Yes,No,No internet service,No internet service,No internet service,No internet service,No internet service,No internet service,Month-to-month,Yes,Bank transfer (automatic),25.79,665.09,No
5894-74690,Female,0,Yes,Yes,28,No,No phone service,DSL,No,Yes,No,No,No,Yes,One year,No,Mailed check,52.39,1487.76,No
3893-75513,Male,1,Yes,Yes,44,Yes,No,Fiber optic,No,No,No,No,No,No,Month-to-month,No,Bank transfer (automatic),74.65,3340.12,No
5941-65531,Female,1,No,Yes,6,Yes,Yes,Fiber optic,No,No,Yes,No,No,No,Month-to-month,Yes,Mailed check,99.94,591.41,Yes
7990-55582,Male,0,Yes,Yes,29,Yes,No,DSL,No,No,No,No,Yes,Yes,Month-to-month,Yes,Credit card (automatic),80.0,2237.83,Yes
9958-15255,Male,0,No,No,27,Yes,No,Fiber optic,No,No,Yes,No,Yes,Yes,One year,Yes,Credit card (automatic),101.15,2749.04,Yes
2093-72558,Female,0,Yes,No,27,Yes,Yes,DSL,Yes,Yes,No,No,No,Yes,Month-to-month,Yes,Bank transfer (automatic),60.99,1657.65,Yes
2799-47742,Female,0,Yes,No,52,No,No phone service,Fiber optic,No,No,Yes,Yes,No,No,One year,Yes,Mailed check,102.4,5146.06,No
3362-37431,Female,0,Yes,No,13,Yes,No,Fiber optic,No,No,Yes,Yes,No,Yes,Month-to-month,No,Mailed check,119.0,1593.01,Yes
2818-69647,Male,0,Yes,Yes,20,Yes,Yes,DSL,Yes,No,No,Yes,Yes,No,Month-to-month,No,Mailed check,71.55,1399.41,No
1178-22943,Male,0,Yes,No,23,Yes,Yes,Fiber optic,No,Yes,No,No,Yes,No,Month-to-month,Yes,Mailed check,109.7,2519.42,No
7042-79005,Female,0,Yes,No,31,Yes,No,DSL,Yes,No,Yes,Yes,No,No,Two year,Yes,Mailed check,54.74,1737.64,No
2963-67719,Female,1,No,Yes,1,No,No phone service,DSL,No,Yes,Yes,No,Yes,No,Month-to-month,Yes,Mailed check,60.72,62.2,No
6003-34587,Male,0,No,No,34,Yes,No,Fiber optic,No,No,No,No,Yes,No,Two year,No,Mailed check,98.61,3460.88,No
1117-37823,Female,1,Yes,Yes,23,Yes,Yes,DSL,No,No,No,No,No,Yes,Month-to-month,No,Bank transfer (automatic),74.21,1740.14,No
3783-51517,Female,0,Yes,No,8,Yes,No,DSL,No,No,No,No,Yes,Yes,Month-to-month,No,Credit card (automatic),69.93,567.37,Yes
9516-80892,Female,0,Yes,No,19,Yes,Yes,DSL,No,Yes,No,Yes,Yes,No,Month-to-month,Yes,Mailed check,77.07,1436.25,Yes
4355-34172,Female,1,Yes,Yes,13,Yes,Yes,Fiber optic,No,No,No,Yes,Yes,Yes,Month-to-month,No,Credit card (automatic),87.84,1126.69,No
3788-49609,Female,0,Yes,No,37,Yes,Yes,No,No internet service,No internet service,No internet service,No internet service,No internet service,No internet service,Month-to-month,Yes,Bank transfer (automatic),29.82,1125.34,No
3274-53624,Female,0,No,No,48,Yes,Yes,No,No internet service,No internet service,No internet service,No internet service,No internet service,No internet service,Month-to-month,No,Mailed check,25.86,1267.17,No
4130-74501,Female,0,No,Yes,51,Yes,No,No,No internet service,No internet service,No internet service,No internet service,No internet service,No internet service,One year,Yes,Credit card (automatic),27.21,1375.99,No
9068-31458,Female,0,No,No,14,Yes,No,Fiber optic,No,No,No,Yes,No,No,One year,Yes,Electronic check,90.2,1290.36,Yes
4390-98444,Female,0,No,No,5,Yes,No,Fiber optic,No,No,Yes,No,No,No,Month-to-month,Yes,Bank transfer (automatic),103.08,534.08,Yes
4959-15647,Male,0,No,Yes,53,Yes,Yes,DSL,No,Yes,No,No,No,No,Two year,Yes,Credit card (automatic),69.22,3725.39,No
2344-26733,Female,0,Yes,Yes,7,No,No phone service,No,No internet service,No internet service,No internet service,No internet service,No internet service,No internet service,One year,Yes,Credit card (automatic),20.81,148.4,No
9846-45758,Female,0,Yes,No,12,Yes,No,Fiber optic,No,No,No,No,No,No,Month-to-month,No,Bank transfer (automatic),96.08,1193.61,Yes
3211-52674,Female,0,No,No,7,Yes,No,Fiber optic,No,No,No,No,Yes,Yes,Month-to-month,No,Bank transfer (automatic),106.58,768.1,Yes
4659-36348,Female,0,Yes,No,24,Yes,Yes,Fiber optic,Yes,Yes,No,No,Yes,Yes,Month-to-month,Yes,Credit card (automatic),114.23,2662.41,No
3442-60210,Male,0,Yes,No,60,No,No phone service,No,No internet service,No internet service,No internet service,No internet service,No internet service,No internet service,Two year,Yes,Electronic check,20.92,1263.54,No
2128-68801,Female,1,No,No,18,Yes,Yes,DSL,Yes,No,Yes,No,No,Yes,Month-to-month,Yes,Credit card (automatic),81.02,1478.95,No
4986-33174,Male,0,Yes,No,22,No,No phone service,DSL,No,Yes,Yes,No,No,No,Month-to-month,Yes,Credit card (automatic),64.58,1452.11,No
1565-25059,Male,0,Yes,No,3,Yes,No,Fiber optic,No,No,No,No,Yes,No,Month-to-month,Yes,Mailed check,76.4,221.99,Yes
5641-87268,Male,0,No,Yes,51,Yes,Yes,No,No internet service,No internet service,No internet service,No internet service,No internet service,No internet service,Month-to-month,No,Electronic check,32.96,1691.97,No
7681-18670,Female,1,Yes,Yes,49,Yes,No,Fiber optic,No,No,No,No,No,Yes,Month-to-month,Yes,Bank transfer (automatic),74.21,3697.42,No
2037-86191,Female,0,Yes,Yes,58,Yes,No,DSL,No,No,No,No,No,No,One year,Yes,Credit card (automatic),61.95,3510.45,No
8125-92160,Female,0,Yes,No,15,Yes,Yes,No,No internet service,No internet service,No internet service,No internet service,No internet service,No internet service,Two year,No,Mailed check,28.4,429.18,No
1569-12454,Male,1,Yes,No,45,No,No phone service,Fiber optic,No,No,Yes,No,No,Yes,Month-to-month,Yes,Bank transfer (automatic),81.32,3572.56,No
6234-86741,Male,0,No,No,24,Yes,Yes,No,No internet service,No internet service,No internet service,No internet service,No internet service,No internet service,Month-to-month,Yes,Mailed check,26.88,633.39,No
4675-49990,Female,1,No,No,33,Yes,No,No,No internet service,No internet service,No internet service,No internet service,No internet service,No internet service,Month-to-month,No,Electronic check,21.6,699.19,No
8359-86560,Male,0,Yes,No,2,Yes,Yes,No,No internet service,No internet service,No internet service,No internet service,No internet service,No internet service,Month-to-month,Yes,Credit card (automatic),31.82,63.08,No
5289-45427,Female,0,Yes,Yes,11,Yes,No,Fiber optic,No,Yes,No,No,Yes,Yes,One year,Yes,Electronic check,109.47,1206.81,No
3873-39910,Female,1,Yes,No,27,Yes,Yes,Fiber optic,No,No,Yes,No,No,Yes,Two year,Yes,Bank transfer (automatic),97.3,2548.3,No
1682-42762,Female,1,No,No,13,Yes,No,Fiber optic,No,Yes,No,No,No,Yes,One year,Yes,Bank transfer (automatic),95.32,1217.45,Yes
1170-62416,Male,0,Yes,No,30,Yes,No,Fiber optic,No,No,Yes,Yes,Yes,Yes,Month-to-month,No,Credit card (automatic),89.29,2597.55,Yes
4507-83715,Male,0,Yes,No,61,Yes,Yes,Fiber optic,No,No,No,No,Yes,Yes,Two year,Yes,Mailed check,117.94,7288.96,No
5626-33659,Male,0,No,Yes,42,No,No phone service,Fiber optic,No,No,No,No,Yes,No,Two year,Yes,Mailed check,81.78,3426.7,No
4382-59835,Female,0,No,No,30,Yes,Yes,DSL,No,No,No,No,No,No,Month-to-month,Yes,Electronic check,56.76,1756.1,No
1285-36524,Male,0,No,No,30,Yes,Yes,DSL,No,Yes,Yes,No,No,No,Two year,No,Credit card (automatic),62.59,1829.89,No
2651-50833,Female,0,No,No,8,Yes,Yes,DSL,Yes,Yes,No,No,No,No,One year,No,Credit card (automatic),73.97,600.38,No
8443-70385,Male,0,No,No,39,Yes,No,Fiber optic,No,Yes,No,No,Yes,No,Two year,No,Mailed check,77.9,2929.87,No
1227-42643,Male,0,No,No,36,Yes,Yes,Fiber optic,No,No,No,No,No,Yes,Month-to-month,Yes,Mailed check,93.72,3501.63,Yes
8686-73118,Male,0,No,Yes,39,Yes,No,DSL,No,No,No,No,No,No,Month-to-month,Yes,Mailed check,40.89,1540.33,Yes
5660-68082,Female,0,Yes,No,48,Yes,No,No,No internet service,No internet service,No internet service,No internet service,No internet service,No internet service,Two year,No,Credit card (automatic),23.56,1133.08,No
3193-18876,Female,0,Yes,Yes,0,Yes,Yes,No,No internet service,No internet service,No internet service,No internet service,No internet service,No internet service,Month-to-month,Yes,Mailed check,31.04,,Yes
4395-29763,Male,0,Yes,Yes,48,No,No phone service,DSL,No,No,Yes,No,No,No,Two year,Yes,Credit card (automatic),48.09,2322.24,No
8639-56993,Female,0,No,Yes,20,Yes,No,No,No internet service,No internet service,No internet service,No internet service,No internet service,No internet service,Month-to-month,No,Bank transfer (automatic),20.27,400.47,No
5583-20589,Female,0,No,No,24,Yes,Yes,DSL,Yes,No,No,Yes,No,No,Month-to-month,Yes,Bank transfer (automatic),61.55,1465.85,Yes
2531-86602,Female,0,No,No,10,Yes,Yes,Fiber optic,No,Yes,Yes,No,No,Yes,One year,No,Mailed check,116.25,1137.53,No
5652-79802,Female,0,Yes,No,4,Yes,Yes,No,No internet service,No internet service,No internet service,No internet service,No internet service,No internet service,One year,Yes,Credit card (automatic),32.77,128.42,No
2711-74746,Male,0,No,No,61,Yes,Yes,DSL,No,No,Yes,Yes,Yes,No,Month-to-month,Yes,Mailed check,83.93,4918.49,No
7067-21326,Male,0,Yes,Yes,37,Yes,No,No,No internet service,No internet service,No internet service,No internet service,No internet service,No internet service,One year,No,Electronic check,28.34,1026.27,No
9392-16055,Female,0,Yes,No,31,Yes,Yes,Fiber optic,No,No,No,No,No,Yes,One year,Yes,Bank transfer (automatic),91.02,2921.38,No
8511-90002,Male,0,No,No,6,Yes,No,No,No internet service,No internet service,No internet service,No internet service,No internet service,No internet service,One year,Yes,Credit card (automatic),28.9,173.31,No
5942-37794,Male,0,No,Yes,39,Yes,No,DSL,Yes,No,No,No,No,No,Month-to-month,No,Bank transfer (automatic),48.46,1891.64,Yes
3674-34897,Male,0,No,No,40,Yes,No,DSL,Yes,Yes,Yes,No,No,No,One year,No,Credit card (automatic),78.22,3062.76,No
1860-40174,Female,0,Yes,No,35,Yes,No,Fiber optic,No,Yes,No,No,Yes,Yes,Month-to-month,Yes,Mailed check,108.28,3654.64,Yes
2034-63524,Male,0,Yes,No,62,Yes,Yes,Fiber optic,No,No,No,No,Yes,Yes,Two year,Yes,Electronic check,119.0,7157.3,No
1567-79126,Male,0,Yes,No,11,Yes,Yes,No,No internet service,No internet service,No internet service,No internet service,No internet service,No internet service,One year,Yes,Bank transfer (automatic),35.39,391.38,No
4692-33780,Female,0,Yes,No,29,Yes,Yes,Fiber optic,Yes,Yes,No,No,No,No,Month-to-month,Yes,Electronic check,117.21,3276.27,Yes
4611-49912,Male,0,No,No,11,Yes,No,DSL,Yes,No,No,No,No,No,Month-to-month,Yes,Electronic check,69.78,756.78,Yes
9163-42621,Male,0,Yes,No,69,Yes,No,Fiber optic,No,Yes,No,No,Yes,No,Month-to-month,Yes,Electronic check,104.5,7398.92,Yes
4229-32834,Male,0,Yes,Yes,29,Yes,Yes,Fiber optic,No,No,Yes,No,Yes,Yes,Month-to-month,No,Mailed check,102.92,2903.76,Yes
5886-55296,Male,0,Yes,No,33,Yes,No,DSL,No,No,No,Yes,No,Yes,One year,No,Mailed check,64.11,2135.83,No
8870-14824,Female,0,No,No,72,Yes,Yes,Fiber optic,No,No,No,No,No,No,Two year,No,Credit card (automatic),89.07,6188.02,No
2902-32631,Female,0,No,No,61,Yes,No,Fiber optic,No,No,No,Yes,Yes,Yes,Two year,No,Mailed check,101.45,6394.11,No
7076-16082,Male,0,Yes,No,44,Yes,Yes,Fiber optic,No,No,Yes,No,Yes,Yes,One year,No,Credit card (automatic),90.79,3981.79,No
7844-17241,Female,0,Yes,Yes,26,Yes,Yes,DSL,No,Yes,No,No,Yes,Yes,One year,Yes,Electronic check,59.77,1542.68,No
2452-11193,Female,0,No,No,19,Yes,No,DSL,No,No,No,Yes,No,No,One year,Yes,Electronic check,73.46,1373.27,No
7197-82475,Female,0,No,No,9,Yes,No,Fiber optic,No,No,No,No,No,Yes,Month-to-month,Yes,Electronic check,72.53,654.82,Yes
5200-79093,Female,0,Yes,No,54,Yes,No,Fiber optic,Yes,No,No,Yes,Yes,Yes,One year,Yes,Mailed check,90.03,4815.51,No
8627-38949,Female,1,Yes,Yes,31,No,No phone service,Fiber optic,Yes,Yes,No,No,No,No,Month-to-month,No,Electronic check,75.73,2331.96,Yes
1327-59345,Male,0,No,Yes,26,Yes,No,DSL,No,Yes,No,No,No,No,Month-to-month,No,Electronic check,55.83,1405.48,No
4243-32629,Male,0,No,No,18,Yes,No,Fiber optic,No,No,Yes,No,Yes,No,Two year,Yes,Bank transfer (automatic),86.87,1530.54,No
8596-13462,Female,0,Yes,No,49,Yes,Yes,DSL,No,No,No,Yes,No,Yes,One year,Yes,Credit card (automatic),75.7,3793.03,No
6270-51137,Female,0,Yes,No,40,Yes,No,Fiber optic,No,No,No,No,No,Yes,Month-to-month,Yes,Bank transfer (automatic),83.79,3341.62,Yes
9979-23210,Female,0,Yes,No,19,Yes,Yes,DSL,Yes,Yes,Yes,No,No,No,Month-to-month,Yes,Bank transfer (automatic),63.27,1227.12,Yes
8496-55116,Male,0,Yes,No,37,Yes,No,Fiber optic,No,No,Yes,No,Yes,Yes,Two year,Yes,Electronic check,105.18,4033.76,No
4337-39392,Male,0,Yes,Yes,50,No,No phone service,Fiber optic,Yes,No,Yes,No,Yes,No,Month-to-month,Yes,Credit card (automatic),119.0,5797.45,Yes
9356-74313,Female,0,Yes,No,41,Yes,No,Fiber optic,Yes,No,Yes,No,Yes,No,Two year,Yes,Credit card (automatic),86.28,3658.74,No
8569-62243,Male,0,Yes,No,50,Yes,Yes,DSL,No,No,No,Yes,No,Yes,Two year,Yes,Mailed check,58.57,2957.84,No
1755-56898,Female,0,Yes,Yes,51,Yes,Yes,No,No internet service,No internet service,No internet service,No internet service,No internet service,No internet service,One year,No,Credit card (automatic),26.37,1363.8,No
7385-34971,Female,1,No,No,26,Yes,Yes,DSL,No,No,Yes,No,Yes,Yes,Month-to-month,Yes,Bank transfer (automatic),59.27,1591.68,Yes
6247-30354,Female,0,Yes,Yes,47,Yes,No,Fiber optic,No,Yes,No,No,Yes,Yes,Month-to-month,Yes,Electronic check,118.9,5436.88,Yes
5104-86714,Male,0,No,No,5,Yes,No,Fiber optic,No,No,Yes,No,No,Yes,Month-to-month,Yes,Electronic check,118.62,592.88,Yes
3976-41649,Female,0,Yes,Yes,6,Yes,Yes,No,No internet service,No internet service,No internet service,No internet service,No internet service,No internet service,Month-to-month,Yes,Electronic check,31.73,183.19,No
8356-21892,Female,0,No,No,70,Yes,Yes,No,No internet service,No internet service,No internet service,No internet service,No internet service,No internet service,Two year,Yes,Electronic check,29.32,2077.55,No
7238-48824,Female,1,No,No,39,Yes,No,DSL,No,No,No,No,Yes,No,Two year,No,Credit card (automatic),69.64,2703.5,No
4870-65514,Female,0,No,Yes,10,Yes,Yes,No,No internet service,No internet service,No internet service,No internet service,No internet service,No internet service,Month-to-month,Yes,Credit card (automatic),28.2,281.99,No
1297-14729,Male,0,Yes,No,41,Yes,Yes,DSL,No,Yes,No,No,Yes,Yes,Month-to-month,Yes,Electronic check,65.37,2710.61,Yes
7588-37169,Female,0,Yes,No,25,Yes,Yes,Fiber optic,No,No,No,No,Yes,Yes,Month-to-month,Yes,Credit card (automatic),96.99,2461.53,Yes
9325-85559,Female,1,No,No,33,Yes,Yes,DSL,No,No,Yes,No,Yes,No,Month-to-month,Yes,Bank transfer (automatic),61.7,1989.92,Yes
7534-94632,Female,0,Yes,No,0,Yes,No,Fiber optic,No,No,No,No,Yes,No,Month-to-month,No,Electronic check,73.36,,No
8695-68125,Female,1,Yes,No,33,Yes,No,No,No internet service,No internet service,No internet service,No internet service,No internet service,No internet service,Two year,Yes,Mailed check,29.56,1002.82,No
4926-98715,Male,1,Yes,No,42,Yes,Yes,No,No internet service,No internet service,No internet service,No internet service,No internet service,No internet service,Month-to-month,Yes,Bank transfer (automatic),34.94,1507.25,No
1218-21159,Female,0,No,No,17,No,No phone service,DSL,No,Yes,No,No,No,No,Month-to-month,Yes,Electronic check,59.81,1014.19,No
9303-77136,Male,1,No,No,10,Yes,Yes,Fiber optic,No,No,No,No,Yes,Yes,One year,No,Electronic check,106.58,1052.54,No
9995-88517,Male,1,Yes,No,46,Yes,No,No,No internet service,No internet service,No internet service,No internet service,No internet service,No internet service,Month-to-month,Yes,Mailed check,23.56,1051.02,No
8849-68719,Female,0,No,No,66,Yes,No,Fiber optic,No,No,No,Yes,Yes,Yes,Two year,Yes,Electronic check,117.16,8014.58,No
5205-83187,Male,0,No,No,57,Yes,No,No,No internet service,No internet service,No internet service,No internet service,No internet service,No internet service,Two year,No,Bank transfer (automatic),27.18,1542.03,No
4235-70974,Male,0,Yes,No,5,Yes,No,DSL,No,Yes,No,No,Yes,Yes,Month-to-month,No,Mailed check,61.59,314.48,No
6729-65772,Female,0,Yes,No,17,Yes,No,DSL,No,Yes,No,No,Yes,No,One year,No,Electronic check,59.2,971.25,No
2248-76824,Female,0,Yes,No,39,Yes,No,Fiber optic,No,No,Yes,No,Yes,Yes,Two year,Yes,Electronic check,82.41,3099.42,No
6677-48539,Male,0,No,No,43,Yes,Yes,Fiber optic,No,No,No,No,Yes,No,Month-to-month,Yes,Mailed check,86.7,3712.64,No
3623-45793,Male,0,No,No,18,Yes,Yes,No,No internet service,No internet service,No internet service,No internet service,No internet service,No internet service,Month-to-month,Yes,Mailed check,33.27,614.65,No
4460-19968,Male,0,No,No,68,Yes,No,DSL,No,Yes,No,Yes,Yes,No,Two year,Yes,Bank transfer (automatic),62.87,4279.03,No
3393-97121,Female,0,No,Yes,38,Yes,Yes,DSL,No,No,Yes,No,No,No,Month-to-month,Yes,Credit card (automatic),58.12,2210.39,Yes
3339-17227,Male,0,Yes,No,14,No,No phone service,DSL,No,No,Yes,No,No,Yes,Month-to-month,No,Credit card (automatic),52.04,723.79,No
2534-99099,Female,0,No,Yes,2,Yes,No,Fiber optic,No,Yes,Yes,No,Yes,No,Month-to-month,Yes,Credit card (automatic),100.59,194.91,Yes
8255-16218,Female,0,No,No,33,Yes,No,DSL,Yes,Yes,No,Yes,No,No,Month-to-month,No,Bank transfer (automatic),80.74,2619.87,No
6546-93322,Female,0,No,Yes,30,Yes,No,DSL,No,Yes,No,No,No,Yes,Two year,Yes,Electronic check,55.36,1684.86,No
2803-44895,Male,0,Yes,Yes,24,Yes,No,No,No internet service,No internet service,No internet service,No internet service,No internet service,No internet service,One year,Yes,Electronic check,26.31,627.39,No
6979-94624,Female,0,Yes,Yes,11,Yes,No,Fiber optic,No,No,No,No,Yes,Yes,One year,Yes,Electronic check,92.5,999.21,No
8962-62794,Male,1,Yes,Yes,66,Yes,Yes,No,No internet service,No internet service,No internet service,No internet service,No internet service,No internet service,Month-to-month,Yes,Electronic check,26.24,1725.46,No
6804-41727,Male,0,Yes,No,26,Yes,Yes,DSL,No,Yes,No,No,Yes,No,Two year,No,Bank transfer (automatic),76.35,2031.48,No
6264-17759,Male,0,No,Yes,38,Yes,No,DSL,No,No,No,Yes,No,No,Month-to-month,No,Bank transfer (automatic),67.68,2527.05,No
9940-75837,Male,0,No,Yes,45,No,No phone service,Fiber optic,No,No,No,No,No,Yes,Month-to-month,Yes,Credit card (automatic),102.34,4568.62,No
5286-65054,Female,0,No,No,11,Yes,No,DSL,Yes,No,No,No,No,No,Month-to-month,Yes,Credit card (automatic),49.65,534.68,No
9731-52499,Male,0,Yes,No,49,Yes,Yes,No,No internet service,No internet service,No internet service,No internet service,No internet service,No internet service,Month-to-month,Yes,Electronic check,25.58,1250.44,No
6553-60672,Female,0,Yes,No,24,Yes,No,No,No internet service,No internet service,No internet service,No internet service,No internet service,No internet service,One year,Yes,Credit card (automatic),19.42,484.55,No
9666-29829,Male,0,Yes,No,17,Yes,No,Fiber optic,No,No,No,No,Yes,Yes,Month-to-month,No,Credit card (automatic),100.01,1686.53,No
2953-67174,Male,0,No,Yes,59,Yes,Yes,No,No internet service,No internet service,No internet service,No internet service,No internet service,No internet service,Month-to-month,No,Credit card (automatic),33.18,1917.01,No
5262-57623,Male,0,No,No,22,Yes,No,No,No internet service,No internet service,No internet service,No internet service,No internet service,No internet service,Month-to-month,No,Bank transfer (automatic),24.63,552.86,No
4866-16824,Male,0,No,No,15,Yes,No,Fiber optic,No,Yes,No,No,No,Yes,One year,Yes,Credit card (automatic),87.17,1354.58,No
3499-84712,Male,0,No,No,41,No,No phone service,DSL,No,No,Yes,Yes,No,No,Month-to-month,No,Electronic check,64.28,2681.37,No
5824-60089,Female,1,No,No,13,Yes,Yes,DSL,Yes,No,No,No,No,No,Two year,No,Electronic check,71.19,951.7,No
9378-91433,Female,0,Yes,No,46,Yes,Yes,DSL,No,Yes,No,No,No,Yes,Month-to-month,Yes,Credit card (automatic),73.52,3345.75,No
9898-58143,Male,1,Yes,No,30,Yes,No,No,No internet service,No internet service,No internet service,No internet service,No internet service,No internet service,Month-to-month,Yes,Bank transfer (automatic),28.65,887.09,No
4059-93970,Female,0,Yes,No,37,Yes,No,Fiber optic,No,No,No,No,No,No,Month-to-month,No,Bank transfer (automatic),95.68,3603.58,Yes
4457-70434,Female,0,Yes,No,3,Yes,Yes,No,No internet service,No internet service,No internet service,No internet service,No internet service,No internet service,Month-to-month,Yes,Mailed check,28.51,86.86,No
5589-29176,Male,0,No,Yes,11,No,No phone service,Fiber optic,No,Yes,No,No,No,No,Month-to-month,Yes,Credit card (automatic),78.98,849.82,Yes
3147-85497,Male,0,Yes,No,29,Yes,Yes,No,No internet service,No internet service,No internet service,No internet service,No internet service,No internet service,Month-to-month,Yes,Mailed check,27.17,799.71,No
6610-24459,Male,0,No,No,24,Yes,No,DSL,No,Yes,Yes,Yes,Yes,No,Month-to-month,No,Mailed check,67.31,1552.85,No
4434-46074,Female,1,No,No,48,Yes,Yes,Fiber optic,Yes,No,Yes,Yes,No,Yes,Month-to-month,Yes,Mailed check,115.65,5768.13,Yes
1711-85047,Female,0,No,No,36,Yes,No,DSL,No,No,No,No,No,No,Month-to-month,Yes,Bank transfer (automatic),56.0,2009.2,No
8374-42785,Male,0,No,No,29,Yes,Yes,Fiber optic,No,No,No,No,Yes,Yes,One year,No,Electronic check,92.32,2641.95,No
3310-11211,Female,0,Yes,No,14,Yes,Yes,Fiber optic,No,No,No,No,Yes,Yes,Month-to-month,Yes,Mailed check,119.0,1721.8,Yes
6085-19361,Female,0,No,No,16,Yes,No,DSL,No,Yes,Yes,No,No,No,Two year,Yes,Mailed check,66.48,1095.67,No
8636-28506,Female,0,Yes,Yes,22,Yes,Yes,Fiber optic,Yes,Yes,No,No,Yes,Yes,Month-to-month,Yes,Bank transfer (automatic),96.02,2145.69,Yes
5281-15162,Male,0,No,No,37,Yes,Yes,DSL,Yes,No,No,No,No,No,Month-to-month,No,Bank transfer (automatic),59.49,2279.75,No
4134-53309,Female,0,No,Yes,20,Yes,No,Fiber optic,No,No,No,No,No,Yes,Month-to-month,Yes,Mailed check,102.94,2001.43,No
5279-45170,Female,0,Yes,No,64,Yes,No,Fiber optic,Yes,Yes,No,No,No,Yes,Two year,No,Credit card (automatic),102.2,6322.65,No
2448-45377,Female,0,Yes,No,26,Yes,No,Fiber optic,Yes,No,Yes,Yes,No,Yes,Month-to-month,Yes,Credit card (automatic),116.55,3087.98,No
5463-61645,Female,0,No,No,16,Yes,No,Fiber optic,No,No,Yes,No,No,Yes,Two year,No,Credit card (automatic),102.62,1615.82,No
6591-53425,Female,0,No,No,43,Yes,Yes,DSL,Yes,Yes,No,No,No,No,One year,Yes,Credit card (automatic),67.45,2866.66,No
8123-82563,Female,0,No,No,25,Yes,Yes,Fiber optic,No,No,No,No,Yes,No,One year,Yes,Credit card (automatic),96.12,2470.53,No
6168-34799,Male,1,Yes,No,39,Yes,No,DSL,No,No,Yes,No,Yes,No,Month-to-month,Yes,Mailed check,55.65,2156.4,No
3135-44707,Male,1,No,No,14,Yes,Yes,No,No internet service,No internet service,No internet service,No internet service,No internet service,No internet service,Month-to-month,No,Credit card (automatic),33.67,466.24,Yes
2328-39270,Male,0,No,No,4,Yes,Yes,Fiber optic,No,No,No,No,Yes,No,Month-to-month,Yes,Credit card (automatic),103.84,410.77,Yes
9716-24084,Male,0,Yes,No,58,Yes,No,No,No internet service,No internet service,No internet service,No internet service,No internet service,No internet service,Two year,Yes,Mailed check,27.47,1635.53,No
8518-52374,Female,0,No,Yes,16,Yes,No,Fiber optic,No,No,No,No,No,Yes,Two year,Yes,Bank transfer (automatic),85.21,1412.8,No
5667-28776,Female,0,No,Yes,20,Yes,Yes,DSL,No,Yes,Yes,No,No,Yes,Month-to-month,No,Credit card (automatic),76.61,1585.07,No
4339-46341,Female,0,No,No,10,Yes,Yes,Fiber optic,No,No,No,No,Yes,No,Month-to-month,No,Credit card (automatic),82.72,839.19,No
8366-42046,Female,0,Yes,No,27,Yes,No,Fiber optic,Yes,Yes,Yes,No,No,Yes,Month-to-month,Yes,Credit card (automatic),114.55,3090.75,Yes
2339-95961,Male,0,Yes,No,26,Yes,No,Fiber optic,No,No,No,No,No,Yes,Two year,Yes,Credit card (automatic),87.21,2240.88,No
9093-57804,Male,1,No,No,42,Yes,Yes,Fiber optic,No,No,No,No,Yes,Yes,Month-to-month,No,Mailed check,89.96,3754.46,Yes
9901-89735,Female,0,No,Yes,44,Yes,No,Fiber optic,No,Yes,Yes,No,No,No,One year,Yes,Credit card (automatic),94.23,4108.09,No
9015-28322,Male,1,Yes,No,38,Yes,No,Fiber optic,No,No,No,Yes,Yes,Yes,Month-to-month,Yes,Electronic check,109.66,4234.0,No
8587-37503,Female,0,No,No,33,Yes,Yes,Fiber optic,No,No,No,Yes,No,Yes,Two year,Yes,Credit card (automatic),98.03,3363.93,Yes
4440-11485,Male,0,Yes,No,36,Yes,No,DSL,No,No,No,No,No,No,Month-to-month,Yes,Bank transfer (automatic),45.54,1692.16,No
4506-82250,Male,0,No,No,27,Yes,No,Fiber optic,No,Yes,No,No,Yes,No,Month-to-month,No,Credit card (automatic),109.51,2985.63,Yes
9447-28938,Female,0,Yes,Yes,25,Yes,No,Fiber optic,No,No,No,No,No,Yes,Two year,No,Electronic check,108.61,2796.87,No
3005-80502,Female,0,Yes,No,24,Yes,No,Fiber optic,No,Yes,No,No,Yes,No,One year,Yes,Credit card (automatic),109.81,2714.26,No
5192-14742,Female,0,No,No,44,Yes,Yes,DSL,No,No,Yes,No,No,No,Month-to-month,No,Bank transfer (automatic),72.98,3321.17,No
4440-30707,Male,0,Yes,No,19,Yes,No,No,No internet service,No internet service,No internet service,No internet service,No internet service,No internet service,Two year,Yes,Credit card (automatic),19.92,371.17,No
5162-78381,Female,0,No,Yes,46,Yes,No,No,No internet service,No internet service,No internet service,No internet service,No internet service,No internet service,Month-to-month,Yes,Electronic check,25.55,1170.6,No
7609-70944,Female,0,No,No,37,No,No phone service,DSL,No,Yes,No,No,No,Yes,Month-to-month,Yes,Bank transfer (automatic),68.87,2583.51,No
7156-89098,Female,0,Yes,No,5,Yes,No,No,No internet service,No internet service,No internet service,No internet service,No internet service,No internet service,Month-to-month,Yes,Credit card (automatic),26.98,137.67,No
2700-61027,Male,0,No,No,14,Yes,No,No,No internet service,No internet service,No internet service,No internet service,No internet service,No internet service,Month-to-month,Yes,Credit card (automatic),27.65,381.41,No
6104-30559,Male,0,No,No,30,Yes,Yes,Fiber optic,No,Yes,Yes,No,Yes,No,One year,Yes,Credit card (automatic),89.86,2617.79,No
8424-89323,Female,0,No,Yes,47,Yes,Yes,No,No internet service,No internet service,No internet service,No internet service,No internet service,No internet service,Month-to-month,Yes,Electronic check,27.99,1331.73,No
2805-38844,Male,0,No,Yes,3,Yes,No,Fiber optic,No,No,No,No,No,No,Month-to-month,Yes,Bank transfer (automatic),73.01,215.18,Yes
6077-10736,Female,0,Yes,Yes,72,Yes,No,DSL,No,No,Yes,No,No,No,Two year,Yes,Credit card (automatic),56.22,4000.97,No
9429-26449,Male,1,Yes,Yes,27,Yes,No,DSL,No,No,No,No,No,No,Month-to-month,Yes,Bank transfer (automatic),48.33,1313.61,No
7077-64813,Male,0,Yes,Yes,55,Yes,Yes,DSL,No,No,Yes,Yes,No,Yes,Month-to-month,Yes,Mailed check,89.0,5084.33,No
6099-21116,Female,0,No,Yes,19,Yes,Yes,Fiber optic,No,Yes,No,Yes,No,Yes,Month-to-month,Yes,Bank transfer (automatic),91.75,1728.32,Yes
8389-20034,Male,0,Yes,No,36,Yes,No,DSL,Yes,Yes,No,No,No,No,Two year,Yes,Bank transfer (automatic),69.87,2480.59,No
9142-11007,Male,1,Yes,No,53,Yes,No,DSL,Yes,No,Yes,No,Yes,Yes,Month-to-month,No,Credit card (automatic),69.08,3702.66,No
9747-74592,Female,0,No,No,37,Yes,No,Fiber optic,No,No,No,No,No,Yes,Two year,Yes,Mailed check,97.95,3601.8,No
2291-30042,Male,0,Yes,No,58,No,No phone service,DSL,No,No,No,No,Yes,No,Two year,No,Bank transfer (automatic),54.89,3190.25,No
8399-44461,Female,0,No,Yes,67,Yes,Yes,DSL,Yes,No,Yes,Yes,No,Yes,Two year,No,Electronic check,86.19,5618.65,No
4189-14346,Male,0,Yes,No,30,Yes,Yes,Fiber optic,No,Yes,Yes,No,Yes,Yes,Two year,Yes,Bank transfer (automatic),99.16,3081.15,No
9697-88567,Female,1,Yes,No,20,Yes,Yes,Fiber optic,Yes,Yes,No,No,Yes,No,One year,Yes,Bank transfer (automatic),92.5,1794.46,No
7142-19154,Male,0,Yes,Yes,39,Yes,No,Fiber optic,Yes,No,No,No,Yes,No,Two year,No,Bank transfer (automatic),85.58,3351.99,No
8760-73479,Male,0,Yes,No,6,Yes,No,Fiber optic,No,Yes,No,Yes,No,No,One year,No,Electronic check,103.58,604.05,No
7378-11784,Female,0,No,No,3,No,No phone service,Fiber optic,No,No,No,No,No,No,Month-to-month,No,Bank transfer (automatic),72.93,222.96,No
3905-54318,Female,0,Yes,No,10,Yes,No,DSL,No,No,No,Yes,No,No,Month-to-month,Yes,Credit card (automatic),71.27,735.88,No
6580-28939,Male,0,No,No,41,Yes,Yes,Fiber optic,Yes,No,No,No,Yes,Yes,Two year,Yes,Electronic check,109.79,4454.19,No
4259-27003,Female,1,No,Yes,14,Yes,No,Fiber optic,No,No,No,No,Yes,Yes,Month-to-month,Yes,Electronic check,97.35,1364.56,Yes
8677-90846,Male,1,Yes,Yes,27,Yes,No,No,No internet service,No internet service,No internet service,No internet service,No internet service,No internet service,Two year,Yes,Credit card (automatic),22.14,580.8,No
6690-48221,Male,0,No,Yes,19,No,No phone service,DSL,Yes,No,No,No,No,No,Two year,Yes,Credit card (automatic),73.63,1446.79,No
6335-20574,Female,0,No,No,8,Yes,Yes,No,No internet service,No internet service,No internet service,No internet service,No internet service,No internet service,Month-to-month,No,Credit card (automatic),30.64,253.4,No
2494-34348,Female,1,Yes,No,56,Yes,No,DSL,No,Yes,Yes,No,No,No,Month-to-month,Yes,Mailed check,54.28,3019.07,No
8232-60472,Male,0,No,No,23,Yes,Yes,Fiber optic,No,Yes,No,Yes,Yes,Yes,Month-to-month,No,Mailed check,119.0,2835.09,Yes
7919-66504,Female,0,Yes,No,46,Yes,No,Fiber optic,No,No,No,Yes,No,No,Month-to-month,Yes,Bank transfer (automatic),82.93,3924.5,No
8862-76210,Male,0,No,No,1,No,No phone service,Fiber optic,No,Yes,No,No,Yes,No,One year,Yes,Mailed check,101.83,102.02,Yes
5988-10115,Male,0,Yes,Yes,24,No,No phone service,No,No internet service,No internet service,No internet service,No internet service,No internet service,No internet service,Month-to-month,No,Electronic check,19.47,460.13,No
4836-12182,Male,0,No,No,39,Yes,No,Fiber optic,Yes,No,No,No,Yes,No,Month-to-month,No,Mailed check,99.22,3769.72,Yes
1388-11330,Male,1,No,Yes,4,Yes,Yes,Fiber optic,No,No,No,No,Yes,No,Month-to-month,Yes,Credit card (automatic),98.41,403.27,Yes
4417-14455,Female,0,No,No,2,Yes,Yes,No,No internet service,No internet service,No internet service,No internet service,No internet service,No internet service,Month-to-month,Yes,Mailed check,24.13,48.2,No
6827-30882,Male,0,No,No,19,Yes,Yes,DSL,Yes,No,Yes,No,Yes,Yes,Month-to-month,No,Credit card (automatic),77.58,1427.97,No
1002-19505,Male,0,Yes,No,16,No,No phone service,Fiber optic,No,No,No,No,No,Yes,Month-to-month,Yes,Credit card (automatic),83.16,1362.34,No
7787-60806,Female,0,No,No,68,Yes,Yes,Fiber optic,No,No,No,No,Yes,No,Two year,No,Credit card (automatic),81.67,5490.68,No
9009-72338,Female,0,Yes,No,46,Yes,No,Fiber optic,No,No,No,No,Yes,Yes,Month-to-month,Yes,Bank transfer (automatic),101.63,4810.5,Yes
5174-84487,Male,0,Yes,Yes,24,Yes,Yes,No,No internet service,No internet service,No internet service,No internet service,No internet service,No internet service,Month-to-month,Yes,Bank transfer (automatic),30.25,716.52,No
5880-96365,Female,1,Yes,No,68,No,No phone service,Fiber optic,No,No,Yes,No,No,Yes,Month-to-month,Yes,Mailed check,92.14,6089.32,Yes
5092-52952,Male,0,No,No,11,Yes,Yes,DSL,Yes,No,Yes,No,No,Yes,One year,Yes,Bank transfer (automatic),83.46,939.08,Yes
5505-49404,Female,0,No,Yes,37,Yes,No,Fiber optic,No,No,Yes,No,Yes,No,One year,No,Mailed check,88.56,3167.77,Yes
2965-25807,Female,0,Yes,Yes,42,Yes,Yes,Fiber optic,No,No,No,No,Yes,Yes,Month-to-month,Yes,Credit card (automatic),119.0,4961.01,No
8371-80149,Male,0,No,No,6,Yes,No,DSL,No,No,No,No,Yes,Yes,One year,Yes,Bank transfer (automatic),63.45,384.82,No
5780-51261,Male,0,No,No,29,Yes,No,DSL,No,No,No,No,Yes,Yes,One year,Yes,Credit card (automatic),57.06,1702.87,No
6877-47804,Female,1,Yes,No,54,No,No phone service,DSL,Yes,Yes,No,Yes,Yes,Yes,Two year,Yes,Credit card (automatic),80.67,4271.62,No
9935-38456,Male,0,Yes,No,8,Yes,Yes,DSL,No,Yes,No,No,No,No,One year,No,Bank transfer (automatic),75.69,585.92,No
1725-46987,Male,0,No,Yes,23,Yes,No,DSL,No,No,Yes,No,No,Yes,One year,Yes,Electronic check,60.56,1432.38,No
5368-44772,Female,0,No,Yes,43,Yes,Yes,Fiber optic,No,No,No,No,Yes,Yes,Month-to-month,No,Bank transfer (automatic),118.7,5234.39,No
9813-76509,Male,0,Yes,No,68,Yes,No,DSL,Yes,No,Yes,No,No,No,Month-to-month,Yes,Credit card (automatic),67.6,4536.45,No
5315-85456,Female,0,No,Yes,53,Yes,No,No,No internet service,No internet service,No internet service,No internet service,No internet service,No internet service,Two year,Yes,Bank transfer (automatic),21.19,1083.96,No
8641-14903,Female,0,Yes,No,21,No,No phone service,DSL,No,No,No,No,Yes,No,Month-to-month,No,Electronic check,64.53,1330.34,No
5601-22665,Male,0,No,No,10,Yes,Yes,Fiber optic,No,No,No,No,No,Yes,Month-to-month,Yes,Mailed check,87.11,904.73,Yes
3953-11289,Male,0,Yes,No,17,Yes,Yes,DSL,Yes,Yes,No,No,No,Yes,One year,Yes,Credit card (automatic),75.75,1261.86,No
8126-59563,Female,0,Yes,Yes,31,Yes,Yes,DSL,Yes,Yes,No,No,No,No,Two year,Yes,Electronic check,83.66,2642.71,No
3289-30063,Male,0,Yes,No,1,Yes,Yes,DSL,No,No,No,No,Yes,No,Month-to-month,Yes,Bank transfer (automatic),62.43,60.65,No
9948-43069,Male,0,No,No,52,Yes,No,Fiber optic,No,No,No,No,Yes,No,Two year,Yes,Electronic check,98.49,5036.06,No
9004-11922,Male,0,Yes,Yes,2,Yes,No,Fiber optic,No,Yes,No,No,No,Yes,Month-to-month,No,Credit card (automatic),103.53,209.48,Yes
4566-48001,Female,0,Yes,No,20,Yes,No,Fiber optic,No,Yes,No,No,No,No,Two year,Yes,Bank transfer (automatic),78.18,1617.43,No
6667-44760,Male,0,Yes,No,19,Yes,No,Fiber optic,No,No,No,No,No,No,Two year,Yes,Credit card (automatic),73.08,1362.0,No
2242-82672,Female,0,No,No,70,Yes,Yes,Fiber optic,No,No,No,No,No,No,Two year,No,Electronic check,103.59,7099.71,Yes
7368-21077,Male,0,Yes,Yes,25,Yes,No,No,No internet service,No internet service,No internet service,No internet service,No internet service,No internet service,Two year,No,Mailed check,28.28,711.35,No
8619-28367,Female,0,Yes,No,58,Yes,No,DSL,No,Yes,No,No,No,Yes,Two year,No,Mailed check,72.72,4306.8,Yes
8448-68351,Female,1,Yes,No,28,Yes,No,DSL,No,No,No,No,No,No,Two year,Yes,Bank transfer (automatic),57.92,1648.36,No
2953-56775,Male,0,No,Yes,40,Yes,No,Fiber optic,No,No,No,No,Yes,Yes,Month-to-month,Yes,Credit card (automatic),108.29,4212.88,No
1805-69899,Female,0,Yes,No,6,Yes,Yes,No,No internet service,No internet service,No internet service,No internet service,No internet service,No internet service,Month-to-month,Yes,Credit card (automatic),24.26,147.42,No
4808-47613,Male,1,Yes,Yes,20,Yes,No,No,No internet service,No internet service,No internet service,No internet service,No internet service,No internet service,Month-to-month,No,Credit card (automatic),26.36,516.3,Yes
3676-16589,Male,0,No,No,25,Yes,No,Fiber optic,No,No,Yes,No,Yes,No,Month-to-month,Yes,Mailed check,108.97,2682.83,Yes
2070-59022,Female,0,No,Yes,13,Yes,No,DSL,Yes,Yes,No,No,No,No,One year,Yes,Electronic check,75.19,1001.65,No
9779-64680,Female,1,No,Yes,27,Yes,Yes,Fiber optic,No,No,No,No,No,No,Month-to-month,No,Mailed check,77.14,2035.4,Yes
3791-10412,Female,0,Yes,No,51,Yes,Yes,DSL,No,No,No,No,No,No,Two year,Yes,Mailed check,66.12,3267.47,No
8960-18178,Male,0,No,Yes,4,Yes,No,DSL,Yes,Yes,Yes,No,Yes,No,Month-to-month,Yes,Credit card (automatic),65.63,262.99,Yes
3543-35631,Male,0,No,Yes,26,Yes,No,DSL,No,No,Yes,No,No,No,Month-to-month,Yes,Bank transfer (automatic),71.63,1853.73,No
2516-38417,Male,1,No,Yes,12,Yes,Yes,No,No internet service,No internet service,No internet service,No internet service,No internet service,No internet service,Month-to-month,Yes,Credit card (automatic),32.19,371.77,No
9749-24124,Male,1,No,No,17,Yes,No,Fiber optic,No,No,No,No,Yes,No,Month-to-month,Yes,Electronic check,96.5,1576.24,No
3439-88449,Male,1,No,Yes,41,Yes,Yes,DSL,No,No,No,No,Yes,Yes,Month-to-month,Yes,Credit card (automatic),73.52,3091.7,No
2510-48343,Female,0,No,No,31,Yes,No,DSL,No,No,No,No,Yes,Yes,One year,Yes,Bank transfer (automatic),71.65,2165.13,Yes
4284-87147,Male,0,Yes,No,23,Yes,Yes,No,No internet service,No internet service,No internet service,No internet service,No internet service,No internet service,Month-to-month,Yes,Credit card (automatic),28.61,646.01,No
6544-55423,Female,1,No,No,49,Yes,Yes,Fiber optic,No,No,Yes,No,No,No,Two year,Yes,Bank transfer (automatic),112.12,5704.1,No
3819-91069,Male,0,No,No,20,Yes,Yes,DSL,Yes,No,No,Yes,No,Yes,Month-to-month,Yes,Mailed check,74.6,1512.63,No
2552-50611,Male,0,No,Yes,54,Yes,Yes,No,No internet service,No internet service,No internet service,No internet service,No internet service,No internet service,One year,No,Electronic check,29.78,1578.96,No
7546-56916,Male,0,Yes,No,40,Yes,No,Fiber optic,No,Yes,No,No,Yes,Yes,One year,Yes,Bank transfer (automatic),119.0,4924.76,No
4192-32359,Male,1,Yes,No,0,Yes,No,Fiber optic,No,No,No,No,Yes,No,Month-to-month,No,Credit card (automatic),96.17,,Yes
4453-95051,Male,0,No,No,49,Yes,No,Fiber optic,No,Yes,No,No,No,Yes,Month-to-month,Yes,Credit card (automatic),81.63,4116.71,Yes
8487-92363,Male,0,No,No,56,Yes,Yes,Fiber optic,No,No,No,No,Yes,Yes,Two year,No,Electronic check,109.77,6124.7,No
5660-15211,Female,1,Yes,No,15,No,No phone service,DSL,Yes,Yes,No,Yes,Yes,No,One year,Yes,Electronic check,61.55,903.67,No
4605-25183,Female,1,No,No,29,Yes,No,DSL,No,No,Yes,No,No,Yes,Month-to-month,Yes,Bank transfer (automatic),74.41,2193.45,Yes
9611-67719,Male,1,Yes,No,51,No,No phone service,Fiber optic,No,Yes,No,No,No,Yes,One year,Yes,Mailed check,89.63,4564.43,No
6427-93366,Male,0,No,No,37,Yes,No,Fiber optic,No,No,No,No,No,Yes,Month-to-month,No,Credit card (automatic),98.73,3592.75,Yes
3882-21046,Male,0,No,Yes,69,Yes,Yes,No,No internet service,No internet service,No internet service,No internet service,No internet service,No internet service,Month-to-month,Yes,Mailed check,35.58,2484.27,No
2063-40966,Male,0,No,Yes,13,Yes,No,No,No internet service,No internet service,No internet service,No internet service,No internet service,No internet service,Month-to-month,No,Mailed check,24.21,309.9,No
5671-18968,Male,0,Yes,No,56,Yes,Yes,Fiber optic,No,Yes,No,Yes,No,Yes,One year,Yes,Electronic check,119.0,6514.25,No
4330-56335,Male,1,Yes,No,13,Yes,No,Fiber optic,No,No,No,Yes,Yes,No,Month-to-month,No,Electronic check,96.96,1264.21,Yes
4346-17243,Female,0,Yes,No,51,Yes,Yes,Fiber optic,No,Yes,No,No,Yes,No,Month-to-month,Yes,Bank transfer (automatic),92.6,4707.67,No
6746-40926,Male,0,No,No,44,No,No phone service,DSL,No,No,Yes,No,Yes,No,Month-to-month,Yes,Credit card (automatic),72.31,3253.54,No
6181-94481,Male,0,No,No,26,Yes,Yes,Fiber optic,No,Yes,No,No,Yes,No,Month-to-month,Yes,Bank transfer (automatic),100.85,2624.38,Yes
8746-89326,Male,0,No,No,17,Yes,No,Fiber optic,No,Yes,No,No,No,Yes,Month-to-month,Yes,Credit card (automatic),115.19,1953.07,Yes
3689-95414,Female,1,No,No,37,Yes,No,Fiber optic,No,No,Yes,No,Yes,No,Month-to-month,Yes,Electronic check,88.53,3332.2,Yes
7717-13132,Male,0,Yes,No,70,Yes,No,Fiber optic,No,Yes,No,No,Yes,Yes,Two year,Yes,Credit card (automatic),97.31,7041.53,Yes
3057-22062,Male,0,Yes,No,37,No,No phone service,DSL,No,No,No,No,No,No,Two year,Yes,Bank transfer (automatic),64.85,2371.25,No
1629-19654,Male,0,No,No,6,Yes,No,Fiber optic,No,Yes,No,No,Yes,No,Month-to-month,Yes,Mailed check,110.03,637.14,Yes
2631-68679,Male,0,No,No,23,Yes,No,No,No internet service,No internet service,No internet service,No internet service,No internet service,No internet service,Month-to-month,No,Electronic check,29.88,691.08,No
9658-81369,Male,0,Yes,No,21,Yes,No,Fiber optic,No,Yes,Yes,No,Yes,Yes,Month-to-month,Yes,Mailed check,107.44,2299.42,Yes
8383-97861,Female,1,No,Yes,64,Yes,No,DSL,Yes,No,No,No,No,No,Two year,Yes,Credit card (automatic),53.37,3323.47,No
8595-61348,Male,0,No,No,45,Yes,Yes,Fiber optic,No,Yes,Yes,Yes,Yes,Yes,Month-to-month,Yes,Credit card (automatic),111.28,4984.9,No
8142-74175,Male,0,Yes,Yes,30,Yes,No,No,No internet service,No internet service,No internet service,No internet service,No internet service,No internet service,Two year,No,Electronic check,20.08,582.98,No
8571-19374,Female,0,Yes,No,39,No,No phone service,DSL,No,Yes,Yes,No,No,No,Month-to-month,No,Electronic check,74.07,2792.03,Yes
6356-53131,Male,0,No,No,46,No,No phone service,Fiber optic,No,No,No,No,Yes,No,One year,Yes,Mailed check,103.57,4735.67,Yes
8590-64249,Male,0,Yes,No,14,Yes,No,Fiber optic,No,No,Yes,No,No,Yes,One year,No,Credit card (automatic),91.09,1299.66,No
5089-65691,Male,0,Yes,No,11,Yes,Yes,DSL,No,No,No,No,Yes,Yes,One year,Yes,Electronic check,59.8,642.52,No
1047-28882,Female,0,No,No,53,Yes,Yes,Fiber optic,No,Yes,Yes,No,Yes,Yes,Month-to-month,No,Credit card (automatic),106.74,5634.14,Yes
8818-38538,Female,0,No,Yes,12,Yes,No,Fiber optic,No,No,Yes,No,Yes,Yes,Month-to-month,No,Mailed check,109.49,1336.05,Yes
1590-71660,Female,1,Yes,No,26,Yes,No,Fiber optic,No,No,No,Yes,Yes,Yes,Month-to-month,Yes,Bank transfer (automatic),90.29,2418.0,No
2776-50414,Female,1,Yes,Yes,70,Yes,No,Fiber optic,No,Yes,No,No,Yes,Yes,Two year,No,Mailed check,111.43,7968.84,No
6230-94318,Female,0,No,Yes,49,Yes,No,DSL,Yes,No,No,No,No,No,Month-to-month,Yes,Credit card (automatic),51.0,2450.41,No
5854-69596,Female,0,Yes,No,59,Yes,No,DSL,No,No,No,Yes,Yes,Yes,One year,Yes,Electronic check,55.36,3341.55,No
2394-34549,Female,0,No,No,42,No,No phone service,Fiber optic,No,No,No,No,Yes,Yes,Two year,Yes,Credit card (automatic),88.68,3650.33,No
4977-26060,Female,0,No,No,54,Yes,Yes,DSL,No,Yes,No,Yes,No,Yes,One year,Yes,Bank transfer (automatic),81.56,4407.66,No
5988-69180,Female,0,Yes,No,0,Yes,Yes,Fiber optic,No,No,Yes,No,Yes,No,Month-to-month,Yes,Electronic check,113.38,,Yes
1923-83885,Male,0,No,No,32,Yes,No,Fiber optic,No,No,No,No,Yes,Yes,Month-to-month,No,Mailed check,113.78,3643.72,Yes
1452-40048,Male,0,Yes,No,26,No,No phone service,DSL,No,Yes,No,No,No,Yes,One year,No,Electronic check,66.03,1669.58,Yes
7320-93684,Female,1,No,No,63,Yes,Yes,No,No internet service,No internet service,No internet service,No internet service,No internet service,No internet service,Two year,Yes,Bank transfer (automatic),30.65,1977.37,No
9722-71925,Male,1,No,Yes,62,Yes,No,Fiber optic,No,Yes,No,No,Yes,No,Two year,Yes,Credit card (automatic),107.36,6777.72,No
9710-99822,Male,0,Yes,No,16,Yes,No,No,No internet service,No internet service,No internet service,No internet service,No internet service,No internet service,Month-to-month,No,Mailed check,25.96,409.35,No
5112-51394,Female,0,Yes,No,50,No,No phone service,DSL,No,No,No,No,No,Yes,Two year,No,Credit card (automatic),73.96,3592.56,Yes
2627-62058,Female,0,No,No,37,Yes,No,No,No internet service,No internet service,No internet service,No internet service,No internet service,No internet service,Month-to-month,Yes,Mailed check,22.05,810.5,No
7439-63614,Female,0,Yes,No,28,No,No phone service,Fiber optic,No,No,No,No,No,No,One year,No,Electronic check,78.39,2114.44,No
5576-72094,Male,0,Yes,No,24,Yes,No,No,No internet service,No internet service,No internet service,No internet service,No internet service,No internet service,Month-to-month,No,Credit card (automatic),28.62,675.12,No
7304-44342,Male,0,Yes,No,35,Yes,Yes,Fiber optic,No,No,No,No,No,No,Month-to-month,Yes,Bank transfer (automatic),87.39,2964.94,Yes
5453-68412,Male,0,Yes,No,32,Yes,No,No,No internet service,No internet service,No internet service,No internet service,No internet service,No internet service,One year,Yes,Mailed check,23.61,765.81,No
6670-24666,Male,0,No,No,12,Yes,Yes,Fiber optic,No,No,No,No,No,No,Month-to-month,Yes,Credit card (automatic),99.36,1196.1,Yes
1389-90203,Female,0,Yes,No,70,No,No phone service,Fiber optic,No,No,No,No,No,Yes,Two year,No,Bank transfer (automatic),78.57,5303.18,No
2625-61728,Male,0,Yes,No,44,Yes,No,DSL,Yes,No,No,Yes,Yes,No,Month-to-month,Yes,Electronic check,65.77,2882.41,No
6426-36412,Male,0,Yes,No,53,Yes,Yes,Fiber optic,No,Yes,No,No,Yes,No,Two year,No,Credit card (automatic),119.0,6378.33,No
7094-50244,Male,0,No,No,41,Yes,No,Fiber optic,No,Yes,No,No,Yes,No,Month-to-month,Yes,Credit card (automatic),79.81,3372.6,No
4072-97144,Female,0,No,Yes,31,Yes,No,No,No internet service,No internet service,No internet service,No internet service,No internet service,No internet service,Month-to-month,Yes,Bank transfer (automatic),29.08,929.3,No
5291-45688,Male,0,No,Yes,21,Yes,No,Fiber optic,No,No,Yes,No,Yes,No,Month-to-month,No,Bank transfer (automatic),97.94,2104.08,No
7797-96332,Male,0,No,No,54,Yes,No,Fiber optic,No,Yes,No,Yes,Yes,Yes,One year,No,Electronic check,100.12,5249.78,No
5655-75794,Female,0,No,Yes,48,Yes,No,No,No internet service,No internet service,No internet service,No internet service,No internet service,No internet service,Two year,Yes,Mailed check,25.77,1249.51,No
1684-35135,Female,0,Yes,No,7,Yes,No,No,No internet service,No internet service,No internet service,No internet service,No internet service,No internet service,Month-to-month,No,Electronic check,25.69,182.5,No
2978-80948,Male,0,Yes,Yes,10,Yes,No,No,No internet service,No internet service,No internet service,No internet service,No internet service,No internet service,Month-to-month,No,Credit card (automatic),20.91,207.92,No
5726-90077,Female,0,Yes,Yes,19,Yes,Yes,DSL,No,No,No,No,No,No,Month-to-month,Yes,Electronic check,63.84,1181.22,Yes
3215-38661,Female,0,Yes,No,18,No,No phone service,No,No internet service,No internet service,No internet service,No internet service,No internet service,No internet service,One year,Yes,Credit card (automatic),27.73,501.57,No
9951-66833,Male,0,No,No,41,Yes,No,Fiber optic,Yes,No,No,No,No,No,One year,No,Bank transfer (automatic),102.47,4088.35,Yes
6053-70920,Male,0,Yes,No,27,Yes,No,No,No internet service,No internet service,No internet service,No internet service,No internet service,No internet service,Two year,Yes,Mailed check,29.15,782.47,No
2999-45315,Female,0,No,Yes,38,Yes,Yes,Fiber optic,No,Yes,No,No,No,No,Month-to-month,Yes,Credit card (automatic),100.92,3788.81,Yes
6637-77677,Male,0,Yes,Yes,47,Yes,Yes,Fiber optic,No,No,No,Yes,Yes,Yes,Month-to-month,Yes,Bank transfer (automatic),88.8,4095.27,No
1963-55801,Female,0,Yes,Yes,30,No,No phone service,DSL,No,No,No,No,Yes,No,Month-to-month,Yes,Credit card (automatic),62.6,1828.28,No
7710-52420,Female,0,Yes,No,34,Yes,No,DSL,No,No,No,Yes,No,No,Two year,Yes,Credit card (automatic),46.79,1596.63,No
1220-21851,Female,0,Yes,Yes,46,Yes,No,Fiber optic,Yes,No,No,No,No,Yes,Month-to-month,Yes,Mailed check,101.0,4580.25,No
2155-54951,Female,0,Yes,No,9,Yes,No,DSL,No,Yes,No,Yes,No,Yes,Month-to-month,Yes,Credit card (automatic),72.67,636.36,No
4697-32065,Male,0,No,Yes,12,Yes,Yes,Fiber optic,No,No,Yes,No,No,Yes,Two year,Yes,Bank transfer (automatic),81.06,975.78,Yes
1893-62644,Female,0,No,No,57,Yes,No,DSL,No,No,No,No,No,No,One year,Yes,Credit card (automatic),65.98,3815.2,No
3187-39246,Female,0,No,No,33,Yes,No,DSL,No,No,Yes,Yes,Yes,Yes,Month-to-month,Yes,Credit card (automatic),63.03,2022.74,No
5674-76669,Male,0,No,No,26,Yes,No,DSL,Yes,No,No,No,No,Yes,Month-to-month,Yes,Electronic check,51.34,1356.83,No
6013-75957,Female,0,No,Yes,55,Yes,No,DSL,No,No,Yes,Yes,Yes,No,Two year,Yes,Credit card (automatic),62.71,3408.9,No
4263-65860,Male,0,No,Yes,18,No,No phone service,DSL,No,No,No,No,Yes,No,One year,Yes,Credit card (automatic),65.99,1191.09,No
1678-44810,Male,0,Yes,No,60,Yes,Yes,Fiber optic,No,No,No,No,Yes,Yes,Month-to-month,No,Electronic check,85.5,5022.79,Yes
8446-12365,Male,0,Yes,No,41,Yes,Yes,Fiber optic,No,Yes,No,No,Yes,No,Month-to-month,Yes,Mailed check,101.62,4004.19,Yes
5301-42407,Male,0,Yes,No,45,Yes,Yes,DSL,Yes,No,No,No,Yes,No,Month-to-month,Yes,Electronic check,64.76,2846.45,No
7193-48035,Female,0,No,No,17,Yes,No,DSL,No,No,Yes,Yes,Yes,Yes,One year,No,Credit card (automatic),88.34,1487.67,No
2253-71183,Male,0,No,Yes,22,No,No phone service,No,No internet service,No internet service,No internet service,No internet service,No internet service,No internet service,Month-to-month,No,Electronic check,25.77,551.22,No
8744-49798,Male,1,No,No,38,Yes,No,DSL,No,No,Yes,No,No,No,Month-to-month,No,Credit card (automatic),53.99,2087.44,Yes
6881-67857,Female,0,No,Yes,15,Yes,Yes,Fiber optic,No,No,No,No,Yes,No,Month-to-month,Yes,Electronic check,86.68,1344.6,Yes
2243-63354,Female,0,Yes,Yes,49,Yes,No,Fiber optic,No,No,No,No,Yes,No,Two year,Yes,Credit card (automatic),83.15,4037.88,No
3297-34754,Male,0,No,No,30,Yes,Yes,DSL,No,Yes,No,Yes,No,Yes,Month-to-month,Yes,Credit card (automatic),79.51,2388.28,No
6843-79356,Male,0,No,No,34,Yes,No,No,No internet service,No internet service,No internet service,No internet service,No internet service,No internet service,Month-to-month,No,Mailed check,23.08,795.75,No
4716-75087,Female,0,No,No,10,Yes,Yes,Fiber optic,No,No,Yes,No,Yes,No,Month-to-month,No,Bank transfer (automatic),111.52,1138.96,No
1969-25160,Female,0,Yes,No,9,Yes,No,No,No internet service,No internet service,No internet service,No internet service,No internet service,No internet service,One year,Yes,Credit card (automatic),24.64,220.6,No
6760-55072,Female,0,Yes,No,54,Yes,Yes,DSL,No,Yes,Yes,Yes,Yes,No,Two year,Yes,Mailed check,88.23,4617.64,No
4565-14988,Female,0,Yes,No,50,Yes,Yes,Fiber optic,No,No,No,No,No,Yes,Two year,Yes,Credit card (automatic),112.56,5848.46,No
6675-45249,Male,0,No,Yes,34,Yes,Yes,Fiber optic,Yes,Yes,No,No,No,No,Month-to-month,No,Credit card (automatic),117.22,3854.46,Yes
6985-18546,Female,0,Yes,Yes,37,Yes,Yes,DSL,No,No,No,No,Yes,No,Month-to-month,Yes,Electronic check,51.78,1901.53,No
5128-28592,Male,0,Yes,No,0,Yes,No,No,No internet service,No internet service,No internet service,No internet service,No internet service,No internet service,Month-to-month,Yes,Bank transfer (automatic),24.79,,No
3063-44841,Male,0,No,Yes,27,Yes,Yes,No,No internet service,No internet service,No internet service,No internet service,No internet service,No internet service,Two year,Yes,Credit card (automatic),32.46,894.53,No
9278-93293,Female,0,No,No,44,Yes,No,Fiber optic,No,Yes,No,Yes,Yes,Yes,One year,No,Credit card (automatic),119.0,5285.05,No
9515-57517,Female,1,No,No,64,Yes,Yes,No,No internet service,No internet service,No internet service,No internet service,No internet service,No internet service,Month-to-month,Yes,Bank transfer (automatic),30.72,1990.85,No
3955-32912,Male,0,No,No,11,Yes,No,DSL,No,Yes,No,No,Yes,No,Month-to-month,Yes,Bank transfer (automatic),70.94,802.6,No
6780-28779,Male,0,No,Yes,39,Yes,Yes,Fiber optic,No,No,No,No,Yes,Yes,Month-to-month,No,Mailed check,108.25,4124.28,Yes
7045-48687,Female,1,Yes,No,17,No,No phone service,DSL,Yes,No,No,No,Yes,No,One year,No,Mailed check,51.25,859.92,No
5000-71707,Male,0,No,No,58,Yes,No,No,No internet service,No internet service,No internet service,No internet service,No internet service,No internet service,Month-to-month,Yes,Credit card (automatic),25.57,1483.53,No
4891-49881,Female,0,Yes,No,26,No,No phone service,Fiber optic,No,No,No,No,Yes,Yes,Month-to-month,Yes,Bank transfer (automatic),115.82,2968.77,Yes
9074-91251,Male,1,Yes,Yes,11,Yes,No,No,No internet service,No internet service,No internet service,No internet service,No internet service,No internet service,Month-to-month,Yes,Credit card (automatic),20.45,216.81,No
4055-80598,Female,0,No,No,24,Yes,No,DSL,Yes,No,No,No,No,No,Month-to-month,No,Mailed check,55.82,1321.36,Yes
3645-73981,Male,0,No,No,48,Yes,No,DSL,Yes,No,Yes,Yes,No,No,Month-to-month,No,Bank transfer (automatic),71.32,3477.78,No
9357-12508,Male,0,No,No,2,Yes,No,Fiber optic,No,Yes,No,No,No,Yes,One year,Yes,Electronic check,107.15,216.76,No
3454-72619,Male,0,No,No,31,Yes,No,Fiber optic,No,No,No,No,Yes,No,One year,No,Electronic check,102.65,3197.12,Yes
4573-35532,Female,0,No,No,49,Yes,No,DSL,No,Yes,No,No,Yes,No,Month-to-month,Yes,Electronic check,71.69,3588.66,Yes
9895-24953,Female,0,Yes,No,8,Yes,No,Fiber optic,No,No,No,Yes,Yes,No,Month-to-month,Yes,Credit card (automatic),117.28,960.99,Yes
4517-23919,Female,1,Yes,No,72,Yes,No,DSL,No,No,No,No,No,No,Two year,Yes,Credit card (automatic),41.73,2893.74,No
9451-84169,Female,0,Yes,Yes,38,Yes,Yes,Fiber optic,No,No,No,Yes,Yes,Yes,Two year,Yes,Credit card (automatic),115.76,4490.8,No
5366-64976,Male,0,Yes,Yes,34,No,No phone service,No,No internet service,No internet service,No internet service,No internet service,No internet service,No internet service,One year,Yes,Credit card (automatic),22.47,748.14,No
1747-75320,Female,1,Yes,No,2,No,No phone service,Fiber optic,No,Yes,No,No,Yes,No,One year,No,Credit card (automatic),78.46,158.93,No
2118-52919,Female,0,No,No,54,Yes,No,Fiber optic,No,Yes,Yes,No,Yes,Yes,Two year,Yes,Credit card (automatic),107.5,5606.8,No
8330-90672,Female,0,Yes,Yes,45,Yes,No,DSL,Yes,No,No,No,Yes,No,One year,No,Bank transfer (automatic),70.27,3238.56,No
8968-95881,Female,0,No,Yes,34,Yes,Yes,DSL,No,No,No,Yes,No,No,Month-to-month,No,Credit card (automatic),61.26,2164.74,No
4324-76550,Female,0,No,Yes,67,Yes,Yes,DSL,No,No,No,No,No,Yes,Month-to-month,No,Electronic check,78.38,5139.92,Yes
4666-96376,Female,1,Yes,Yes,14,Yes,No,No,No internet service,No internet service,No internet service,No internet service,No internet service,No internet service,Month-to-month,Yes,Electronic check,27.68,395.71,No
9896-94973,Female,0,No,Yes,20,Yes,Yes,DSL,No,No,No,No,No,No,Two year,Yes,Mailed check,67.98,1359.84,No
6743-22908,Male,0,Yes,No,34,Yes,No,No,No internet service,No internet service,No internet service,No internet service,No internet service,No internet service,One year,Yes,Credit card (automatic),25.96,869.17,No
8331-60818,Female,0,No,Yes,48,Yes,Yes,Fiber optic,No,No,Yes,No,Yes,Yes,Two year,Yes,Credit card (automatic),111.88,5278.59,No
1470-74277,Male,0,No,No,49,Yes,No,No,No internet service,No internet service,No internet service,No internet service,No internet service,No internet service,Month-to-month,Yes,Bank transfer (automatic),20.22,995.12,No
3963-37481,Female,0,Yes,No,23,Yes,Yes,DSL,No,Yes,No,Yes,No,Yes,Month-to-month,Yes,Bank transfer (automatic),79.59,1811.04,Yes
7831-61222,Male,1,Yes,Yes,29,Yes,No,No,No internet service,No internet service,No internet service,No internet service,No internet service,No internet service,One year,Yes,Mailed check,26.35,791.7,No
1116-31118,Female,0,No,No,36,Yes,Yes,No,No internet service,No internet service,No internet service,No internet service,No internet service,No internet service,Two year,Yes,Bank transfer (automatic),26.42,914.31,No
1659-79644,Male,0,Yes,No,68,Yes,Yes,Fiber optic,No,No,Yes,No,Yes,Yes,Two year,Yes,Mailed check,85.49,5913.78,No
3267-29518,Female,0,No,Yes,17,Yes,Yes,No,No internet service,No internet service,No internet service,No internet service,No internet service,No internet service,Month-to-month,Yes,Credit card (automatic),32.98,546.89,No
9629-63339,Male,0,Yes,No,58,Yes,Yes,DSL,Yes,No,Yes,No,Yes,No,Two year,Yes,Electronic check,76.81,4376.0,No
6859-88204,Male,0,No,No,69,No,No phone service,DSL,Yes,No,No,No,No,Yes,Two year,Yes,Credit card (automatic),75.78,5207.4,No
3670-91340,Female,0,Yes,Yes,31,No,No phone service,No,No internet service,No internet service,No internet service,No internet service,No internet service,No internet service,Two year,Yes,Mailed check,22.25,692.7,No
8066-38142,Female,0,Yes,No,21,Yes,Yes,DSL,No,No,Yes,No,No,Yes,One year,No,Bank transfer (automatic),71.54,1561.2,No
8385-37562,Male,0,Yes,No,52,Yes,No,DSL,Yes,No,Yes,No,No,No,Two year,Yes,Bank transfer (automatic),49.93,2622.05,No
5209-24012,Male,0,Yes,Yes,47,Yes,No,Fiber optic,No,Yes,No,No,No,No,Month-to-month,Yes,Mailed check,78.91,3672.84,No
7076-47964,Female,0,No,No,58,No,No phone service,No,No internet service,No internet service,No internet service,No internet service,No internet service,No internet service,Month-to-month,Yes,Bank transfer (automatic),27.36,1562.64,No
1870-88464,Female,0,No,Yes,3,Yes,No,No,No internet service,No internet service,No internet service,No internet service,No internet service,No internet service,Month-to-month,Yes,Credit card (automatic),20.44,60.68,No
4198-12435,Male,0,Yes,Yes,5,Yes,No,DSL,No,No,No,No,No,No,Month-to-month,No,Mailed check,51.82,257.27,Yes
4662-53267,Female,0,Yes,Yes,50,Yes,No,Fiber optic,No,No,No,Yes,Yes,Yes,Two year,No,Credit card (automatic),118.56,5745.81,No
5145-89512,Male,0,Yes,No,39,Yes,No,Fiber optic,No,No,No,No,No,Yes,One year,No,Bank transfer (automatic),91.58,3508.4,No
3933-47113,Female,0,No,No,41,Yes,Yes,No,No internet service,No internet service,No internet service,No internet service,No internet service,No internet service,Month-to-month,Yes,Electronic check,33.71,1336.26,No
5181-62336,Male,1,No,No,27,Yes,Yes,DSL,No,No,Yes,Yes,No,No,Two year,No,Electronic check,66.94,1832.9,No
1741-93500,Male,1,No,No,46,Yes,No,DSL,No,Yes,No,Yes,No,Yes,One year,Yes,Bank transfer (automatic),64.02,2927.64,No
8347-86240,Male,0,No,No,31,Yes,Yes,Fiber optic,No,No,Yes,No,No,No,Month-to-month,No,Mailed check,85.66,2596.37,Yes
4632-80074,Female,0,Yes,Yes,47,Yes,Yes,DSL,No,No,No,No,No,No,One year,No,Bank transfer (automatic),71.84,3370.89,Yes
5911-60145,Female,0,Yes,No,43,Yes,No,Fiber optic,No,Yes,No,No,No,No,Month-to-month,Yes,Credit card (automatic),86.41,3722.69,No
5957-33852,Male,0,No,No,24,Yes,No,Fiber optic,No,No,No,Yes,No,No,One year,Yes,Electronic check,109.8,2635.49,No
2724-71571,Female,1,Yes,No,31,Yes,Yes,Fiber optic,No,No,No,No,Yes,Yes,Two year,Yes,Credit card (automatic),102.44,3058.79,No
6232-47555,Female,0,Yes,No,49,Yes,No,Fiber optic,No,No,No,No,Yes,No,Month-to-month,Yes,Mailed check,106.86,5367.8,No
9854-87511,Female,0,Yes,No,37,Yes,Yes,Fiber optic,No,Yes,No,No,No,Yes,Month-to-month,No,Credit card (automatic),112.78,4214.95,Yes
1418-52837,Female,0,No,No,31,Yes,No,Fiber optic,No,No,No,No,Yes,Yes,One year,No,Bank transfer (automatic),108.51,3271.64,Yes
7721-94695,Male,0,No,No,53,Yes,Yes,No,No internet service,No internet service,No internet service,No internet service,No internet service,No internet service,Two year,Yes,Mailed check,26.3,1418.98,No
3524-90756,Male,0,No,No,48,Yes,No,Fiber optic,No,No,Yes,No,No,No,Month-to-month,No,Mailed check,73.5,3452.41,Yes
8733-83675,Female,0,Yes,No,20,Yes,No,Fiber optic,No,No,No,No,Yes,No,Two year,Yes,Electronic check,78.27,1605.01,No
5370-49818,Male,0,Yes,No,16,Yes,Yes,Fiber optic,No,Yes,No,Yes,Yes,No,One year,No,Credit card (automatic),100.97,1551.33,No
8771-61123,Male,0,Yes,Yes,47,Yes,No,Fiber optic,No,No,No,No,Yes,Yes,Month-to-month,Yes,Mailed check,115.54,5343.67,Yes
5147-32852,Male,0,No,Yes,47,Yes,No,DSL,No,Yes,No,Yes,No,Yes,Month-to-month,No,Mailed check,78.36,3663.86,No
3773-12101,Female,0,Yes,Yes,49,Yes,No,Fiber optic,No,Yes,No,Yes,No,Yes,Month-to-month,Yes,Electronic check,102.37,4965.5,No
7219-62418,Female,0,No,No,41,Yes,Yes,No,No internet service,No internet service,No internet service,No internet service,No internet service,No internet service,Month-to-month,No,Electronic check,29.86,1215.25,No
2492-59469,Female,0,No,Yes,69,No,No phone service,Fiber optic,Yes,No,Yes,No,No,Yes,Month-to-month,Yes,Mailed check,106.33,7199.4,No
1356-62840,Male,0,No,No,14,Yes,No,Fiber optic,No,No,Yes,Yes,No,Yes,One year,Yes,Bank transfer (automatic),119.0,1722.94,No
5354-81080,Male,0,No,No,52,Yes,No,Fiber optic,No,No,No,No,No,No,One year,Yes,Credit card (automatic),94.46,4721.99,No
1614-12205,Female,0,Yes,No,41,Yes,No,Fiber optic,No,Yes,No,No,Yes,No,Month-to-month,Yes,Electronic check,81.39,3279.37,Yes
1185-66481,Male,0,No,No,40,No,No phone service,Fiber optic,No,No,No,No,Yes,Yes,Month-to-month,Yes,Credit card (automatic),85.15,3500.51,No
8702-18764,Female,0,Yes,Yes,16,Yes,No,DSL,No,Yes,No,No,Yes,Yes,Month-to-month,Yes,Mailed check,76.53,1207.97,No
1252-65636,Male,0,No,No,36,Yes,No,DSL,Yes,No,Yes,Yes,No,No,Two year,Yes,Credit card (automatic),74.92,2786.45,No
7596-24612,Male,0,No,No,57,Yes,Yes,No,No internet service,No internet service,No internet service,No internet service,No internet service,No internet service,Two year,Yes,Electronic check,27.67,1525.83,No
2137-93746,Male,0,No,No,63,Yes,No,DSL,Yes,No,Yes,Yes,No,Yes,Two year,Yes,Bank transfer (automatic),74.0,4539.62,No
7618-90999,Female,0,Yes,No,21,No,No phone service,Fiber optic,No,No,Yes,No,Yes,Yes,Month-to-month,Yes,Credit card (automatic),90.95,1858.94,No
5162-99172,Female,1,No,No,47,Yes,No,Fiber optic,No,No,No,No,No,Yes,Two year,No,Bank transfer (automatic),110.42,5299.93,Yes
4986-40357,Male,0,No,No,52,Yes,No,DSL,Yes,Yes,No,No,No,No,Two year,Yes,Bank transfer (automatic),68.41,3510.83,No
3026-42558,Female,0,No,No,53,Yes,No,DSL,No,Yes,No,Yes,Yes,No,Month-to-month,No,Bank transfer (automatic),81.47,4472.92,No
9401-97516,Female,0,No,No,6,Yes,No,No,No internet service,No internet service,No internet service,No internet service,No internet service,No internet service,Month-to-month,No,Mailed check,21.83,131.29,No
1790-26793,Female,0,No,No,8,Yes,No,Fiber optic,No,No,No,No,Yes,Yes,Month-to-month,No,Electronic check,86.82,720.87,Yes
5936-65052,Female,0,Yes,No,24,Yes,Yes,DSL,No,Yes,No,No,No,Yes,One year,No,Bank transfer (automatic),74.49,1721.47,No
6826-25727,Male,0,Yes,No,39,Yes,No,DSL,Yes,Yes,No,No,No,Yes,Month-to-month,No,Bank transfer (automatic),56.2,2147.98,No
5703-19008,Female,0,Yes,No,48,Yes,Yes,DSL,No,No,No,Yes,No,No,Month-to-month,No,Electronic check,63.29,3089.32,No
4977-44488,Female,0,No,No,20,Yes,No,Fiber optic,No,No,No,Yes,No,Yes,Month-to-month,No,Bank transfer (automatic),79.27,1637.92,No
9955-73189,Male,1,No,Yes,43,Yes,Yes,No,No internet service,No internet service,No internet service,No internet service,No internet service,No internet service,Month-to-month,Yes,Electronic check,29.25,1258.51,No
1991-44697,Male,0,Yes,Yes,17,Yes,No,DSL,No,No,No,Yes,Yes,No,One year,No,Credit card (automatic),66.37,1125.23,No
5320-41285,Female,0,Yes,No,17,Yes,No,Fiber optic,No,No,No,Yes,Yes,Yes,Month-to-month,Yes,Bank transfer (automatic),90.34,1520.16,Yes
7960-69132,Female,0,No,No,25,Yes,No,Fiber optic,Yes,No,Yes,No,Yes,No,Month-to-month,No,Credit card (automatic),119.0,2985.26,Yes
5058-16843,Male,0,No,No,44,Yes,No,DSL,No,No,Yes,No,Yes,Yes,One year,Yes,Credit card (automatic),65.16,2820.56,No
3985-93409,Male,0,No,Yes,62,Yes,No,Fiber optic,No,Yes,Yes,No,No,Yes,Two year,Yes,Credit card (automatic),107.54,6517.52,No
1033-90348,Female,0,Yes,No,65,Yes,Yes,Fiber optic,No,No,No,No,No,Yes,Month-to-month,No,Bank transfer (automatic),84.25,5268.03,Yes
2434-15008,Male,0,No,No,19,Yes,No,Fiber optic,No,Yes,No,No,Yes,No,Month-to-month,Yes,Bank transfer (automatic),82.41,1517.99,Yes
2641-40959,Male,0,Yes,No,44,Yes,No,No,No internet service,No internet service,No internet service,No internet service,No internet service,No internet service,Month-to-month,No,Credit card (automatic),28.95,1279.38,No
2034-70356,Female,1,Yes,No,31,Yes,No,Fiber optic,No,No,No,No,Yes,Yes,Month-to-month,No,Mailed check,113.35,3388.85,Yes
7580-20815,Female,1,No,Yes,26,Yes,No,DSL,No,No,No,No,Yes,No,Two year,Yes,Bank transfer (automatic),65.7,1690.62,No
2953-14994,Male,0,Yes,No,53,Yes,No,Fiber optic,No,Yes,No,No,Yes,No,Two year,No,Credit card (automatic),107.3,5473.51,No
4730-92217,Male,0,No,No,51,Yes,Yes,DSL,No,No,Yes,No,No,No,Month-to-month,Yes,Credit card (automatic),61.1,3038.09,No
7046-87760,Male,0,Yes,No,3,Yes,No,DSL,No,No,No,No,No,No,Month-to-month,No,Bank transfer (automatic),66.38,192.36,No
5498-14231,Male,1,Yes,Yes,48,Yes,No,Fiber optic,No,No,Yes,No,No,Yes,Month-to-month,No,Credit card (automatic),85.88,3972.18,No
1493-77157,Female,0,No,No,42,Yes,Yes,DSL,No,Yes,No,Yes,No,No,One year,Yes,Bank transfer (automatic),58.22,2538.46,No
2340-43543,Male,0,Yes,Yes,33,Yes,No,Fiber optic,Yes,No,Yes,No,Yes,Yes,Month-to-month,Yes,Mailed check,99.5,3404.83,No
3766-79097,Male,0,Yes,No,46,Yes,No,DSL,Yes,No,No,No,Yes,Yes,Month-to-month,Yes,Credit card (automatic),73.9,3277.95,No
5730-31609,Male,0,Yes,No,24,Yes,Yes,No,No internet service,No internet service,No internet service,No internet service,No internet service,No internet service,Month-to-month,Yes,Credit card (automatic),34.43,842.9,No
3663-37176,Female,0,Yes,No,17,Yes,No,DSL,Yes,No,Yes,Yes,No,No,One year,Yes,Mailed check,57.77,982.6,No
5874-51675,Female,0,No,No,56,Yes,Yes,Fiber optic,No,Yes,No,No,Yes,Yes,Two year,No,Mailed check,105.84,5843.48,No
8644-72866,Female,0,Yes,No,53,Yes,Yes,Fiber optic,No,No,No,No,Yes,Yes,Month-to-month,No,Credit card (automatic),114.38,5906.19,Yes
2448-37557,Male,0,No,Yes,61,Yes,Yes,No,No internet service,No internet service,No internet service,No internet service,No internet service,No internet service,Two year,No,Mailed check,29.03,1779.54,No
7519-54999,Female,0,No,No,49,Yes,No,Fiber optic,No,Yes,No,No,Yes,Yes,Two year,No,Bank transfer (automatic),86.92,4304.38,No
7402-15378,Male,0,No,Yes,19,Yes,Yes,No,No internet service,No internet service,No internet service,No internet service,No internet service,No internet service,Month-to-month,No,Mailed check,26.65,522.49,Yes
2783-95189,Female,1,No,No,21,Yes,Yes,Fiber optic,No,No,No,No,No,No,Two year,Yes,Credit card (automatic),83.47,1770.38,No
9683-36038,Female,0,No,No,11,Yes,Yes,DSL,No,No,No,Yes,No,No,One year,No,Bank transfer (automatic),78.67,872.64,Yes
2176-31917,Female,0,No,Yes,33,Yes,No,Fiber optic,No,Yes,No,No,Yes,No,Month-to-month,Yes,Mailed check,111.73,3738.12,No
4796-81566,Male,0,Yes,No,38,Yes,Yes,Fiber optic,No,Yes,No,No,No,No,One year,Yes,Credit card (automatic),96.9,3708.91,No
5642-79634,Female,0,No,Yes,5,Yes,Yes,DSL,No,Yes,No,Yes,No,Yes,Month-to-month,Yes,Electronic check,66.82,343.33,No
7997-39715,Female,1,Yes,Yes,65,Yes,No,DSL,Yes,No,Yes,No,No,No,Month-to-month,Yes,Credit card (automatic),69.37,4627.73,No
5940-91932,Female,0,No,No,41,Yes,No,DSL,Yes,Yes,No,No,Yes,No,Month-to-month,No,Electronic check,80.92,3332.97,Yes
6761-23207,Male,1,No,Yes,56,Yes,No,Fiber optic,No,No,No,No,Yes,No,One year,No,Electronic check,86.65,5027.58,No
4862-43716,Female,0,Yes,Yes,15,Yes,No,DSL,No,No,Yes,No,No,Yes,Two year,Yes,Bank transfer (automatic),62.06,916.59,No
5929-16952,Female,0,Yes,No,40,Yes,No,Fiber optic,Yes,Yes,No,Yes,Yes,Yes,Month-to-month,No,Bank transfer (automatic),109.86,4435.55,No
3237-72786,Male,0,Yes,No,66,Yes,No,Fiber optic,No,No,No,No,No,Yes,Month-to-month,Yes,Bank transfer (automatic),96.87,6536.93,Yes
8730-91224,Female,0,Yes,No,53,Yes,No,No,No internet service,No internet service,No internet service,No internet service,No internet service,No internet service,Month-to-month,No,Credit card (automatic),23.14,1246.25,No
5718-72065,Male,0,No,No,49,Yes,No,No,No internet service,No internet service,No internet service,No internet service,No internet service,No internet service,Two year,Yes,Mailed check,25.22,1270.96,No
7500-86880,Female,1,Yes,Yes,61,Yes,Yes,DSL,No,No,No,No,Yes,No,Month-to-month,Yes,Bank transfer (automatic),66.77,4108.82,No
8154-66984,Female,1,No,No,28,Yes,No,DSL,Yes,No,No,No,Yes,No,Two year,Yes,Bank transfer (automatic),58.55,1618.65,No
8181-11609,Male,0,No,No,16,Yes,No,DSL,No,Yes,No,No,No,No,Month-to-month,Yes,Mailed check,48.59,795.45,Yes
1115-55910,Male,1,Yes,Yes,41,Yes,No,No,No internet service,No internet service,No internet service,No internet service,No internet service,No internet service,Month-to-month,No,Bank transfer (automatic),28.53,1190.11,No
9412-41079,Female,1,Yes,No,26,Yes,No,DSL,No,Yes,Yes,No,Yes,No,Month-to-month,No,Credit card (automatic),64.63,1654.58,No
4323-96342,Male,0,Yes,No,25,No,No phone service,Fiber optic,No,No,Yes,No,Yes,No,Month-to-month,Yes,Electronic check,98.05,2533.76,Yes
4703-79578,Male,0,No,Yes,5,Yes,No,DSL,Yes,No,No,No,Yes,No,Month-to-month,No,Electronic check,74.95,379.2,Yes
2670-90530,Male,0,Yes,Yes,34,No,No phone service,Fiber optic,No,No,Yes,No,Yes,No,Two year,Yes,Mailed check,100.48,3280.71,No
3727-70302,Female,0,Yes,No,33,Yes,No,DSL,No,No,No,No,Yes,No,Month-to-month,No,Bank transfer (automatic),52.5,1670.17,No
5916-37889,Female,0,No,No,70,Yes,Yes,Fiber optic,No,Yes,No,No,No,Yes,Month-to-month,Yes,Bank transfer (automatic),97.91,7085.74,No
6602-93417,Female,1,No,Yes,9,Yes,Yes,Fiber optic,No,No,No,No,No,No,One year,Yes,Credit card (automatic),111.1,1039.29,Yes
7881-87761,Male,0,Yes,No,25,Yes,Yes,No,No internet service,No internet service,No internet service,No internet service,No internet service,No internet service,Month-to-month,Yes,Credit card (automatic),33.64,812.38,No
7913-40508,Male,0,No,Yes,15,Yes,No,No,No internet service,No internet service,No internet service,No internet service,No internet service,No internet service,One year,No,Credit card (automatic),21.55,320.63,No
4687-93055,Female,0,No,No,40,Yes,Yes,Fiber optic,No,No,No,No,No,No,Two year,No,Bank transfer (automatic),89.47,3477.78,No
6716-40854,Female,0,No,Yes,57,Yes,Yes,DSL,No,No,No,No,No,No,Two year,No,Electronic check,46.09,2649.77,No
6295-71312,Female,0,Yes,No,56,Yes,No,DSL,No,No,Yes,No,No,No,One year,Yes,Electronic check,74.87,4134.39,No
4839-69291,Female,0,No,No,7,Yes,No,DSL,No,Yes,No,Yes,Yes,No,Month-to-month,Yes,Credit card (automatic),61.62,429.34,No
7854-31259,Female,0,Yes,No,33,Yes,No,Fiber optic,No,Yes,Yes,No,No,Yes,Month-to-month,Yes,Bank transfer (automatic),96.31,3069.34,Yes
1472-99214,Male,0,Yes,Yes,31,No,No phone service,DSL,No,No,Yes,No,Yes,No,Month-to-month,Yes,Electronic check,65.04,1945.08,Yes
9362-78267,Male,0,Yes,No,43,Yes,Yes,DSL,No,No,Yes,No,No,Yes,Month-to-month,Yes,Bank transfer (automatic),61.28,2577.14,No
4265-89568,Female,0,No,No,47,Yes,No,DSL,No,Yes,Yes,No,No,Yes,Month-to-month,No,Mailed check,73.81,3331.5,No
5173-43324,Female,0,No,Yes,12,No,No phone service,DSL,Yes,No,No,No,No,No,Month-to-month,Yes,Credit card (automatic),60.41,740.77,No
7779-96315,Female,0,No,No,33,Yes,Yes,Fiber optic,No,Yes,No,No,No,No,Two year,Yes,Mailed check,85.0,2893.21,No
8867-49445,Female,0,No,No,47,Yes,No,Fiber optic,Yes,No,No,Yes,No,Yes,Two year,Yes,Bank transfer (automatic),113.67,5194.58,No
3462-40393,Male,0,Yes,No,32,Yes,Yes,DSL,No,Yes,No,No,Yes,No,Month-to-month,Yes,Bank transfer (automatic),66.99,2205.21,Yes
5596-39276,Male,0,Yes,No,42,Yes,No,No,No internet service,No internet service,No internet service,No internet service,No internet service,No internet service,Two year,Yes,Bank transfer (automatic),26.25,1096.26,No
5022-61582,Female,0,No,No,15,No,No phone service,Fiber optic,No,Yes,No,Yes,No,Yes,Two year,No,Credit card (automatic),106.42,1647.82,No
1538-77449,Female,1,Yes,No,55,Yes,No,DSL,No,No,No,No,No,No,Month-to-month,Yes,Bank transfer (automatic),40.1,2269.47,No
8640-86253,Male,1,Yes,No,54,Yes,No,No,No internet service,No internet service,No internet service,No internet service,No internet service,No internet service,Two year,No,Credit card (automatic),26.52,1406.33,No
2838-62145,Male,0,No,Yes,44,Yes,No,Fiber optic,No,No,No,No,Yes,Yes,Two year,Yes,Credit card (automatic),104.32,4523.9,No
1819-33127,Female,0,Yes,No,44,Yes,No,Fiber optic,No,Yes,No,No,No,No,One year,Yes,Credit card (automatic),102.6,4432.5,No
8106-12627,Female,0,Yes,Yes,25,Yes,Yes,Fiber optic,No,Yes,No,No,Yes,Yes,Two year,Yes,Electronic check,86.11,2210.0,No
5469-90836,Female,1,No,No,33,Yes,Yes,Fiber optic,No,Yes,Yes,No,Yes,Yes,Month-to-month,Yes,Bank transfer (automatic),96.05,3062.5,No
8092-16378,Male,0,No,Yes,37,Yes,No,No,No internet service,No internet service,No internet service,No internet service,No internet service,No internet service,One year,No,Credit card (automatic),21.47,820.13,No
5685-35260,Female,0,No,No,21,Yes,Yes,DSL,No,No,No,No,No,No,One year,No,Bank transfer (automatic),58.75,1224.36,No
1242-20233,Female,0,Yes,No,29,Yes,Yes,DSL,Yes,No,No,No,No,Yes,One year,Yes,Bank transfer (automatic),70.42,2058.16,No
3966-48882,Female,0,No,No,45,Yes,No,Fiber optic,No,Yes,No,No,Yes,Yes,Month-to-month,Yes,Credit card (automatic),103.64,4656.23,Yes
8717-94970,Female,0,No,Yes,12,Yes,Yes,No,No internet service,No internet service,No internet service,No internet service,No internet service,No internet service,One year,No,Credit card (automatic),33.98,419.5,No
9655-88085,Male,0,Yes,No,57,Yes,No,Fiber optic,No,No,Yes,No,Yes,No,Two year,Yes,Credit card (automatic),100.62,5541.28,No
2352-52383,Male,0,No,No,18,Yes,No,No,No internet service,No internet service,No internet service,No internet service,No internet service,No internet service,Two year,Yes,Bank transfer (automatic),23.0,414.25,No
3563-78596,Male,0,No,No,7,Yes,No,DSL,No,No,Yes,No,Yes,No,Month-to-month,Yes,Electronic check,71.36,508.53,Yes
2834-30403,Female,0,No,No,20,Yes,Yes,No,No internet service,No internet service,No internet service,No internet service,No internet service,No internet service,Month-to-month,No,Credit card (automatic),34.33,692.36,No
4401-90002,Male,0,Yes,Yes,69,Yes,No,DSL,No,Yes,No,No,No,Yes,Month-to-month,Yes,Bank transfer (automatic),54.42,3777.34,Yes
9655-20712,Male,0,No,No,49,Yes,No,DSL,Yes,Yes,No,No,Yes,No,One year,No,Credit card (automatic),69.81,3355.75,No
1161-69624,Male,1,Yes,No,48,Yes,No,Fiber optic,Yes,No,No,No,Yes,Yes,Month-to-month,Yes,Credit card (automatic),101.69,4828.45,No
2915-13906,Female,0,Yes,No,28,Yes,Yes,DSL,No,No,No,No,Yes,No,Two year,No,Credit card (automatic),63.53,1840.37,No
6023-47289,Female,1,Yes,Yes,31,Yes,No,DSL,No,Yes,Yes,No,No,Yes,One year,Yes,Credit card (automatic),62.98,1917.62,Yes
8669-33901,Female,0,Yes,Yes,25,Yes,No,Fiber optic,No,No,Yes,No,No,Yes,Month-to-month,No,Credit card (automatic),78.66,1942.87,No
8191-68715,Female,1,Yes,Yes,48,Yes,No,Fiber optic,No,No,Yes,No,No,No,One year,No,Credit card (automatic),108.01,5023.19,Yes
1355-98948,Male,0,No,No,44,Yes,Yes,No,No internet service,No internet service,No internet service,No internet service,No internet service,No internet service,Month-to-month,No,Bank transfer (automatic),24.3,1093.75,No
4386-42068,Male,0,No,No,48,Yes,Yes,No,No internet service,No internet service,No internet service,No internet service,No internet service,No internet service,Month-to-month,Yes,Bank transfer (automatic),30.55,1415.2,No
2958-91943,Male,0,Yes,No,2,No,No phone service,No,No internet service,No internet service,No internet service,No internet service,No internet service,No internet service,Month-to-month,Yes,Bank transfer (automatic),21.3,42.55,No
9077-64925,Female,1,No,Yes,53,Yes,No,Fiber optic,No,No,No,No,Yes,Yes,One year,Yes,Mailed check,92.73,5002.84,Yes
7321-88979,Female,1,No,Yes,26,Yes,Yes,DSL,Yes,No,No,No,No,No,Two year,No,Bank transfer (automatic),60.16,1519.29,No
5101-43189,Male,0,Yes,No,26,Yes,No,No,No internet service,No internet service,No internet service,No internet service,No internet service,No internet service,Month-to-month,Yes,Credit card (automatic),22.64,589.88,No
4073-56361,Male,0,No,Yes,51,Yes,No,Fiber optic,Yes,No,No,No,No,No,Two year,No,Electronic check,74.22,3766.89,No
6955-17180,Male,0,No,No,2,Yes,Yes,Fiber optic,No,No,No,No,Yes,Yes,Month-to-month,No,Electronic check,85.32,172.08,Yes
3344-30428,Female,0,No,No,27,Yes,Yes,Fiber optic,No,No,Yes,No,Yes,No,Month-to-month,No,Credit card (automatic),108.98,2926.2,Yes
1428-19646,Male,0,No,No,6,Yes,Yes,Fiber optic,Yes,No,Yes,No,No,Yes,One year,Yes,Credit card (automatic),93.97,580.45,Yes
4569-60255,Female,0,No,Yes,72,Yes,Yes,DSL,No,No,Yes,Yes,Yes,No,Two year,Yes,Bank transfer (automatic),86.97,6152.02,No
6998-30428,Male,0,No,Yes,63,Yes,No,DSL,No,No,No,No,Yes,No,Two year,Yes,Mailed check,53.32,3401.84,Yes
6839-85578,Female,0,Yes,No,52,Yes,Yes,DSL,No,Yes,No,No,No,Yes,One year,Yes,Credit card (automatic),62.59,3152.12,No
6718-57312,Female,1,Yes,Yes,35,Yes,Yes,DSL,No,No,No,No,No,Yes,Month-to-month,Yes,Credit card (automatic),73.28,2643.87,No
3610-44800,Male,0,No,No,49,Yes,Yes,Fiber optic,No,No,Yes,No,Yes,No,Month-to-month,Yes,Electronic check,94.41,4755.95,Yes
4528-15035,Female,0,Yes,No,39,Yes,No,No,No internet service,No internet service,No internet service,No internet service,No internet service,No internet service,Month-to-month,Yes,Mailed check,28.59,1122.09,No
9637-51680,Female,0,Yes,No,20,Yes,No,No,No internet service,No internet service,No internet service,No internet service,No internet service,No internet service,Two year,Yes,Credit card (automatic),20.76,410.15,No
3744-49929,Female,0,Yes,Yes,19,Yes,No,DSL,Yes,No,Yes,No,No,No,One year,No,Bank transfer (automatic),71.55,1405.29,No
3029-19963,Female,0,No,No,5,Yes,Yes,DSL,Yes,Yes,No,No,No,No,Month-to-month,No,Credit card (automatic),80.26,406.62,Yes
4599-88399,Male,0,No,No,12,Yes,No,No,No internet service,No internet service,No internet service,No internet service,No internet service,No internet service,Month-to-month,Yes,Electronic check,28.42,347.44,No
2237-18399,Male,0,Yes,Yes,8,Yes,No,Fiber optic,Yes,No,No,Yes,No,Yes,Month-to-month,Yes,Credit card (automatic),84.23,689.66,Yes
6856-24122,Female,0,Yes,No,20,Yes,Yes,Fiber optic,No,Yes,No,No,Yes,Yes,One year,No,Bank transfer (automatic),100.95,2004.85,No
4321-48047,Male,0,Yes,No,38,Yes,No,No,No internet service,No internet service,No internet service,No internet service,No internet service,No internet service,Month-to-month,Yes,Mailed check,29.66,1121.43,No
4301-88805,Male,0,Yes,Yes,15,Yes,Yes,No,No internet service,No internet service,No internet service,No internet service,No internet service,No internet service,Two year,No,Credit card (automatic),27.19,391.75,No
1085-25434,Male,0,No,No,19,Yes,No,DSL,No,No,No,No,No,No,Month-to-month,Yes,Credit card (automatic),56.63,1096.78,No
2128-68613,Male,0,Yes,Yes,60,Yes,No,Fiber optic,No,No,Yes,Yes,Yes,No,Two year,Yes,Mailed check,95.67,5772.72,No
4747-26317,Male,0,No,Yes,26,Yes,Yes,Fiber optic,Yes,No,No,No,Yes,No,Month-to-month,No,Bank transfer (automatic),112.6,3025.14,Yes
2762-47340,Male,0,Yes,Yes,7,Yes,No,No,No internet service,No internet service,No internet service,No internet service,No internet service,No internet service,Month-to-month,Yes,Bank transfer (automatic),24.7,177.92,No
2947-62529,Female,0,Yes,No,22,Yes,No,Fiber optic,Yes,No,No,No,Yes,Yes,Month-to-month,Yes,Credit card (automatic),84.23,1804.67,Yes
2931-36395,Female,0,No,No,38,Yes,Yes,Fiber optic,No,No,No,No,Yes,No,Month-to-month,Yes,Bank transfer (automatic),115.02,4507.21,Yes
6903-27305,Male,0,Yes,No,47,Yes,No,Fiber optic,No,No,No,No,Yes,No,Two year,No,Mailed check,77.05,3618.35,No
1375-90985,Male,0,Yes,No,33,Yes,Yes,Fiber optic,No,Yes,No,No,Yes,No,Two year,Yes,Credit card (automatic),89.89,2948.28,No
9035-65063,Female,0,Yes,Yes,3,Yes,No,Fiber optic,No,No,Yes,Yes,No,No,Month-to-month,Yes,Credit card (automatic),88.32,256.99,No
5024-47050,Male,0,No,No,57,Yes,Yes,DSL,No,Yes,Yes,No,No,Yes,Month-to-month,Yes,Mailed check,70.79,3894.46,No
2171-36698,Male,0,Yes,No,10,Yes,No,No,No internet service,No internet service,No internet service,No internet service,No internet service,No internet service,Month-to-month,No,Electronic check,26.28,253.75,No
1771-98233,Male,0,No,No,28,Yes,Yes,Fiber optic,Yes,No,No,No,No,Yes,One year,Yes,Credit card (automatic),83.27,2324.94,No
5943-50308,Male,0,No,No,43,Yes,No,No,No internet service,No internet service,No internet service,No internet service,No internet service,No internet service,Month-to-month,Yes,Electronic check,23.95,1042.5,No
5045-59247,Male,0,No,No,40,Yes,No,Fiber optic,No,No,Yes,No,Yes,Yes,Month-to-month,Yes,Mailed check,106.85,4444.45,Yes
6973-99942,Male,0,No,No,22,No,No phone service,Fiber optic,No,No,No,No,No,No,Month-to-month,No,Credit card (automatic),83.0,1819.44,No
6708-97385,Female,0,No,No,66,Yes,No,Fiber optic,No,No,No,No,Yes,No,Two year,Yes,Electronic check,109.48,7107.26,Yes
8296-77765,Female,0,No,No,3,Yes,No,No,No internet service,No internet service,No internet service,No internet service,No internet service,No internet service,Month-to-month,Yes,Bank transfer (automatic),27.54,84.79,No
3162-31713,Male,0,Yes,Yes,18,Yes,No,DSL,No,No,Yes,No,No,No,One year,No,Mailed check,56.91,1003.57,No
8983-60343,Female,0,No,No,22,Yes,No,Fiber optic,No,No,No,No,Yes,No,Two year,No,Bank transfer (automatic),93.13,1978.14,Yes
7113-45101,Female,0,No,No,19,No,No phone service,No,No internet service,No internet service,No internet service,No internet service,No internet service,No internet service,Month-to-month,Yes,Mailed check,22.09,420.97,No
4021-69224,Male,0,Yes,No,31,Yes,Yes,DSL,Yes,No,Yes,Yes,Yes,Yes,Month-to-month,Yes,Credit card (automatic),72.39,2246.01,No
5483-60098,Male,0,No,No,16,Yes,Yes,Fiber optic,No,No,No,Yes,No,Yes,Month-to-month,Yes,Credit card (automatic),106.53,1762.99,Yes
3835-14025,Female,0,Yes,No,21,Yes,Yes,DSL,Yes,Yes,No,No,Yes,Yes,One year,No,Electronic check,87.05,1770.0,No
3004-17053,Male,0,No,Yes,31,Yes,Yes,Fiber optic,No,Yes,No,No,Yes,Yes,Month-to-month,Yes,Credit card (automatic),107.47,3388.97,Yes
8291-39625,Male,1,Yes,Yes,41,Yes,Yes,No,No internet service,No internet service,No internet service,No internet service,No internet service,No internet service,Month-to-month,Yes,Credit card (automatic),32.06,1333.12,No
8713-43844,Male,0,Yes,No,53,Yes,No,DSL,Yes,No,Yes,No,Yes,No,Month-to-month,Yes,Bank transfer (automatic),69.52,3581.34,No
9212-15010,Male,0,Yes,No,42,Yes,Yes,DSL,Yes,Yes,No,Yes,No,No,One year,Yes,Electronic check,71.82,3002.58,No
1252-13136,Male,0,Yes,No,20,No,No phone service,DSL,No,No,Yes,Yes,Yes,No,One year,No,Bank transfer (automatic),77.91,1597.22,No
8888-85856,Male,0,Yes,No,19,No,No phone service,Fiber optic,No,Yes,No,No,Yes,No,Month-to-month,No,Bank transfer (automatic),106.38,2078.69,Yes
6553-25788,Male,0,Yes,No,19,Yes,Yes,DSL,No,No,No,No,No,No,Two year,Yes,Credit card (automatic),73.05,1335.5,No
8576-73750,Female,0,No,Yes,49,Yes,No,Fiber optic,No,No,No,No,Yes,Yes,Month-to-month,No,Bank transfer (automatic),84.53,4050.34,No
9822-78698,Male,1,Yes,Yes,70,Yes,No,Fiber optic,No,No,Yes,No,Yes,Yes,Month-to-month,Yes,Bank transfer (automatic),98.99,6820.39,No
8671-55397,Female,0,No,Yes,47,Yes,Yes,Fiber optic,No,Yes,No,No,No,Yes,Month-to-month,Yes,Credit card (automatic),119.0,5458.38,Yes
5422-11232,Female,0,No,No,37,Yes,Yes,No,No internet service,No internet service,No internet service,No internet service,No internet service,No internet service,One year,Yes,Electronic check,31.39,1166.12,No
8008-45587,Female,0,Yes,Yes,22,No,No phone service,Fiber optic,No,No,No,Yes,Yes,No,One year,Yes,Mailed check,100.94,2284.2,No
9591-69560,Female,0,Yes,No,30,Yes,No,DSL,No,Yes,No,No,Yes,No,Month-to-month,No,Bank transfer (automatic),78.01,2264.73,No
8187-80318,Male,0,Yes,No,27,Yes,No,No,No internet service,No internet service,No internet service,No internet service,No internet service,No internet service,Month-to-month,No,Mailed check,28.01,753.7,No
8558-84372,Male,0,Yes,No,33,Yes,No,Fiber optic,No,Yes,No,No,Yes,Yes,Month-to-month,Yes,Bank transfer (automatic),85.15,2838.95,Yes
7980-15516,Male,0,No,Yes,61,Yes,No,No,No internet service,No internet service,No internet service,No internet service,No internet service,No internet service,Month-to-month,Yes,Mailed check,24.38,1431.5,No
3758-47837,Female,0,No,No,22,Yes,Yes,No,No internet service,No internet service,No internet service,No internet service,No internet service,No internet service,Month-to-month,Yes,Mailed check,28.89,620.87,No
3971-61050,Female,0,No,No,71,Yes,Yes,DSL,No,No,Yes,Yes,No,Yes,Month-to-month,No,Credit card (automatic),82.04,5970.83,No
5555-90289,Female,0,Yes,No,68,Yes,No,DSL,No,Yes,No,Yes,No,Yes,Month-to-month,Yes,Bank transfer (automatic),73.52,5014.87,No
4144-79444,Male,0,No,No,23,Yes,Yes,Fiber optic,No,No,No,No,No,Yes,Month-to-month,No,Electronic check,106.77,2370.89,No
6238-76498,Male,0,Yes,No,5,Yes,No,DSL,No,No,No,Yes,No,No,Month-to-month,Yes,Credit card (automatic),45.97,224.11,No
5435-30995,Female,1,No,No,1,No,No phone service,Fiber optic,No,No,Yes,Yes,Yes,No,Month-to-month,No,Credit card (automatic),104.34,100.23,Yes
4664-53966,Female,0,No,No,20,Yes,No,No,No internet service,No internet service,No internet service,No internet service,No internet service,No internet service,One year,Yes,Electronic check,22.52,436.19,No
2402-77303,Female,0,Yes,Yes,56,Yes,Yes,Fiber optic,No,No,No,Yes,Yes,Yes,Month-to-month,Yes,Credit card (automatic),110.09,6205.34,No
1600-65268,Male,1,No,No,9,Yes,No,DSL,No,Yes,Yes,Yes,Yes,No,One year,Yes,Credit card (automatic),87.12,784.62,No
5278-49430,Male,0,No,No,1,Yes,No,DSL,No,Yes,No,No,No,No,Month-to-month,No,Bank transfer (automatic),49.11,47.3,No
7022-62439,Male,1,No,No,24,Yes,Yes,Fiber optic,Yes,Yes,No,No,No,Yes,Month-to-month,Yes,Credit card (automatic),112.35,2701.49,Yes
6147-35927,Female,0,Yes,No,16,No,No phone service,No,No internet service,No internet service,No internet service,No internet service,No internet service,No internet service,Month-to-month,No,Mailed check,19.11,306.78,No
7648-49178,Male,0,No,No,10,Yes,Yes,No,No internet service,No internet service,No internet service,No internet service,No internet service,No internet service,Month-to-month,No,Electronic check,24.96,248.87,No
3848-50478,Female,0,Yes,No,42,Yes,No,DSL,No,No,No,No,Yes,No,Two year,Yes,Electronic check,49.6,2124.37,No
7999-81703,Male,0,Yes,No,65,No,No phone service,DSL,No,No,Yes,Yes,Yes,Yes,Month-to-month,No,Credit card (automatic),67.13,4375.23,No
9398-36927,Male,0,No,Yes,21,Yes,No,No,No internet service,No internet service,No internet service,No internet service,No internet service,No internet service,Month-to-month,No,Credit card (automatic),19.48,418.2,No
8018-54386,Male,0,Yes,No,29,Yes,No,No,No internet service,No internet service,No internet service,No internet service,No internet service,No internet service,Month-to-month,No,Electronic check,27.41,813.01,No
4840-97180,Female,0,Yes,Yes,24,Yes,Yes,DSL,No,No,No,No,No,No,Month-to-month,Yes,Mailed check,55.92,1383.68,No
5505-31139,Female,0,No,Yes,28,Yes,No,DSL,No,No,No,No,No,No,Two year,Yes,Credit card (automatic),66.76,1903.97,No
3858-28309,Female,0,Yes,No,26,Yes,No,Fiber optic,No,Yes,No,Yes,No,No,Two year,Yes,Mailed check,92.71,2497.47,No
9683-65033,Female,0,No,Yes,46,Yes,Yes,DSL,Yes,No,Yes,No,No,No,Month-to-month,No,Bank transfer (automatic),58.83,2776.46,Yes
8759-63816,Male,0,No,Yes,18,Yes,Yes,Fiber optic,No,No,No,No,Yes,No,Month-to-month,No,Electronic check,98.87,1800.06,Yes
8523-62550,Male,1,Yes,No,19,Yes,No,DSL,No,No,Yes,Yes,No,No,Month-to-month,No,Mailed check,72.97,1337.15,No
3973-64557,Female,0,No,No,20,Yes,Yes,No,No internet service,No internet service,No internet service,No internet service,No internet service,No internet service,Month-to-month,Yes,Electronic check,30.78,625.32,No
1689-55506,Male,0,No,No,2,Yes,Yes,DSL,Yes,No,No,No,Yes,Yes,Month-to-month,Yes,Credit card (automatic),77.37,158.24,Yes
4659-79235,Male,0,No,No,37,Yes,Yes,DSL,Yes,Yes,Yes,No,No,No,Month-to-month,Yes,Credit card (automatic),80.41,2946.37,Yes
1920-66934,Female,0,No,No,31,Yes,Yes,Fiber optic,No,No,Yes,No,Yes,Yes,Month-to-month,No,Bank transfer (automatic),119.0,3824.14,No
9600-17880,Female,0,No,No,19,Yes,No,DSL,No,No,No,No,No,No,Month-to-month,No,Electronic check,64.41,1238.21,Yes
9534-86294,Male,1,No,Yes,17,Yes,Yes,Fiber optic,No,Yes,No,No,No,Yes,Month-to-month,No,Bank transfer (automatic),113.31,1981.82,Yes
8450-70552,Female,0,Yes,Yes,52,Yes,Yes,DSL,Yes,No,No,No,Yes,Yes,One year,Yes,Credit card (automatic),65.32,3529.63,No
9841-46926,Female,0,Yes,Yes,50,Yes,No,DSL,No,Yes,No,No,Yes,No,Two year,Yes,Electronic check,50.52,2523.63,No
1219-65079,Female,1,No,No,25,Yes,Yes,No,No internet service,No internet service,No internet service,No internet service,No internet service,No internet service,Month-to-month,No,Bank transfer (automatic),23.97,614.42,No
3534-65152,Female,0,No,Yes,30,Yes,Yes,Fiber optic,No,No,No,No,Yes,Yes,Two year,No,Credit card (automatic),88.55,2720.69,No
5802-22155,Male,0,No,No,45,Yes,No,Fiber optic,No,Yes,No,No,Yes,Yes,Month-to-month,Yes,Bank transfer (automatic),116.92,5346.21,Yes
4216-78246,Male,0,Yes,No,19,Yes,No,DSL,Yes,No,No,No,No,Yes,Month-to-month,No,Bank transfer (automatic),64.99,1185.7,Yes
9740-73480,Female,0,No,No,8,No,No phone service,No,No internet service,No internet service,No internet service,No internet service,No internet service,No internet service,One year,Yes,Mailed check,24.14,193.5,No
7619-84683,Male,0,Yes,No,33,Yes,Yes,No,No internet service,No internet service,No internet service,No internet service,No internet service,No internet service,Month-to-month,Yes,Mailed check,29.89,1006.11,No
3082-59541,Male,0,Yes,No,47,Yes,No,Fiber optic,No,Yes,No,No,Yes,Yes,Two year,Yes,Credit card (automatic),89.14,4145.51,No
2454-28455,Female,0,No,No,46,Yes,No,Fiber optic,No,No,No,No,Yes,Yes,Two year,Yes,Mailed check,105.57,4846.82,No
3221-89497,Male,0,Yes,Yes,6,Yes,No,No,No internet service,No internet service,No internet service,No internet service,No internet service,No internet service,Month-to-month,Yes,Credit card (automatic),27.18,164.34,No
9326-36476,Female,0,No,No,16,Yes,No,No,No internet service,No internet service,No internet service,No internet service,No internet service,No internet service,Month-to-month,Yes,Mailed check,26.44,424.15,No
2810-44032,Male,0,Yes,Yes,37,Yes,Yes,No,No internet service,No internet service,No internet service,No internet service,No internet service,No internet service,Month-to-month,No,Credit card (automatic),26.41,962.14,No
1849-99155,Male,1,No,Yes,60,Yes,No,Fiber optic,No,No,No,No,Yes,Yes,Two year,Yes,Credit card (automatic),93.45,5731.16,No
3634-29016,Female,0,No,Yes,36,Yes,No,Fiber optic,No,No,No,No,No,No,Month-to-month,Yes,Credit card (automatic),75.4,2744.35,No
8541-43631,Female,1,Yes,No,34,Yes,Yes,No,No internet service,No internet service,No internet service,No internet service,No internet service,No internet service,One year,Yes,Mailed check,27.21,939.94,No
2597-36763,Male,0,No,Yes,40,Yes,No,Fiber optic,No,No,No,No,No,No,Month-to-month,No,Electronic check,94.77,3711.92,Yes
5053-92511,Male,0,No,No,16,No,No phone service,Fiber optic,No,No,No,No,Yes,No,One year,Yes,Mailed check,94.34,1542.73,No
7417-61484,Male,0,Yes,No,60,Yes,No,DSL,No,Yes,No,No,No,No,Month-to-month,Yes,Electronic check,58.12,3365.09,No
6323-17529,Male,0,No,No,71,No,No phone service,DSL,Yes,Yes,Yes,No,Yes,Yes,Two year,Yes,Mailed check,70.52,4942.14,No
6218-31960,Female,0,No,No,60,Yes,Yes,DSL,No,No,No,No,No,No,One year,Yes,Credit card (automatic),69.71,4260.86,No
1611-53738,Male,1,Yes,No,45,Yes,No,DSL,No,No,No,Yes,No,Yes,Month-to-month,Yes,Electronic check,58.61,2645.46,No
7585-88322,Male,0,No,No,41,Yes,Yes,Fiber optic,No,No,Yes,No,No,Yes,Month-to-month,No,Mailed check,102.8,4219.81,Yes
6307-83477,Male,0,Yes,Yes,60,Yes,Yes,Fiber optic,No,Yes,No,No,Yes,No,Month-to-month,Yes,Electronic check,107.29,6215.56,No
1184-28435,Male,0,Yes,Yes,7,Yes,Yes,Fiber optic,No,No,No,No,Yes,No,Month-to-month,Yes,Credit card (automatic),102.81,741.08,Yes
3138-56712,Female,1,Yes,No,50,Yes,No,Fiber optic,No,No,No,No,Yes,No,Two year,Yes,Electronic check,86.02,4322.35,No
3461-56664,Male,0,No,No,61,Yes,No,No,No internet service,No internet service,No internet service,No internet service,No internet service,No internet service,Month-to-month,No,Credit card (automatic),29.26,1742.89,No
7226-92814,Female,0,No,No,29,No,No phone service,DSL,No,Yes,No,Yes,No,Yes,Two year,Yes,Credit card (automatic),71.52,2088.53,No
2160-74913,Male,0,Yes,Yes,18,Yes,No,No,No internet service,No internet service,No internet service,No internet service,No internet service,No internet service,Month-to-month,No,Credit card (automatic),21.58,399.08,No
2562-90977,Male,1,Yes,No,47,Yes,No,DSL,Yes,No,No,No,No,Yes,Two year,No,Electronic check,59.0,2765.08,No
7926-91024,Female,0,Yes,No,41,No,No phone service,DSL,No,No,Yes,No,No,No,Two year,No,Credit card (automatic),55.42,2183.29,No
1679-23106,Male,0,No,No,5,Yes,Yes,Fiber optic,No,Yes,No,No,Yes,Yes,One year,No,Mailed check,109.3,555.15,No
4586-97953,Male,0,Yes,Yes,39,Yes,Yes,No,No internet service,No internet service,No internet service,No internet service,No internet service,No internet service,Two year,Yes,Bank transfer (automatic),31.26,1219.93,No
4666-12921,Male,0,Yes,No,5,Yes,No,DSL,No,No,Yes,Yes,No,Yes,Month-to-month,Yes,Mailed check,81.95,419.81,No
7168-60419,Male,0,Yes,No,26,Yes,No,DSL,No,No,Yes,No,No,Yes,One year,Yes,Mailed check,73.64,1964.25,No
2326-96662,Female,0,Yes,No,58,Yes,No,DSL,No,Yes,Yes,No,No,No,Month-to-month,Yes,Electronic check,75.82,4378.15,No
2148-78407,Female,0,No,Yes,30,Yes,Yes,Fiber optic,No,No,No,No,Yes,No,Month-to-month,No,Bank transfer (automatic),114.18,3294.12,Yes
8315-27826,Male,1,No,No,31,Yes,No,DSL,No,No,No,No,No,Yes,One year,Yes,Mailed check,46.19,1401.9,No
9688-12851,Female,1,Yes,No,33,Yes,Yes,DSL,No,No,No,No,No,No,Two year,Yes,Electronic check,63.84,2160.54,No
2513-89168,Female,1,No,No,16,Yes,No,Fiber optic,No,No,No,No,No,No,Two year,No,Bank transfer (automatic),90.68,1409.08,No
4935-73598,Female,1,Yes,No,60,Yes,No,Fiber optic,No,Yes,No,No,Yes,Yes,One year,No,Credit card (automatic),80.16,4911.09,No
7313-76994,Male,0,No,No,27,Yes,Yes,Fiber optic,No,No,No,Yes,Yes,No,Two year,Yes,Credit card (automatic),116.81,3147.8,No
9514-81187,Female,1,Yes,Yes,48,Yes,No,No,No internet service,No internet service,No internet service,No internet service,No internet service,No internet service,Two year,Yes,Credit card (automatic),22.47,1076.39,No
4016-20515,Male,1,Yes,Yes,16,Yes,Yes,No,No internet service,No internet service,No internet service,No internet service,No internet service,No internet service,Two year,Yes,Bank transfer (automatic),27.92,452.99,No
9083-35993,Female,0,No,No,37,Yes,No,DSL,Yes,No,Yes,No,No,No,Month-to-month,Yes,Bank transfer (automatic),71.78,2626.24,No
9840-41899,Female,0,Yes,No,11,No,No phone service,DSL,No,No,No,No,No,No,Month-to-month,Yes,Credit card (automatic),65.07,695.83,No
3174-33445,Male,0,No,No,12,No,No phone service,No,No internet service,No internet service,No internet service,No internet service,No internet service,No internet service,Month-to-month,Yes,Bank transfer (automatic),27.64,339.88,No
2246-96581,Male,0,Yes,No,21,Yes,Yes,Fiber optic,No,No,Yes,No,Yes,Yes,Two year,Yes,Credit card (automatic),119.0,2404.98,Yes
6669-34440,Female,0,Yes,Yes,10,Yes,Yes,Fiber optic,No,Yes,No,No,Yes,No,One year,No,Mailed check,109.72,1085.92,No
3135-78889,Male,0,No,Yes,46,Yes,Yes,Fiber optic,No,Yes,No,No,No,Yes,Two year,Yes,Credit card (automatic),116.66,5445.9,No
3808-70866,Female,0,Yes,No,72,Yes,Yes,No,No internet service,No internet service,No internet service,No internet service,No internet service,No internet service,Two year,No,Electronic check,26.99,1926.48,No
6795-17842,Female,0,Yes,No,50,Yes,Yes,No,No internet service,No internet service,No internet service,No internet service,No internet service,No internet service,One year,Yes,Bank transfer (automatic),23.48,1158.69,No
7226-24768,Male,0,No,Yes,22,Yes,Yes,DSL,No,No,No,Yes,Yes,No,Two year,No,Bank transfer (automatic),66.79,1523.39,No
4719-67519,Male,1,Yes,No,5,Yes,No,DSL,Yes,No,Yes,No,No,No,One year,Yes,Credit card (automatic),52.89,257.21,No
9019-59053,Male,0,No,No,18,Yes,Yes,Fiber optic,No,Yes,Yes,No,Yes,No,One year,No,Mailed check,115.43,2032.52,Yes
1585-68999,Male,0,Yes,Yes,68,Yes,No,DSL,Yes,No,No,No,Yes,No,Month-to-month,Yes,Electronic check,64.27,4314.29,Yes
7977-80416,Male,0,No,Yes,16,Yes,No,No,No internet service,No internet service,No internet service,No internet service,No internet service,No internet service,Two year,No,Electronic check,23.98,386.29,No
4308-31769,Male,1,No,No,33,Yes,No,DSL,Yes,Yes,No,No,No,No,Two year,Yes,Credit card (automatic),51.51,1750.43,No
1187-69842,Female,1,Yes,Yes,51,No,No phone service,Fiber optic,No,No,No,No,Yes,Yes,One year,Yes,Electronic check,97.94,5168.85,No
8057-50748,Male,0,No,Yes,6,Yes,Yes,No,No internet service,No internet service,No internet service,No internet service,No internet service,No internet service,Month-to-month,Yes,Credit card (automatic),30.54,190.48,No
4639-52397,Female,0,No,Yes,41,Yes,Yes,No,No internet service,No internet service,No internet service,No internet service,No internet service,No internet service,Month-to-month,No,Bank transfer (automatic),33.63,1430.37,No
1257-86487,Female,0,No,Yes,16,Yes,Yes,Fiber optic,No,No,No,No,No,Yes,Two year,Yes,Mailed check,97.32,1537.4,No
2302-29350,Female,0,Yes,No,66,Yes,No,Fiber optic,No,No,No,No,Yes,No,Two year,No,Electronic check,102.36,6502.92,No
2535-24046,Female,0,No,Yes,60,Yes,No,Fiber optic,No,Yes,Yes,No,No,Yes,Two year,Yes,Credit card (automatic),114.13,6619.02,No
1779-72372,Male,0,No,No,23,Yes,No,No,No internet service,No internet service,No internet service,No internet service,No internet service,No internet service,One year,No,Credit card (automatic),25.11,600.27,No
8532-73055,Female,0,No,No,36,Yes,No,DSL,No,Yes,No,Yes,Yes,Yes,One year,Yes,Credit card (automatic),60.44,2244.61,No
6298-72034,Male,0,No,Yes,29,Yes,No,Fiber optic,No,Yes,No,No,No,Yes,Month-to-month,Yes,Credit card (automatic),108.9,3138.24,No
5896-10316,Male,0,No,Yes,24,Yes,Yes,Fiber optic,No,No,No,No,No,No,One year,Yes,Electronic check,99.07,2454.15,No
2159-24857,Male,0,No,No,18,Yes,No,No,No internet service,No internet service,No internet service,No internet service,No internet service,No internet service,Month-to-month,Yes,Mailed check,28.3,502.23,No
3023-31690,Female,0,No,No,19,Yes,Yes,Fiber optic,No,No,No,No,No,Yes,Two year,Yes,Credit card (automatic),97.35,1877.14,No
5570-16387,Female,0,No,No,28,Yes,No,No,No internet service,No internet service,No internet service,No internet service,No internet service,No internet service,Month-to-month,Yes,Credit card (automatic),29.66,850.11,No
6498-27747,Female,0,No,No,18,No,No phone service,Fiber optic,Yes,Yes,No,No,No,No,Two year,No,Mailed check,112.72,2015.77,No
7355-31301,Female,0,Yes,No,8,Yes,No,DSL,No,Yes,Yes,No,No,No,Month-to-month,No,Bank transfer (automatic),73.32,592.97,Yes
7228-17527,Male,1,No,Yes,15,Yes,No,No,No internet service,No internet service,No internet service,No internet service,No internet service,No internet service,Month-to-month,Yes,Mailed check,23.42,363.34,No
9733-59846,Female,0,Yes,Yes,54,Yes,No,DSL,Yes,Yes,Yes,No,Yes,No,One year,Yes,Credit card (automatic),59.54,3313.82,No
2431-32044,Male,0,No,No,6,Yes,No,No,No internet service,No internet service,No internet service,No internet service,No internet service,No internet service,One year,No,Credit card (automatic),19.51,120.24,No
4077-73106,Female,0,No,Yes,44,Yes,No,Fiber optic,No,Yes,Yes,No,No,No,Two year,Yes,Credit card (automatic),103.5,4717.98,No
7323-31499,Male,0,No,No,60,Yes,Yes,Fiber optic,No,No,No,No,Yes,Yes,One year,Yes,Electronic check,94.61,5858.24,Yes
4132-86162,Female,1,Yes,Yes,15,Yes,No,No,No internet service,No internet service,No internet service,No internet service,No internet service,No internet service,One year,Yes,Mailed check,29.88,437.33,No
6257-51467,Male,0,No,No,39,Yes,Yes,No,No internet service,No internet service,No internet service,No internet service,No internet service,No internet service,Month-to-month,No,Bank transfer (automatic),27.78,1059.03,No
2049-10563,Female,0,Yes,No,36,Yes,Yes,No,No internet service,No internet service,No internet service,No internet service,No internet service,No internet service,Two year,No,Bank transfer (automatic),33.82,1175.55,No
2996-80972,Male,0,No,No,54,Yes,Yes,Fiber optic,No,Yes,No,No,Yes,Yes,Two year,No,Credit card (automatic),111.62,5790.65,No
2937-11785,Male,0,No,No,68,Yes,Yes,Fiber optic,No,No,No,Yes,No,No,Two year,No,Electronic check,106.73,7050.32,No
6847-91647,Female,1,No,Yes,64,No,No phone service,Fiber optic,No,No,No,No,Yes,Yes,Month-to-month,No,Bank transfer (automatic),116.63,7433.33,Yes
1742-10350,Male,0,Yes,Yes,36,Yes,Yes,Fiber optic,No,Yes,Yes,No,No,Yes,One year,Yes,Credit card (automatic),111.93,4051.58,Yes
1808-78050,Male,0,No,No,42,Yes,No,DSL,No,Yes,No,No,No,Yes,Month-to-month,No,Electronic check,55.73,2313.78,No
4892-46830,Male,0,Yes,Yes,32,No,No phone service,No,No internet service,No internet service,No internet service,No internet service,No internet service,No internet service,Two year,Yes,Mailed check,21.42,683.9,No
6162-30897,Male,0,No,No,31,Yes,Yes,Fiber optic,Yes,Yes,No,No,Yes,Yes,Month-to-month,No,Mailed check,119.0,3618.93,Yes
8220-68837,Male,0,No,No,16,Yes,No,DSL,No,No,No,No,No,No,Month-to-month,No,Mailed check,59.51,929.48,No
8005-24992,Female,1,No,No,64,Yes,No,No,No internet service,No internet service,No internet service,No internet service,No internet service,No internet service,Month-to-month,Yes,Mailed check,29.83,1938.63,No
2627-38419,Male,0,Yes,No,16,No,No phone service,Fiber optic,No,No,No,No,Yes,Yes,One year,No,Electronic check,80.1,1258.51,Yes
3929-37773,Male,0,Yes,No,48,Yes,Yes,No,No internet service,No internet service,No internet service,No internet service,No internet service,No internet service,One year,Yes,Electronic check,24.83,1145.28,No
6383-22033,Male,1,No,No,43,Yes,No,DSL,No,Yes,No,No,No,No,One year,No,Credit card (automatic),56.36,2372.76,Yes
2184-16978,Female,0,No,Yes,6,Yes,Yes,No,No internet service,No internet service,No internet service,No internet service,No internet service,No internet service,Month-to-month,Yes,Credit card (automatic),26.76,164.6,No
7265-71557,Female,0,Yes,No,60,Yes,No,Fiber optic,No,No,Yes,No,No,No,Two year,No,Electronic check,73.57,4398.43,No
1756-43369,Male,0,No,Yes,15,Yes,No,DSL,Yes,Yes,No,Yes,No,Yes,Month-to-month,Yes,Bank transfer (automatic),74.78,1129.04,No
2788-14343,Male,0,Yes,No,21,Yes,Yes,Fiber optic,No,Yes,Yes,No,Yes,Yes,Month-to-month,Yes,Credit card (automatic),103.14,2244.31,No
8352-97771,Male,0,Yes,Yes,32,Yes,No,Fiber optic,No,No,No,No,Yes,Yes,Two year,Yes,Mailed check,116.37,3575.39,No
1459-67083,Female,0,No,No,27,Yes,No,DSL,Yes,No,No,No,Yes,No,Month-to-month,Yes,Electronic check,64.09,1784.18,No
6825-22220,Female,0,No,No,10,Yes,Yes,Fiber optic,No,No,No,No,Yes,Yes,One year,Yes,Bank transfer (automatic),95.48,967.07,Yes
2288-94891,Female,1,No,Yes,33,No,No phone service,Fiber optic,No,No,Yes,Yes,Yes,No,Month-to-month,No,Credit card (automatic),110.35,3743.74,Yes
9952-30017,Male,0,Yes,No,15,Yes,Yes,Fiber optic,No,Yes,No,No,Yes,Yes,One year,No,Mailed check,119.0,1843.17,No
2365-74485,Female,0,No,Yes,20,Yes,No,DSL,No,No,No,Yes,No,No,Month-to-month,Yes,Bank transfer (automatic),53.02,1018.76,No
1377-23234,Male,1,No,No,47,Yes,No,DSL,No,Yes,No,No,No,No,Month-to-month,No,Electronic check,54.0,2466.4,No
1843-68513,Female,0,No,No,20,Yes,No,Fiber optic,Yes,No,No,No,No,No,Month-to-month,No,Electronic check,82.79,1609.88,No
3214-73915,Female,0,Yes,No,42,Yes,Yes,Fiber optic,No,No,No,No,No,No,One year,No,Credit card (automatic),82.87,3542.61,No
3245-79909,Male,0,No,No,31,Yes,No,DSL,Yes,No,Yes,Yes,No,No,Month-to-month,Yes,Mailed check,86.99,2758.55,No
3514-96490,Female,0,Yes,No,2,Yes,No,Fiber optic,No,Yes,Yes,Yes,Yes,Yes,Month-to-month,Yes,Mailed check,106.87,209.92,Yes
3237-83074,Female,0,No,Yes,7,Yes,Yes,DSL,No,No,No,No,Yes,No,Month-to-month,No,Credit card (automatic),63.24,445.75,Yes
1330-39406,Male,0,No,No,10,Yes,No,Fiber optic,No,No,No,No,No,Yes,Month-to-month,No,Bank transfer (automatic),88.35,897.84,Yes
2730-91048,Male,0,Yes,No,0,Yes,Yes,No,No internet service,No internet service,No internet service,No internet service,No internet service,No internet service,Month-to-month,No,Bank transfer (automatic),33.14,,No
9816-82501,Male,0,Yes,No,31,No,No phone service,DSL,No,No,Yes,No,No,Yes,One year,Yes,Bank transfer (automatic),75.1,2262.61,No
7913-16678,Female,0,No,No,43,Yes,Yes,Fiber optic,No,No,No,No,Yes,No,Month-to-month,Yes,Mailed check,116.49,5183.83,Yes
3145-66990,Male,0,No,No,31,Yes,No,DSL,No,No,No,No,No,Yes,Month-to-month,No,Bank transfer (automatic),57.34,1770.33,No
1262-95116,Male,0,Yes,Yes,33,Yes,No,Fiber optic,No,Yes,No,No,No,No,One year,No,Credit card (automatic),103.24,3284.66,No
1674-56276,Female,0,Yes,Yes,42,No,No phone service,No,No internet service,No internet service,No internet service,No internet service,No internet service,No internet service,Month-to-month,No,Bank transfer (automatic),23.02,941.69,No
4673-88458,Male,0,No,No,22,Yes,No,Fiber optic,No,Yes,Yes,No,No,No,One year,Yes,Credit card (automatic),115.89,2571.21,Yes
8836-44738,Male,0,Yes,Yes,41,Yes,No,No,No internet service,No internet service,No internet service,No internet service,No internet service,No internet service,One year,Yes,Credit card (automatic),19.94,813.45,No
9004-24308,Female,1,No,Yes,56,Yes,No,Fiber optic,No,No,No,No,Yes,No,One year,Yes,Mailed check,89.04,5097.64,No
3432-15786,Female,0,No,No,16,No,No phone service,DSL,No,Yes,Yes,Yes,No,Yes,Month-to-month,No,Bank transfer (automatic),83.16,1330.27,No
6032-35090,Female,0,Yes,No,5,No,No phone service,Fiber optic,No,Yes,No,No,Yes,No,Month-to-month,Yes,Bank transfer (automatic),104.27,534.66,Yes
2615-33056,Male,1,No,No,16,Yes,No,DSL,No,Yes,No,Yes,Yes,No,Month-to-month,Yes,Mailed check,75.43,1199.69,Yes
8965-66835,Male,1,No,No,0,Yes,Yes,Fiber optic,Yes,No,Yes,No,No,No,Month-to-month,Yes,Mailed check,88.7,,No
8836-11703,Male,0,No,No,26,Yes,No,DSL,Yes,Yes,No,Yes,No,No,Two year,Yes,Credit card (automatic),68.41,1806.97,No
4599-80909,Female,0,No,Yes,15,Yes,No,DSL,No,No,No,No,Yes,Yes,Month-to-month,No,Credit card (automatic),75.43,1120.02,Yes
4039-95283,Male,0,Yes,No,5,Yes,No,DSL,Yes,No,Yes,No,Yes,No,Month-to-month,Yes,Credit card (automatic),57.44,289.05,No
8037-96747,Male,0,Yes,No,7,Yes,No,Fiber optic,No,No,No,No,No,Yes,One year,Yes,Credit card (automatic),76.24,547.13,No
8393-82462,Female,0,No,No,42,Yes,Yes,No,No internet service,No internet service,No internet service,No internet service,No internet service,No internet service,One year,Yes,Credit card (automatic),29.02,1174.89,No
8842-88452,Female,0,Yes,No,71,Yes,Yes,Fiber optic,No,No,No,No,No,No,Two year,Yes,Electronic check,76.53,5282.55,No
1962-48850,Female,0,Yes,Yes,10,Yes,Yes,DSL,No,No,No,No,No,No,Month-to-month,No,Electronic check,50.6,490.2,No
7081-74968,Male,0,Yes,No,27,Yes,No,Fiber optic,No,No,No,No,Yes,Yes,Two year,Yes,Credit card (automatic),98.1,2752.3,No
3835-98179,Female,1,No,Yes,57,Yes,No,DSL,No,No,No,No,Yes,Yes,One year,Yes,Credit card (automatic),50.87,2883.13,No
3454-50686,Male,0,Yes,Yes,20,Yes,No,DSL,No,No,No,No,No,Yes,Two year,No,Credit card (automatic),46.41,922.21,No
2955-42301,Female,0,No,No,31,Yes,No,Fiber optic,No,No,No,Yes,Yes,No,Month-to-month,Yes,Credit card (automatic),83.45,2564.49,No
8213-98443,Male,0,No,Yes,48,Yes,Yes,Fiber optic,No,No,No,No,No,Yes,Month-to-month,No,Electronic check,97.15,4621.62,No
5111-35915,Female,0,Yes,Yes,11,Yes,No,DSL,Yes,Yes,No,No,No,No,Month-to-month,Yes,Electronic check,53.58,608.22,No
3542-46143,Male,0,No,No,48,Yes,Yes,Fiber optic,Yes,No,No,Yes,No,Yes,Two year,Yes,Mailed check,119.0,5690.05,No
3056-90653,Female,0,Yes,No,49,Yes,No,Fiber optic,No,No,No,No,Yes,No,Month-to-month,Yes,Mailed check,105.47,4995.34,Yes
1611-93328,Male,0,No,No,38,Yes,No,Fiber optic,No,No,No,No,No,No,Month-to-month,No,Electronic check,84.01,3194.36,Yes
4131-51023,Female,0,No,Yes,6,Yes,Yes,Fiber optic,No,No,No,No,No,No,Month-to-month,No,Mailed check,83.67,515.15,Yes
5210-48891,Male,0,No,No,48,Yes,No,DSL,Yes,No,No,No,No,Yes,Two year,Yes,Credit card (automatic),55.25,2674.41,No
9059-71555,Male,0,No,No,0,No,No phone service,DSL,No,No,Yes,Yes,No,Yes,Month-to-month,Yes,Bank transfer (automatic),72.19,,No
1067-98235,Male,0,No,No,5,Yes,No,Fiber optic,No,Yes,No,No,No,No,Month-to-month,Yes,Credit card (automatic),82.95,402.46,Yes
5016-75837,Female,0,No,No,14,No,No phone service,No,No internet service,No internet service,No internet service,No internet service,No internet service,No internet service,One year,Yes,Electronic check,26.2,361.01,No
5284-12453,Male,0,No,No,41,Yes,No,Fiber optic,No,No,No,No,Yes,Yes,Two year,Yes,Electronic check,101.91,4172.89,No
1023-57791,Male,0,Yes,Yes,17,Yes,No,DSL,No,Yes,Yes,No,No,Yes,Two year,No,Credit card (automatic),81.97,1444.38,No
2315-24935,Female,0,No,No,43,Yes,No,DSL,No,Yes,No,No,No,No,Month-to-month,No,Mailed check,73.16,3055.69,Yes
1307-51295,Male,0,No,No,33,Yes,No,Fiber optic,No,No,No,No,No,No,Month-to-month,No,Electronic check,80.25,2730.49,Yes
9618-18307,Male,0,Yes,No,44,Yes,No,No,No internet service,No internet service,No internet service,No internet service,No internet service,No internet service,Month-to-month,No,Electronic check,24.91,1101.02,No
5584-87969,Female,0,No,No,26,Yes,No,No,No internet service,No internet service,No internet service,No internet service,No internet service,No internet service,Month-to-month,No,Mailed check,26.52,685.18,No
8963-11592,Female,0,No,No,2,Yes,No,DSL,Yes,No,No,No,No,No,Month-to-month,Yes,Credit card (automatic),64.67,130.66,No
5590-29916,Female,0,No,No,49,Yes,Yes,Fiber optic,No,No,No,No,Yes,No,Month-to-month,No,Mailed check,112.8,5311.55,Yes
5065-14726,Female,0,Yes,Yes,43,Yes,No,Fiber optic,No,No,Yes,No,No,Yes,Month-to-month,No,Bank transfer (automatic),96.5,4116.36,No
3878-96696,Male,0,No,Yes,35,Yes,No,DSL,No,No,No,No,Yes,Yes,Month-to-month,No,Electronic check,74.96,2670.41,Yes
6041-84033,Male,0,No,No,26,Yes,No,Fiber optic,No,No,No,No,No,Yes,One year,No,Credit card (automatic),80.45,2059.88,No
7416-97911,Male,0,Yes,No,38,Yes,Yes,Fiber optic,No,No,No,No,No,Yes,Month-to-month,No,Mailed check,78.42,2945.26,No
3057-54441,Female,0,No,No,19,Yes,No,Fiber optic,No,No,No,No,No,No,Two year,Yes,Mailed check,76.27,1489.89,No
9719-31217,Female,0,No,No,58,Yes,Yes,Fiber optic,Yes,Yes,No,No,Yes,No,Two year,Yes,Bank transfer (automatic),94.7,5702.36,No
2180-35361,Male,0,Yes,Yes,13,Yes,Yes,Fiber optic,No,Yes,No,No,No,No,Month-to-month,Yes,Bank transfer (automatic),81.32,1066.8,Yes
9159-62415,Female,0,No,No,56,Yes,No,Fiber optic,No,No,No,No,Yes,Yes,Month-to-month,No,Credit card (automatic),98.93,5691.79,No
9143-11748,Male,1,Yes,No,21,Yes,Yes,Fiber optic,Yes,No,No,No,Yes,No,Two year,No,Bank transfer (automatic),88.48,1867.66,No
9606-87811,Male,0,No,No,28,Yes,No,DSL,Yes,No,No,Yes,No,No,Two year,Yes,Credit card (automatic),60.7,1729.96,No
8875-59621,Female,0,No,No,26,Yes,Yes,DSL,Yes,No,No,No,Yes,No,Month-to-month,Yes,Mailed check,59.8,1560.29,No
7735-70816,Female,0,No,No,14,Yes,Yes,Fiber optic,No,No,No,No,Yes,No,Month-to-month,Yes,Credit card (automatic),82.52,1163.36,Yes
7377-80529,Female,0,No,No,60,No,No phone service,No,No internet service,No internet service,No internet service,No internet service,No internet service,No internet service,Two year,Yes,Electronic check,22.18,1352.95,No
8793-53332,Female,0,Yes,No,35,Yes,No,DSL,Yes,No,No,No,No,Yes,One year,No,Electronic check,62.46,2138.64,No
8555-73520,Female,0,Yes,Yes,47,Yes,Yes,Fiber optic,No,Yes,No,No,No,No,One year,Yes,Credit card (automatic),76.22,3710.24,No
2576-59041,Female,0,No,Yes,49,Yes,No,Fiber optic,No,No,Yes,No,Yes,No,Month-to-month,Yes,Credit card (automatic),99.82,5045.01,No
6736-28821,Male,0,Yes,No,32,Yes,Yes,Fiber optic,No,Yes,No,No,Yes,Yes,Two year,Yes,Credit card (automatic),119.0,3910.26,No
2278-74099,Male,0,Yes,No,42,Yes,No,DSL,Yes,No,No,No,Yes,No,One year,Yes,Bank transfer (automatic),58.6,2437.31,No
3923-62040,Female,0,Yes,No,28,Yes,No,Fiber optic,No,No,No,No,No,Yes,Month-to-month,Yes,Mailed check,82.2,2392.22,Yes
6190-71570,Male,0,No,No,60,Yes,Yes,Fiber optic,No,Yes,No,No,Yes,Yes,One year,Yes,Electronic check,115.63,7053.96,No
8251-82334,Male,0,No,No,45,Yes,No,DSL,No,Yes,No,No,No,No,Month-to-month,No,Credit card (automatic),46.05,2005.72,No
9906-17547,Male,0,Yes,No,15,Yes,Yes,DSL,No,No,No,No,No,Yes,Month-to-month,No,Credit card (automatic),77.48,1143.69,No
6170-89309,Male,0,Yes,Yes,34,Yes,Yes,Fiber optic,No,No,No,No,Yes,No,One year,Yes,Mailed check,93.03,3133.02,Yes
1872-91046,Female,0,Yes,No,53,Yes,Yes,Fiber optic,Yes,Yes,No,No,No,Yes,One year,No,Credit card (automatic),106.41,5756.36,No
9703-17385,Male,1,Yes,Yes,33,Yes,No,No,No internet service,No internet service,No internet service,No internet service,No internet service,No internet service,Two year,Yes,Credit card (automatic),20.57,691.23,No
2952-37321,Male,0,Yes,No,32,Yes,Yes,Fiber optic,No,Yes,No,No,No,Yes,One year,Yes,Mailed check,88.27,2930.34,No
1422-86057,Female,0,No,No,24,Yes,Yes,DSL,No,No,No,Yes,No,Yes,Month-to-month,No,Mailed check,76.32,1832.86,No
9622-79322,Male,0,No,No,46,Yes,Yes,DSL,Yes,No,No,No,Yes,Yes,Month-to-month,No,Mailed check,83.62,3987.47,Yes
1471-76685,Male,0,Yes,No,8,Yes,No,DSL,No,No,No,No,Yes,Yes,Month-to-month,Yes,Electronic check,73.63,571.55,Yes
1084-32416,Male,0,No,No,27,Yes,Yes,Fiber optic,No,No,No,No,Yes,No,Month-to-month,No,Credit card (automatic),98.33,2745.65,No
5068-73898,Female,0,No,No,19,Yes,No,Fiber optic,No,Yes,No,No,No,Yes,One year,Yes,Credit card (automatic),116.49,2137.31,No
5924-88929,Male,0,Yes,Yes,39,Yes,Yes,Fiber optic,Yes,Yes,Yes,No,No,No,Month-to-month,Yes,Electronic check,119.0,4538.77,Yes
3042-26384,Female,0,Yes,Yes,39,Yes,Yes,DSL,No,No,No,No,No,Yes,Month-to-month,Yes,Mailed check,53.2,2128.5,Yes
3913-98531,Male,1,No,Yes,68,Yes,No,Fiber optic,No,No,No,Yes,Yes,No,Month-to-month,Yes,Credit card (automatic),79.83,5242.27,Yes
9820-93534,Female,0,Yes,Yes,30,Yes,No,DSL,No,No,No,Yes,Yes,No,Month-to-month,No,Bank transfer (automatic),80.58,2382.76,Yes
3656-99894,Male,0,No,Yes,58,Yes,No,DSL,No,No,Yes,No,No,Yes,Month-to-month,Yes,Electronic check,64.81,3630.81,Yes
7222-41922,Female,0,No,No,41,Yes,No,No,No internet service,No internet service,No internet service,No internet service,No internet service,No internet service,One year,No,Mailed check,27.27,1162.36,No
6512-32682,Male,0,No,No,14,Yes,No,No,No internet service,No internet service,No internet service,No internet service,No internet service,No internet service,Month-to-month,Yes,Credit card (automatic),28.45,400.62,No
2043-44958,Female,1,Yes,Yes,67,No,No phone service,Fiber optic,No,Yes,No,No,Yes,Yes,Two year,Yes,Mailed check,95.41,6555.83,No
3768-80936,Male,0,Yes,No,39,Yes,Yes,DSL,No,No,No,No,No,Yes,Month-to-month,No,Bank transfer (automatic),59.54,2395.12,Yes
4661-33934,Male,1,No,No,60,Yes,Yes,No,No internet service,No internet service,No internet service,No internet service,No internet service,No internet service,Two year,Yes,Mailed check,34.5,2121.23,No
6652-71929,Male,0,Yes,No,55,Yes,No,Fiber optic,No,No,No,No,Yes,Yes,Two year,Yes,Electronic check,117.18,6532.97,No
8979-97372,Male,0,Yes,No,23,Yes,No,DSL,No,Yes,Yes,No,No,No,Two year,No,Mailed check,64.77,1494.22,No
6504-61003,Male,0,No,No,29,Yes,No,Fiber optic,Yes,No,Yes,Yes,Yes,No,Two year,Yes,Electronic check,112.81,3252.09,No
5075-12793,Female,0,Yes,No,35,Yes,No,DSL,Yes,Yes,No,No,Yes,No,Month-to-month,No,Electronic check,56.55,2050.03,No
8255-32313,Male,1,No,No,48,Yes,No,DSL,No,Yes,No,No,No,Yes,Month-to-month,Yes,Bank transfer (automatic),53.26,2639.31,Yes
1147-98586,Male,0,No,No,25,Yes,No,Fiber optic,No,No,No,No,Yes,No,One year,Yes,Credit card (automatic),100.13,2464.86,No
8080-75429,Female,0,No,Yes,43,Yes,Yes,DSL,No,Yes,No,No,Yes,No,Month-to-month,Yes,Electronic check,74.68,3206.47,Yes
6234-15266,Male,0,Yes,No,40,Yes,Yes,Fiber optic,No,No,No,Yes,Yes,Yes,One year,Yes,Mailed check,104.43,4145.93,No
8295-69587,Male,0,No,Yes,39,Yes,Yes,Fiber optic,No,No,No,No,No,Yes,One year,Yes,Mailed check,111.0,4307.96,Yes
8480-63310,Male,0,No,No,46,Yes,No,No,No internet service,No internet service,No internet service,No internet service,No internet service,No internet service,Month-to-month,Yes,Mailed check,29.29,1396.9,No
1100-44172,Male,0,Yes,Yes,55,Yes,Yes,DSL,No,No,No,No,Yes,No,Month-to-month,Yes,Electronic check,54.66,3103.41,No
9056-66355,Male,0,No,No,5,Yes,No,DSL,No,No,No,Yes,No,Yes,One year,Yes,Credit card (automatic),68.05,341.95,No
8567-95692,Male,1,Yes,Yes,33,Yes,No,Fiber optic,Yes,No,No,No,Yes,Yes,One year,Yes,Bank transfer (automatic),86.29,2836.07,No
7361-50024,Male,0,Yes,No,48,Yes,No,Fiber optic,No,Yes,No,Yes,Yes,Yes,Two year,No,Bank transfer (automatic),106.85,4961.34,No
3956-77798,Female,0,No,No,1,Yes,No,Fiber optic,No,No,No,No,Yes,No,One year,Yes,Electronic check,89.99,88.78,No
1761-18132,Male,0,Yes,No,20,Yes,Yes,No,No internet service,No internet service,No internet service,No internet service,No internet service,No internet service,Month-to-month,Yes,Credit card (automatic),28.16,584.17,No
4378-58278,Female,1,Yes,No,17,Yes,No,Fiber optic,No,Yes,Yes,No,No,Yes,Month-to-month,No,Electronic check,84.38,1420.01,Yes
3193-78571,Female,1,No,No,55,Yes,No,No,No internet service,No internet service,No internet service,No internet service,No internet service,No internet service,Month-to-month,No,Credit card (automatic),29.47,1588.99,No
5920-51861,Male,0,Yes,No,47,Yes,Yes,Fiber optic,No,No,No,Yes,No,Yes,Month-to-month,Yes,Bank transfer (automatic),111.95,5443.88,Yes
5376-55756,Male,0,No,No,63,Yes,Yes,Fiber optic,No,No,No,No,Yes,No,Two year,Yes,Electronic check,94.62,5882.24,No
6352-44934,Female,0,Yes,No,25,Yes,No,No,No internet service,No internet service,No internet service,No internet service,No internet service,No internet service,One year,No,Electronic check,25.6,658.23,No
2410-60791,Female,0,No,No,42,No,No phone service,DSL,No,Yes,No,No,Yes,No,Two year,No,Bank transfer (automatic),52.71,2197.02,No
4919-51283,Male,0,No,No,49,No,No phone service,Fiber optic,No,No,No,No,Yes,No,Month-to-month,Yes,Bank transfer (automatic),75.73,3707.1,Yes
3242-48845,Female,0,Yes,No,16,Yes,Yes,Fiber optic,No,No,Yes,No,No,Yes,Month-to-month,No,Mailed check,87.53,1418.73,Yes
4368-27801,Female,0,No,No,18,Yes,No,Fiber optic,No,Yes,No,Yes,Yes,Yes,Month-to-month,No,Mailed check,119.0,2136.81,Yes
3525-67062,Male,0,Yes,No,72,Yes,Yes,Fiber optic,No,No,No,No,No,Yes,Month-to-month,Yes,Credit card (automatic),81.84,5833.36,No
4353-33666,Male,0,Yes,No,28,Yes,No,No,No internet service,No internet service,No internet service,No internet service,No internet service,No internet service,Month-to-month,Yes,Bank transfer (automatic),27.84,785.58,No
4776-15852,Female,0,Yes,No,8,Yes,Yes,DSL,No,Yes,Yes,No,No,No,Month-to-month,Yes,Mailed check,69.64,555.06,Yes
8193-68597,Male,0,Yes,No,27,No,No phone service,No,No internet service,No internet service,No internet service,No internet service,No internet service,No internet service,Month-to-month,Yes,Electronic check,28.54,750.14,No
4661-44987,Female,0,Yes,No,66,Yes,Yes,No,No internet service,No internet service,No internet service,No internet service,No internet service,No internet service,Month-to-month,Yes,Bank transfer (automatic),27.67,1890.27,No
2429-35617,Male,0,No,No,40,Yes,Yes,DSL,Yes,No,Yes,Yes,No,Yes,One year,Yes,Bank transfer (automatic),65.44,2548.04,No
9657-47723,Female,0,No,No,40,Yes,Yes,DSL,No,Yes,Yes,No,No,No,One year,Yes,Credit card (automatic),79.36,3144.61,No
7437-35569,Male,0,No,No,20,Yes,No,Fiber optic,No,No,No,Yes,Yes,No,Month-to-month,Yes,Electronic check,100.84,1973.86,No
5191-10639,Male,0,No,No,7,Yes,Yes,DSL,No,No,Yes,Yes,No,No,One year,No,Mailed check,58.77,415.26,No
9074-94065,Male,0,Yes,Yes,30,No,No phone service,Fiber optic,No,No,Yes,No,No,Yes,Month-to-month,No,Bank transfer (automatic),88.35,2736.64,Yes
2615-63852,Male,0,Yes,Yes,38,Yes,Yes,Fiber optic,Yes,No,No,No,No,Yes,Month-to-month,Yes,Electronic check,96.54,3572.43,No
4871-21800,Female,0,Yes,No,55,Yes,No,No,No internet service,No internet service,No internet service,No internet service,No internet service,No internet service,One year,Yes,Credit card (automatic),19.19,1016.28,No
8905-41598,Male,0,No,Yes,6,Yes,No,DSL,No,No,Yes,No,No,Yes,Month-to-month,Yes,Mailed check,59.78,346.43,Yes
7199-59718,Female,0,No,Yes,45,Yes,Yes,Fiber optic,No,No,No,No,No,Yes,One year,Yes,Mailed check,83.0,3737.73,No
1370-12772,Female,0,Yes,No,48,Yes,No,No,No internet service,No internet service,No internet service,No internet service,No internet service,No internet service,Month-to-month,Yes,Bank transfer (automatic),21.08,998.17,No
5921-61995,Male,0,Yes,Yes,3,Yes,Yes,Fiber optic,No,No,Yes,No,Yes,Yes,Month-to-month,Yes,Electronic check,95.56,295.74,Yes
1155-57714,Female,1,Yes,No,5,Yes,No,DSL,Yes,Yes,Yes,No,No,No,Month-to-month,Yes,Credit card (automatic),74.38,378.6,Yes
1083-60435,Female,0,No,Yes,53,Yes,No,DSL,No,No,No,Yes,No,Yes,Month-to-month,No,Credit card (automatic),73.04,3908.2,No
9731-15619,Female,0,Yes,Yes,0,Yes,Yes,Fiber optic,No,No,No,No,No,No,Month-to-month,No,Credit card (automatic),73.13,,Yes
9278-31601,Male,0,No,No,32,No,No phone service,DSL,No,Yes,Yes,No,Yes,No,Month-to-month,No,Mailed check,82.14,2628.97,No
5597-82770,Female,0,Yes,No,26,Yes,Yes,DSL,No,Yes,No,No,No,No,Month-to-month,Yes,Electronic check,54.8,1384.66,Yes
5610-85301,Female,0,Yes,No,18,Yes,No,Fiber optic,No,No,No,Yes,Yes,Yes,Month-to-month,Yes,Electronic check,102.7,1821.72,No
8435-45173,Female,1,Yes,No,19,No,No phone service,Fiber optic,No,No,No,No,Yes,No,One year,Yes,Electronic check,78.62,1461.57,No
3209-93270,Male,0,No,No,57,Yes,Yes,DSL,No,No,Yes,Yes,Yes,Yes,Two year,Yes,Bank transfer (automatic),84.31,4770.59,No
9373-56146,Female,0,No,No,31,Yes,Yes,Fiber optic,No,No,Yes,No,Yes,No,Two year,Yes,Credit card (automatic),101.12,3186.56,No
8534-35725,Male,0,Yes,No,27,Yes,No,Fiber optic,No,No,No,No,Yes,Yes,One year,No,Bank transfer (automatic),91.29,2461.76,No
8085-81292,Male,0,Yes,Yes,34,Yes,No,Fiber optic,No,Yes,No,No,Yes,Yes,Two year,Yes,Credit card (automatic),83.97,2945.06,No
7867-30862,Male,0,Yes,Yes,8,Yes,No,Fiber optic,No,Yes,Yes,Yes,No,No,One year,Yes,Electronic check,98.04,781.77,No
2274-10159,Female,0,Yes,No,22,Yes,No,DSL,No,Yes,No,Yes,No,Yes,One year,No,Mailed check,70.12,1546.71,No
3827-33367,Female,0,Yes,No,49,Yes,Yes,Fiber optic,No,Yes,No,No,Yes,Yes,Two year,No,Credit card (automatic),115.22,5790.6,Yes
3715-46998,Male,1,Yes,No,46,Yes,No,Fiber optic,No,No,Yes,No,No,Yes,Two year,Yes,Bank transfer (automatic),113.01,5203.09,Yes
1631-61106,Female,0,No,No,41,Yes,No,No,No internet service,No internet service,No internet service,No internet service,No internet service,No internet service,One year,No,Mailed check,25.59,1065.32,No
2746-51433,Male,0,No,No,19,Yes,No,Fiber optic,No,Yes,No,No,Yes,Yes,Two year,No,Mailed check,90.29,1648.93,No
7902-84839,Male,0,No,No,49,Yes,Yes,DSL,Yes,Yes,Yes,No,Yes,No,Month-to-month,No,Electronic check,71.91,3567.11,No
7572-69898,Female,0,No,No,35,Yes,Yes,DSL,No,Yes,No,No,No,Yes,Two year,Yes,Electronic check,66.92,2355.91,No
7411-56422,Female,0,No,No,13,Yes,Yes,Fiber optic,Yes,No,Yes,No,Yes,Yes,Month-to-month,Yes,Mailed check,111.78,1416.25,Yes
4461-68054,Female,0,No,Yes,43,Yes,No,No,No internet service,No internet service,No internet service,No internet service,No internet service,No internet service,Month-to-month,Yes,Mailed check,24.41,1082.29,No
4237-10651,Female,0,Yes,No,29,No,No phone service,Fiber optic,No,No,No,No,No,Yes,Month-to-month,Yes,Mailed check,98.24,2748.45,Yes
8515-51776,Male,1,Yes,No,53,Yes,Yes,Fiber optic,No,No,No,No,Yes,Yes,One year,No,Credit card (automatic),85.13,4643.65,No
4735-16627,Female,0,Yes,No,36,Yes,No,DSL,No,No,No,No,Yes,Yes,Month-to-month,Yes,Credit card (automatic),66.18,2417.67,No
6414-40713,Male,0,No,No,47,Yes,Yes,DSL,No,No,Yes,No,No,No,Month-to-month,Yes,Mailed check,54.11,2508.65,Yes
7866-77830,Female,0,Yes,No,12,Yes,Yes,Fiber optic,No,No,Yes,Yes,Yes,No,Month-to-month,Yes,Mailed check,114.99,1330.4,No
1556-54230,Male,1,Yes,Yes,36,Yes,No,DSL,No,No,No,No,No,Yes,One year,Yes,Mailed check,71.69,2658.34,No
9727-11512,Male,0,No,No,6,Yes,Yes,DSL,No,Yes,Yes,No,Yes,Yes,Month-to-month,No,Mailed check,90.36,537.09,No
1517-77729,Male,0,No,Yes,17,Yes,No,DSL,No,Yes,Yes,No,No,No,One year,Yes,Mailed check,69.67,1145.07,No
8073-36299,Female,0,No,Yes,55,Yes,No,No,No internet service,No internet service,No internet service,No internet service,No internet service,No internet service,One year,No,Credit card (automatic),25.49,1388.32,No
4811-20291,Male,1,No,No,64,Yes,Yes,DSL,No,No,Yes,Yes,No,No,Two year,Yes,Electronic check,62.2,4012.2,No
2395-47403,Female,0,No,Yes,33,Yes,No,DSL,No,No,No,No,No,No,One year,Yes,Mailed check,58.05,1904.18,No
8011-79027,Female,0,No,No,39,Yes,Yes,Fiber optic,No,Yes,No,No,Yes,Yes,Month-to-month,No,Electronic check,119.0,4536.91,Yes
4659-99349,Male,0,Yes,No,44,Yes,No,Fiber optic,No,Yes,No,No,Yes,Yes,Two year,No,Credit card (automatic),118.01,5105.68,Yes
1705-11728,Female,0,No,No,57,Yes,Yes,Fiber optic,Yes,Yes,No,No,No,Yes,Two year,No,Credit card (automatic),97.54,5724.83,No
3178-40903,Male,0,No,No,32,Yes,Yes,Fiber optic,No,No,No,No,No,No,Month-to-month,No,Bank transfer (automatic),78.59,2459.46,No
5369-77448,Male,1,Yes,No,9,Yes,Yes,Fiber optic,No,No,No,No,No,Yes,Month-to-month,Yes,Electronic check,98.74,862.42,Yes
2720-86946,Female,0,No,No,45,Yes,No,Fiber optic,No,No,No,No,Yes,No,Month-to-month,No,Credit card (automatic),106.65,4906.78,Yes
7860-14578,Male,0,No,Yes,62,Yes,Yes,No,No internet service,No internet service,No internet service,No internet service,No internet service,No internet service,Two year,No,Bank transfer (automatic),25.7,1549.85,No
6303-10176,Male,0,No,No,29,No,No phone service,DSL,No,No,Yes,No,No,Yes,Two year,No,Credit card (automatic),67.73,2037.86,No
8919-26444,Male,0,No,No,26,Yes,No,Fiber optic,No,No,No,No,Yes,Yes,Two year,Yes,Credit card (automatic),78.04,2085.81,No
3205-91803,Female,0,Yes,No,47,Yes,Yes,Fiber optic,No,No,No,No,No,Yes,Two year,No,Credit card (automatic),98.36,4453.1,No
5819-52659,Male,0,Yes,No,45,Yes,Yes,DSL,No,No,No,No,No,No,One year,Yes,Electronic check,51.23,2367.15,No
1479-18497,Male,0,Yes,No,38,Yes,Yes,Fiber optic,No,Yes,Yes,No,No,No,Month-to-month,Yes,Credit card (automatic),99.94,3755.23,Yes
3080-65448,Female,0,No,No,27,Yes,No,Fiber optic,No,No,No,Yes,No,Yes,Month-to-month,No,Mailed check,95.46,2655.57,Yes
5354-87334,Male,0,No,No,6,No,No phone service,DSL,No,Yes,No,No,Yes,Yes,Month-to-month,Yes,Electronic check,77.25,470.42,Yes
2526-92085,Female,1,No,Yes,48,Yes,No,Fiber optic,No,No,Yes,No,Yes,Yes,Month-to-month,No,Mailed check,110.57,5427.67,Yes
7392-38931,Male,0,No,No,26,Yes,No,Fiber optic,No,Yes,Yes,No,No,No,Month-to-month,Yes,Credit card (automatic),112.58,2931.04,Yes
3575-63501,Female,0,No,No,29,Yes,No,Fiber optic,No,No,No,No,Yes,Yes,Month-to-month,Yes,Bank transfer (automatic),95.97,2861.39,Yes
3111-26764,Female,1,Yes,No,41,Yes,Yes,DSL,Yes,Yes,Yes,No,Yes,Yes,Two year,No,Electronic check,81.37,3262.26,No
9373-46923,Male,0,Yes,No,37,Yes,No,Fiber optic,Yes,No,Yes,No,No,No,Month-to-month,No,Electronic check,86.06,3270.06,No
1700-14886,Male,0,Yes,No,67,Yes,Yes,Fiber optic,No,No,No,Yes,No,No,Two year,No,Bank transfer (automatic),88.63,5703.41,No
4930-47855,Female,0,No,No,23,Yes,No,Fiber optic,No,No,No,No,Yes,No,Two year,Yes,Mailed check,110.01,2505.31,Yes
3413-68123,Female,0,Yes,Yes,33,Yes,No,DSL,Yes,Yes,No,Yes,No,Yes,Month-to-month,Yes,Mailed check,85.68,2890.91,Yes
9604-66980,Male,0,No,Yes,41,Yes,Yes,DSL,No,No,Yes,No,No,No,Month-to-month,No,Electronic check,49.3,2090.28,No
9235-98306,Female,0,No,No,51,Yes,Yes,No,No internet service,No internet service,No internet service,No internet service,No internet service,No internet service,Month-to-month,No,Electronic check,27.02,1330.69,No
8596-58455,Male,1,Yes,No,37,Yes,Yes,DSL,No,No,Yes,No,Yes,No,Two year,No,Bank transfer (automatic),77.39,2832.46,No
7479-27321,Female,0,No,Yes,43,Yes,No,Fiber optic,No,No,No,No,No,Yes,One year,Yes,Bank transfer (automatic),90.96,3855.28,No
1053-55643,Female,0,No,No,18,No,No phone service,No,No internet service,No internet service,No internet service,No internet service,No internet service,No internet service,Month-to-month,Yes,Mailed check,29.95,535.12,No
3800-81956,Female,0,No,Yes,24,Yes,Yes,DSL,Yes,Yes,No,Yes,No,No,One year,Yes,Mailed check,82.03,1944.67,No
4762-17151,Female,0,Yes,No,14,Yes,No,Fiber optic,No,No,Yes,No,Yes,No,Two year,No,Electronic check,98.65,1413.88,No
4600-89138,Male,0,Yes,No,9,Yes,No,Fiber optic,No,No,No,No,No,Yes,Month-to-month,No,Credit card (automatic),75.11,684.57,No
1684-47528,Female,1,Yes,No,2,No,No phone service,Fiber optic,No,No,No,No,No,Yes,One year,Yes,Bank transfer (automatic),79.63,157.44,Yes
4628-11542,Female,0,No,No,22,Yes,No,No,No internet service,No internet service,No internet service,No internet service,No internet service,No internet service,Month-to-month,Yes,Electronic check,28.25,602.61,No
4095-15770,Female,0,No,Yes,36,Yes,No,Fiber optic,No,No,No,No,Yes,Yes,Month-to-month,No,Credit card (automatic),115.81,4125.36,Yes
1925-58886,Female,0,No,No,34,Yes,Yes,Fiber optic,Yes,No,No,Yes,Yes,Yes,Two year,No,Electronic check,119.0,3990.83,No
8803-11427,Female,0,No,No,13,Yes,Yes,Fiber optic,No,No,No,No,Yes,Yes,Month-to-month,No,Credit card (automatic),92.95,1203.88,Yes
7711-58803,Female,0,Yes,No,47,Yes,No,DSL,No,No,No,No,No,No,Two year,Yes,Credit card (automatic),47.43,2175.2,No
4277-65652,Female,0,No,Yes,38,Yes,Yes,DSL,No,No,Yes,No,No,No,One year,No,Bank transfer (automatic),64.17,2512.86,No
9286-92188,Female,0,Yes,Yes,30,Yes,No,No,No internet service,No internet service,No internet service,No internet service,No internet service,No internet service,Month-to-month,No,Credit card (automatic),20.0,579.79,No
4327-60039,Male,0,Yes,Yes,54,No,No phone service,DSL,Yes,Yes,No,Yes,Yes,No,One year,Yes,Bank transfer (automatic),84.16,4609.98,Yes
1781-98371,Male,1,No,No,46,Yes,No,DSL,No,No,Yes,No,Yes,Yes,Month-to-month,No,Credit card (automatic),74.05,3345.05,No
7788-59824,Male,0,No,Yes,6,Yes,Yes,DSL,No,Yes,Yes,No,Yes,No,Month-to-month,Yes,Electronic check,66.68,385.02,Yes
1118-84037,Male,0,No,No,12,Yes,No,No,No internet service,No internet service,No internet service,No internet service,No internet service,No internet service,Month-to-month,No,Bank transfer (automatic),26.72,333.23,No
7101-82894,Male,0,No,No,60,Yes,Yes,DSL,Yes,Yes,Yes,Yes,No,Yes,Two year,Yes,Mailed check,87.74,5376.91,No
7880-19898,Male,0,Yes,No,63,Yes,Yes,Fiber optic,No,No,No,No,No,No,Two year,Yes,Credit card (automatic),86.83,5384.89,No
3235-86978,Male,0,Yes,No,22,Yes,Yes,Fiber optic,No,No,No,Yes,No,No,Month-to-month,Yes,Mailed check,109.83,2423.81,Yes
4256-82097,Female,1,Yes,No,8,Yes,Yes,Fiber optic,No,No,No,No,Yes,No,Month-to-month,No,Electronic check,79.18,632.94,No
4476-15545,Male,0,No,No,12,Yes,Yes,DSL,Yes,Yes,No,No,Yes,No,Two year,No,Credit card (automatic),77.23,903.55,No
3294-24390,Female,0,No,No,52,Yes,Yes,Fiber optic,No,No,No,No,No,Yes,One year,No,Credit card (automatic),105.88,5344.44,No
6393-51935,Male,0,Yes,No,37,Yes,No,DSL,Yes,No,Yes,No,No,No,Month-to-month,No,Bank transfer (automatic),65.04,2410.93,No
9801-75908,Male,0,Yes,No,36,Yes,No,Fiber optic,No,Yes,Yes,No,Yes,Yes,Month-to-month,Yes,Electronic check,118.41,4178.75,No
8895-70900,Female,0,No,No,2,Yes,No,No,No internet service,No internet service,No internet service,No internet service,No internet service,No internet service,Month-to-month,No,Electronic check,26.83,52.47,No
2509-73551,Female,0,No,No,17,Yes,No,Fiber optic,No,No,No,No,No,No,Month-to-month,Yes,Credit card (automatic),71.24,1174.22,Yes
7857-42348,Female,0,Yes,No,20,Yes,No,Fiber optic,No,No,No,Yes,No,Yes,Month-to-month,No,Bank transfer (automatic),99.45,1964.05,Yes
1614-49964,Female,0,Yes,No,52,Yes,No,Fiber optic,Yes,No,No,No,Yes,No,One year,Yes,Electronic check,110.15,5743.96,No
6122-57138,Female,0,No,Yes,21,Yes,Yes,Fiber optic,No,Yes,No,No,Yes,Yes,One year,Yes,Credit card (automatic),110.81,2239.65,No
8825-39764,Female,0,No,Yes,35,Yes,Yes,No,No internet service,No internet service,No internet service,No internet service,No internet service,No internet service,Month-to-month,No,Bank transfer (automatic),25.31,904.88,No
4479-37610,Male,1,Yes,No,55,Yes,No,Fiber optic,No,No,Yes,Yes,No,Yes,One year,No,Bank transfer (automatic),83.64,4424.34,No
4226-35683,Female,0,Yes,No,7,Yes,Yes,Fiber optic,No,No,Yes,No,No,No,Month-to-month,No,Mailed check,111.95,813.44,Yes
7491-52943,Female,0,No,Yes,65,Yes,Yes,DSL,Yes,No,No,Yes,No,Yes,Two year,Yes,Bank transfer (automatic),73.55,4969.79,No
4727-23012,Male,0,No,No,39,Yes,Yes,Fiber optic,No,Yes,Yes,No,No,Yes,Month-to-month,Yes,Credit card (automatic),115.26,4525.45,Yes
9614-39805,Male,0,Yes,No,8,Yes,No,Fiber optic,No,No,Yes,No,No,Yes,Month-to-month,No,Credit card (automatic),105.26,833.07,No
6217-91910,Female,0,No,No,47,Yes,No,Fiber optic,No,No,No,No,Yes,Yes,Month-to-month,Yes,Mailed check,82.35,3816.5,Yes
4561-90007,Male,0,No,Yes,25,Yes,No,Fiber optic,No,Yes,No,No,No,Yes,Month-to-month,No,Bank transfer (automatic),115.08,2768.5,Yes
5340-23575,Female,0,Yes,No,1,Yes,No,DSL,Yes,No,No,No,No,No,One year,Yes,Mailed check,61.32,63.05,No
2584-23016,Male,0,Yes,Yes,19,Yes,Yes,No,No internet service,No internet service,No internet service,No internet service,No internet service,No internet service,One year,Yes,Bank transfer (automatic),26.56,499.55,No
1288-99941,Male,0,No,No,59,Yes,No,Fiber optic,No,No,No,Yes,Yes,Yes,Month-to-month,No,Bank transfer (automatic),89.99,5219.99,Yes
2108-64675,Male,0,No,Yes,1,Yes,No,Fiber optic,Yes,No,No,No,Yes,Yes,Month-to-month,Yes,Electronic check,94.35,97.58,Yes
7235-75637,Female,0,Yes,No,38,Yes,Yes,DSL,No,Yes,Yes,No,No,Yes,One year,No,Credit card (automatic),82.69,3052.26,Yes
9919-39142,Male,1,No,Yes,19,Yes,No,Fiber optic,No,No,No,Yes,No,No,One year,Yes,Credit card (automatic),97.37,1880.2,No
6525-62703,Female,0,Yes,Yes,53,Yes,No,Fiber optic,No,No,Yes,No,Yes,Yes,Two year,Yes,Mailed check,107.71,5610.03,No
6188-92359,Female,0,No,No,24,Yes,No,Fiber optic,No,No,No,Yes,No,No,Two year,Yes,Mailed check,94.16,2176.1,No
9313-87158,Male,0,Yes,No,2,Yes,Yes,DSL,No,Yes,No,No,No,No,One year,Yes,Mailed check,72.68,146.64,No
3727-59234,Female,0,Yes,Yes,35,Yes,Yes,No,No internet service,No internet service,No internet service,No internet service,No internet service,No internet service,Month-to-month,Yes,Mailed check,32.71,1190.18,No
8927-71779,Male,0,Yes,No,25,Yes,No,DSL,No,Yes,No,No,Yes,No,Two year,Yes,Mailed check,66.18,1707.66,No
9981-25249,Female,0,No,Yes,21,No,No phone service,DSL,No,No,Yes,No,No,No,Month-to-month,Yes,Credit card (automatic),71.49,1559.25,No
1587-29941,Male,0,No,Yes,11,Yes,Yes,No,No internet service,No internet service,No internet service,No internet service,No internet service,No internet service,One year,No,Mailed check,31.37,339.19,No
8543-82367,Male,0,No,Yes,59,Yes,No,Fiber optic,No,No,No,Yes,No,Yes,Two year,Yes,Electronic check,93.47,5711.75,No
9117-35046,Female,1,Yes,No,25,Yes,No,No,No internet service,No internet service,No internet service,No internet service,No internet service,No internet service,Month-to-month,No,Credit card (automatic),25.22,609.05,No
2564-78094,Female,0,No,No,1,Yes,No,No,No internet service,No internet service,No internet service,No internet service,No internet service,No internet service,Month-to-month,Yes,Credit card (automatic),20.35,20.3,No
2009-88398,Female,0,No,Yes,31,Yes,No,Fiber optic,No,Yes,Yes,No,Yes,No,Month-to-month,Yes,Mailed check,105.71,3163.53,Yes
7049-72386,Female,0,No,No,54,Yes,No,No,No internet service,No internet service,No internet service,No internet service,No internet service,No internet service,Two year,No,Credit card (automatic),19.23,1066.3,No
8100-44631,Male,0,Yes,Yes,46,Yes,Yes,DSL,Yes,Yes,No,Yes,No,Yes,Month-to-month,No,Mailed check,78.61,3495.39,No
9941-13870,Male,1,No,Yes,24,Yes,Yes,No,No internet service,No internet service,No internet service,No internet service,No internet service,No internet service,Two year,Yes,Mailed check,27.55,640.77,No
1565-50866,Male,0,Yes,No,49,Yes,No,Fiber optic,No,Yes,No,No,No,Yes,Month-to-month,No,Mailed check,93.19,4515.44,No
8560-22704,Female,0,Yes,No,44,Yes,No,No,No internet service,No internet service,No internet service,No internet service,No internet service,No internet service,Month-to-month,No,Mailed check,28.63,1218.72,No
3972-67623,Male,0,No,No,35,Yes,No,Fiber optic,Yes,No,No,No,No,Yes,Month-to-month,No,Electronic check,108.05,3664.57,Yes
4336-99092,Male,0,Yes,Yes,38,Yes,Yes,Fiber optic,No,No,Yes,Yes,Yes,No,Two year,Yes,Credit card (automatic),105.56,4095.0,No
5121-95285,Male,1,Yes,Yes,10,Yes,Yes,No,No internet service,No internet service,No internet service,No internet service,No internet service,No internet service,Month-to-month,Yes,Credit card (automatic),25.99,250.69,No
9182-33967,Male,0,No,No,64,No,No phone service,DSL,No,No,No,Yes,No,Yes,Two year,Yes,Mailed check,56.31,3726.53,No
4959-93303,Male,0,Yes,No,57,Yes,Yes,Fiber optic,No,No,No,Yes,No,No,One year,Yes,Credit card (automatic),82.85,4665.17,No
3911-43434,Male,1,No,No,13,Yes,No,No,No internet service,No internet service,No internet service,No internet service,No internet service,No internet service,Two year,No,Electronic check,26.52,339.14,No
4501-60268,Male,0,No,Yes,42,Yes,Yes,No,No internet service,No internet service,No internet service,No internet service,No internet service,No internet service,Month-to-month,Yes,Electronic check,24.3,1022.07,No
5318-74380,Female,0,No,No,3,Yes,No,Fiber optic,No,Yes,No,No,Yes,Yes,Month-to-month,Yes,Bank transfer (automatic),114.17,345.19,Yes
4530-49647,Male,0,Yes,Yes,11,Yes,No,Fiber optic,Yes,No,Yes,No,No,No,Month-to-month,No,Bank transfer (automatic),115.95,1241.7,No
9250-70888,Male,0,No,No,12,Yes,Yes,DSL,No,No,Yes,No,Yes,No,Month-to-month,Yes,Mailed check,58.61,683.1,Yes
9942-14572,Female,0,No,No,26,Yes,No,Fiber optic,No,No,No,No,Yes,No,One year,Yes,Credit card (automatic),91.11,2312.05,No
3026-39676,Male,0,Yes,Yes,33,Yes,No,No,No internet service,No internet service,No internet service,No internet service,No internet service,No internet service,Month-to-month,Yes,Mailed check,22.81,767.4,No
1724-11654,Male,0,No,No,43,Yes,Yes,DSL,No,Yes,Yes,No,Yes,No,Two year,No,Credit card (automatic),68.34,3040.45,No
4316-10665,Male,0,No,No,1,Yes,Yes,DSL,No,Yes,No,No,No,Yes,Month-to-month,Yes,Credit card (automatic),56.93,55.6,Yes
6302-85192,Male,0,Yes,No,46,Yes,Yes,DSL,Yes,Yes,No,No,No,Yes,Month-to-month,No,Mailed check,88.29,3937.84,No
3167-92099,Female,0,Yes,No,11,Yes,No,DSL,Yes,Yes,No,No,Yes,Yes,One year,Yes,Mailed check,90.9,1035.82,No
9091-44503,Male,0,No,No,68,Yes,No,Fiber optic,No,No,Yes,No,Yes,Yes,Month-to-month,No,Credit card (automatic),89.35,6218.86,Yes
7658-96663,Male,0,Yes,Yes,33,Yes,No,DSL,No,Yes,Yes,No,Yes,No,Month-to-month,No,Mailed check,72.81,2457.89,No
1902-87362,Male,0,No,No,65,Yes,Yes,Fiber optic,No,No,No,No,Yes,Yes,Two year,No,Credit card (automatic),114.23,7495.36,Yes
6209-96094,Male,0,Yes,No,28,Yes,No,DSL,Yes,Yes,Yes,No,Yes,Yes,Month-to-month,No,Mailed check,71.94,2046.4,No
7739-83101,Female,0,Yes,No,38,Yes,No,No,No internet service,No internet service,No internet service,No internet service,No internet service,No internet service,One year,Yes,Electronic check,19.2,719.18,No
8841-15204,Male,0,No,No,12,Yes,No,Fiber optic,Yes,No,No,No,No,No,Month-to-month,No,Mailed check,106.87,1258.45,Yes
9599-56730,Female,0,No,Yes,27,Yes,No,Fiber optic,No,No,Yes,No,Yes,No,Month-to-month,Yes,Electronic check,106.43,2880.77,Yes
2951-27246,Female,0,Yes,Yes,31,Yes,Yes,No,No internet service,No internet service,No internet service,No internet service,No internet service,No internet service,Month-to-month,No,Mailed check,25.78,825.55,No
8391-78720,Female,0,No,Yes,12,Yes,No,DSL,Yes,No,No,No,No,No,Two year,No,Credit card (automatic),48.08,559.67,No
4509-33778,Female,0,Yes,No,42,No,No phone service,No,No internet service,No internet service,No internet service,No internet service,No internet service,No internet service,Month-to-month,Yes,Bank transfer (automatic),24.96,1045.73,No
5808-52635,Female,0,Yes,No,34,Yes,No,DSL,Yes,Yes,No,No,No,No,Month-to-month,Yes,Bank transfer (automatic),79.6,2704.72,No
1547-61487,Female,1,No,No,51,No,No phone service,Fiber optic,No,No,Yes,No,Yes,No,Month-to-month,No,Credit card (automatic),100.38,5059.47,Yes
4902-87849,Female,0,Yes,No,45,Yes,Yes,DSL,No,Yes,Yes,Yes,Yes,No,Two year,Yes,Electronic check,65.86,2992.85,No
2477-14474,Male,0,No,No,22,Yes,No,No,No internet service,No internet service,No internet service,No internet service,No internet service,No internet service,Month-to-month,No,Mailed check,26.32,584.86,No
4667-86292,Male,0,Yes,No,23,Yes,Yes,Fiber optic,No,Yes,No,No,No,Yes,One year,Yes,Electronic check,106.47,2386.47,No
9219-65642,Male,0,No,No,20,Yes,Yes,DSL,No,Yes,No,No,Yes,Yes,Month-to-month,Yes,Electronic check,90.75,1868.48,Yes
5684-75275,Female,0,Yes,No,39,Yes,Yes,Fiber optic,No,No,No,No,Yes,No,Month-to-month,No,Mailed check,94.96,3567.36,No
2572-19119,Female,0,No,No,30,Yes,No,No,No internet service,No internet service,No internet service,No internet service,No internet service,No internet service,Month-to-month,Yes,Credit card (automatic),29.0,841.07,No
3466-73584,Male,1,No,No,19,Yes,No,DSL,No,Yes,No,Yes,Yes,No,Month-to-month,Yes,Electronic check,80.21,1498.57,Yes
7181-20711,Male,0,Yes,No,22,Yes,No,Fiber optic,No,Yes,No,No,No,Yes,Month-to-month,Yes,Electronic check,84.81,1821.16,Yes
7871-35319,Male,0,Yes,No,59,Yes,Yes,DSL,No,No,No,No,No,Yes,Month-to-month,No,Bank transfer (automatic),63.4,3634.71,No
6117-66130,Female,0,No,No,46,Yes,Yes,DSL,No,No,Yes,No,No,No,Two year,Yes,Bank transfer (automatic),49.46,2283.96,No
9052-80483,Female,0,Yes,No,31,Yes,Yes,No,No internet service,No internet service,No internet service,No internet service,No internet service,No internet service,Month-to-month,Yes,Credit card (automatic),27.33,847.39,No
3600-65723,Female,0,No,No,18,Yes,Yes,Fiber optic,No,Yes,No,Yes,No,No,Month-to-month,Yes,Electronic check,113.6,2099.45,No
3512-14383,Male,0,No,Yes,7,Yes,No,DSL,Yes,No,No,No,No,Yes,Month-to-month,No,Bank transfer (automatic),66.58,468.21,No
7386-36913,Male,0,No,No,44,Yes,Yes,No,No internet service,No internet service,No internet service,No internet service,No internet service,No internet service,Month-to-month,Yes,Bank transfer (automatic),30.6,1383.74,No
7078-53183,Male,0,Yes,No,15,Yes,Yes,No,No internet service,No internet service,No internet service,No internet service,No internet service,No internet service,Month-to-month,Yes,Credit card (automatic),27.76,431.87,No
5873-34192,Female,1,Yes,Yes,8,Yes,Yes,No,No internet service,No internet service,No internet service,No internet service,No internet service,No internet service,Month-to-month,Yes,Mailed check,30.4,236.81,No
4945-99512,Female,0,Yes,No,52,Yes,No,DSL,No,Yes,No,Yes,No,Yes,Month-to-month,No,Bank transfer (automatic),62.14,3202.85,No
2406-96248,Female,0,Yes,Yes,43,Yes,Yes,Fiber optic,No,No,Yes,No,No,No,Month-to-month,Yes,Bank transfer (automatic),116.78,4826.41,Yes
9994-83439,Male,1,Yes,No,8,Yes,No,No,No internet service,No internet service,No internet service,No internet service,No internet service,No internet service,Month-to-month,Yes,Electronic check,25.74,210.35,No
6635-93870,Male,0,No,Yes,34,Yes,Yes,DSL,No,Yes,Yes,No,Yes,No,Month-to-month,No,Credit card (automatic),84.16,2965.42,Yes
6706-37209,Female,1,Yes,Yes,20,Yes,No,Fiber optic,No,No,No,No,No,Yes,Month-to-month,Yes,Credit card (automatic),100.01,1962.99,Yes
8269-27480,Male,0,Yes,No,67,Yes,No,No,No internet service,No internet service,No internet service,No internet service,No internet service,No internet service,Month-to-month,Yes,Credit card (automatic),25.89,1781.57,No
3133-63069,Female,0,Yes,Yes,36,Yes,Yes,DSL,No,No,No,Yes,No,No,Month-to-month,Yes,Electronic check,52.15,1946.87,No
2747-79667,Male,0,Yes,No,11,Yes,Yes,Fiber optic,No,No,No,Yes,Yes,Yes,Month-to-month,No,Electronic check,105.4,1155.68,Yes
1301-40678,Male,0,No,No,19,No,No phone service,No,No internet service,No internet service,No internet service,No internet service,No internet service,No internet service,Month-to-month,Yes,Electronic check,27.49,511.01,No
8140-54368,Female,0,Yes,No,31,Yes,No,Fiber optic,No,No,Yes,No,Yes,No,Two year,Yes,Credit card (automatic),96.48,3038.81,No
6733-43807,Male,1,No,Yes,39,No,No phone service,No,No internet service,No internet service,No internet service,No internet service,No internet service,No internet service,Month-to-month,Yes,Bank transfer (automatic),26.42,1025.28,No
9667-37191,Male,1,No,Yes,49,Yes,No,No,No internet service,No internet service,No internet service,No internet service,No internet service,No internet service,Month-to-month,No,Mailed check,29.34,1482.55,No
2719-39070,Female,1,Yes,Yes,44,Yes,Yes,No,No internet service,No internet service,No internet service,No internet service,No internet service,No internet service,Two year,Yes,Bank transfer (automatic),33.15,1441.85,No
7852-51673,Male,0,No,No,42,Yes,No,Fiber optic,No,Yes,No,No,Yes,No,Month-to-month,Yes,Electronic check,95.82,4016.31,Yes
1288-43263,Male,0,Yes,No,15,Yes,No,DSL,No,No,No,No,No,No,Month-to-month,No,Credit card (automatic),43.04,641.01,Yes
1424-80796,Female,0,Yes,Yes,54,No,No phone service,Fiber optic,No,No,Yes,No,Yes,No,Two year,No,Credit card (automatic),80.61,4459.92,No
5110-21876,Male,0,No,Yes,11,Yes,No,No,No internet service,No internet service,No internet service,No internet service,No internet service,No internet service,Month-to-month,No,Mailed check,20.07,226.57,No
8392-67284,Male,0,No,Yes,24,Yes,Yes,DSL,No,No,No,No,No,Yes,One year,No,Bank transfer (automatic),64.01,1536.38,No
7745-20394,Male,0,Yes,Yes,47,Yes,Yes,DSL,No,No,No,Yes,No,No,Month-to-month,Yes,Electronic check,56.35,2642.94,Yes
5849-49400,Male,0,No,Yes,34,Yes,No,Fiber optic,No,Yes,Yes,No,No,No,Month-to-month,Yes,Bank transfer (automatic),115.87,4076.64,Yes
8027-74182,Male,0,Yes,No,9,Yes,No,Fiber optic,No,No,No,No,Yes,Yes,Month-to-month,Yes,Bank transfer (automatic),78.45,678.32,No
9194-54527,Female,0,No,Yes,29,Yes,No,No,No internet service,No internet service,No internet service,No internet service,No internet service,No internet service,Two year,Yes,Credit card (automatic),23.1,663.02,No
2912-67791,Male,0,No,No,32,Yes,Yes,No,No internet service,No internet service,No internet service,No internet service,No internet service,No internet service,Month-to-month,Yes,Bank transfer (automatic),28.55,924.21,No
6089-96423,Male,0,Yes,Yes,57,Yes,Yes,DSL,Yes,Yes,Yes,No,Yes,No,One year,No,Credit card (automatic),61.41,3557.56,No
6634-77159,Male,1,No,No,42,No,No phone service,DSL,No,Yes,No,No,Yes,No,Two year,Yes,Electronic check,54.85,2340.23,No
8983-63763,Male,0,No,No,44,Yes,No,Fiber optic,No,No,Yes,No,Yes,No,Two year,No,Credit card (automatic),91.35,4171.07,No
1867-59497,Female,0,Yes,Yes,16,Yes,Yes,DSL,No,Yes,No,No,No,Yes,Month-to-month,Yes,Mailed check,64.5,1028.83,No
1799-90060,Male,0,No,No,33,Yes,Yes,DSL,No,No,No,No,Yes,No,One year,Yes,Bank transfer (automatic),49.42,1629.91,No
7094-31687,Male,0,No,Yes,5,Yes,No,Fiber optic,No,No,Yes,No,No,Yes,One year,No,Mailed check,111.04,558.56,No
8608-90718,Male,0,Yes,No,14,Yes,No,DSL,No,Yes,Yes,Yes,No,No,Two year,Yes,Bank transfer (automatic),63.59,860.21,No
4169-81702,Male,0,No,No,24,Yes,No,Fiber optic,No,No,Yes,No,Yes,No,Two year,Yes,Bank transfer (automatic),114.94,2715.49,No
5849-76363,Male,0,No,No,57,Yes,No,DSL,No,Yes,No,Yes,Yes,Yes,One year,Yes,Credit card (automatic),75.47,4450.44,No
5868-19941,Female,0,No,No,1,Yes,No,Fiber optic,No,Yes,No,No,No,No,One year,No,Bank transfer (automatic),95.21,93.12,No
4964-81877,Female,0,Yes,Yes,7,Yes,No,Fiber optic,No,No,Yes,No,No,Yes,Month-to-month,Yes,Bank transfer (automatic),85.56,598.0,Yes
2430-67287,Male,0,No,No,35,Yes,Yes,DSL,No,No,No,No,No,No,Month-to-month,Yes,Mailed check,69.39,2408.2,No
9848-73928,Female,1,No,No,42,Yes,Yes,Fiber optic,Yes,No,Yes,No,Yes,Yes,One year,Yes,Credit card (automatic),110.38,4752.79,No
8061-73726,Male,1,No,No,7,Yes,Yes,DSL,Yes,No,No,No,Yes,Yes,One year,No,Credit card (automatic),79.24,537.39,No
3733-23875,Male,0,Yes,No,17,Yes,No,Fiber optic,No,Yes,Yes,No,No,No,One year,Yes,Mailed check,101.11,1680.88,No
6608-82425,Female,0,No,Yes,18,No,No phone service,DSL,Yes,No,No,No,Yes,No,Month-to-month,Yes,Credit card (automatic),72.73,1360.21,No
3626-43121,Female,0,No,No,11,Yes,No,No,No internet service,No internet service,No internet service,No internet service,No internet service,No internet service,Month-to-month,No,Bank transfer (automatic),20.64,226.41,No
9520-31289,Male,0,Yes,No,51,Yes,No,No,No internet service,No internet service,No internet service,No internet service,No internet service,No internet service,Two year,No,Credit card (automatic),29.78,1529.71,No
6665-25846,Female,1,Yes,Yes,39,Yes,No,Fiber optic,No,No,No,No,Yes,Yes,Month-to-month,Yes,Credit card (automatic),84.39,3194.49,No
7434-92276,Male,0,No,No,41,No,No phone service,No,No internet service,No internet service,No internet service,No internet service,No internet service,No internet service,Two year,Yes,Bank transfer (automatic),19.69,779.75,No
4875-83608,Female,1,No,No,60,Yes,Yes,Fiber optic,No,No,No,No,No,Yes,One year,No,Credit card (automatic),99.71,6067.46,Yes
1091-34836,Female,0,No,No,7,Yes,No,DSL,No,No,No,No,No,Yes,Month-to-month,Yes,Credit card (automatic),69.05,475.4,Yes
4721-84561,Female,0,Yes,Yes,9,Yes,No,DSL,No,Yes,No,No,No,No,Month-to-month,Yes,Credit card (automatic),47.23,422.19,No
5879-59217,Female,0,No,No,31,Yes,Yes,Fiber optic,No,No,Yes,No,Yes,Yes,Month-to-month,Yes,Bank transfer (automatic),114.73,3489.86,Yes
9418-80621,Female,1,Yes,Yes,71,Yes,Yes,Fiber optic,No,No,No,Yes,No,No,Two year,No,Bank transfer (automatic),95.84,6587.65,No
2933-74189,Female,0,No,No,21,Yes,No,No,No internet service,No internet service,No internet service,No internet service,No internet service,No internet service,Month-to-month,Yes,Electronic check,23.93,500.72,No
7876-70620,Female,0,Yes,No,63,Yes,No,No,No internet service,No internet service,No internet service,No internet service,No internet service,No internet service,Two year,No,Bank transfer (automatic),28.23,1823.47,No
1610-69757,Male,0,Yes,Yes,25,Yes,No,Fiber optic,No,No,No,No,Yes,Yes,Two year,No,Credit card (automatic),105.99,2738.55,No
6422-73616,Male,0,No,Yes,10,Yes,No,Fiber optic,No,No,No,No,No,No,Month-to-month,Yes,Mailed check,84.62,841.52,Yes
5922-51677,Male,0,No,Yes,3,No,No phone service,DSL,Yes,No,No,Yes,Yes,No,Month-to-month,Yes,Bank transfer (automatic),68.92,202.6,No
7531-10352,Female,0,Yes,No,4,Yes,No,DSL,No,No,Yes,Yes,No,No,Month-to-month,No,Electronic check,61.76,255.94,No
7057-15998,Male,0,Yes,No,61,Yes,No,DSL,No,Yes,No,Yes,Yes,No,Month-to-month,Yes,Mailed check,78.91,4836.14,No
8664-96372,Male,0,No,Yes,13,Yes,No,Fiber optic,No,No,No,No,Yes,Yes,Month-to-month,Yes,Credit card (automatic),100.5,1326.38,No
2817-95293,Female,0,No,No,29,Yes,No,DSL,No,No,Yes,No,No,No,Month-to-month,Yes,Credit card (automatic),52.67,1571.13,No
4341-46838,Male,0,Yes,No,72,Yes,Yes,No,No internet service,No internet service,No internet service,No internet service,No internet service,No internet service,Two year,Yes,Bank transfer (automatic),27.26,1977.93,No
6048-50530,Female,0,No,Yes,11,Yes,No,No,No internet service,No internet service,No internet service,No internet service,No internet service,No internet service,One year,Yes,Electronic check,23.58,269.73,No
1665-61845,Female,1,Yes,No,64,Yes,No,DSL,No,No,No,No,No,No,Two year,Yes,Mailed check,68.47,4257.63,No
5337-50761,Male,0,No,No,59,Yes,No,Fiber optic,Yes,Yes,No,Yes,No,Yes,One year,No,Credit card (automatic),99.33,6075.1,No
7272-71324,Male,0,Yes,No,18,No,No phone service,Fiber optic,No,Yes,Yes,No,No,Yes,One year,No,Mailed check,119.0,2068.87,Yes
8830-53942,Male,0,Yes,No,37,Yes,No,Fiber optic,No,No,No,No,Yes,Yes,Two year,No,Credit card (automatic),94.65,3594.8,No
9330-72371,Male,0,No,Yes,54,Yes,Yes,Fiber optic,No,No,No,No,No,No,Month-to-month,No,Bank transfer (automatic),76.22,3993.98,Yes
6411-59187,Male,0,Yes,Yes,24,Yes,Yes,Fiber optic,Yes,No,Yes,No,No,Yes,One year,No,Credit card (automatic),116.31,2848.01,No
8017-45538,Male,0,No,Yes,49,Yes,No,Fiber optic,No,No,Yes,Yes,Yes,Yes,Two year,Yes,Bank transfer (automatic),103.18,5222.21,No
2217-30213,Male,0,Yes,Yes,29,Yes,No,DSL,Yes,No,Yes,No,Yes,No,Two year,Yes,Credit card (automatic),78.03,2226.6,No
1429-36410,Male,0,Yes,No,8,Yes,Yes,DSL,No,Yes,Yes,No,No,No,Month-to-month,Yes,Bank transfer (automatic),70.79,575.19,Yes
5485-18508,Female,0,No,No,16,Yes,No,No,No internet service,No internet service,No internet service,No internet service,No internet service,No internet service,Two year,Yes,Electronic check,22.34,356.36,No
2457-25084,Female,0,No,No,21,Yes,No,No,No internet service,No internet service,No internet service,No internet service,No internet service,No internet service,Month-to-month,Yes,Bank transfer (automatic),23.02,499.04,No
8000-11478,Male,1,Yes,No,23,No,No phone service,Fiber optic,No,Yes,No,No,No,Yes,Month-to-month,Yes,Bank transfer (automatic),114.0,2635.16,Yes
1951-38657,Female,0,No,No,7,Yes,Yes,DSL,No,No,No,Yes,No,No,Month-to-month,Yes,Credit card (automatic),59.66,416.66,Yes
1700-82443,Male,0,Yes,Yes,48,Yes,Yes,Fiber optic,No,No,No,Yes,Yes,Yes,Month-to-month,No,Credit card (automatic),112.96,5456.8,No
3565-71310,Male,1,No,No,3,No,No phone service,Fiber optic,No,No,Yes,No,Yes,Yes,Month-to-month,Yes,Credit card (automatic),93.06,271.68,No
4211-34013,Male,0,Yes,Yes,15,No,No phone service,Fiber optic,No,Yes,No,No,Yes,Yes,Month-to-month,Yes,Mailed check,99.57,1492.14,Yes
9492-57676,Male,0,No,Yes,36,Yes,Yes,DSL,No,No,Yes,No,Yes,No,Month-to-month,Yes,Mailed check,66.66,2312.67,No
9497-57955,Male,1,Yes,No,26,Yes,No,No,No internet service,No internet service,No internet service,No internet service,No internet service,No internet service,Two year,No,Mailed check,27.21,726.75,No
9421-65917,Male,0,No,No,56,No,No phone service,No,No internet service,No internet service,No internet service,No internet service,No internet service,No internet service,Two year,No,Electronic check,24.18,1344.77,No
2183-83162,Male,1,No,No,46,Yes,No,No,No internet service,No internet service,No internet service,No internet service,No internet service,No internet service,Two year,No,Electronic check,29.15,1323.76,No
3559-33153,Male,0,No,Yes,57,Yes,No,No,No internet service,No internet service,No internet service,No internet service,No internet service,No internet service,One year,No,Electronic check,23.24,1294.91,No
3573-21315,Female,0,Yes,No,38,No,No phone service,DSL,No,Yes,No,No,No,No,Two year,No,Bank transfer (automatic),56.1,2188.35,No
5022-59814,Female,0,Yes,Yes,12,Yes,No,DSL,No,No,No,No,No,No,Month-to-month,Yes,Credit card (automatic),55.56,686.6,No
2537-42863,Female,0,Yes,No,35,Yes,No,Fiber optic,No,No,No,No,No,Yes,Month-to-month,Yes,Credit card (automatic),101.51,3469.95,Yes
7517-70263,Female,1,No,No,60,Yes,No,Fiber optic,No,No,No,No,Yes,Yes,Month-to-month,No,Credit card (automatic),78.39,4846.46,Yes
1367-90510,Female,1,Yes,No,23,Yes,No,No,No internet service,No internet service,No internet service,No internet service,No internet service,No internet service,Month-to-month,Yes,Bank transfer (automatic),20.28,466.13,No
2311-14470,Male,0,No,No,45,Yes,No,DSL,Yes,No,No,No,No,No,One year,No,Bank transfer (automatic),57.67,2586.3,No
7252-63897,Male,0,Yes,No,45,Yes,No,DSL,Yes,No,Yes,No,No,No,Month-to-month,Yes,Electronic check,61.22,2658.83,No
3406-14908,Male,0,No,No,41,Yes,No,Fiber optic,Yes,No,Yes,No,Yes,No,Two year,Yes,Electronic check,104.49,4452.15,No
3087-40572,Male,0,No,Yes,26,Yes,No,Fiber optic,No,No,Yes,Yes,No,No,Month-to-month,No,Electronic check,80.34,2157.68,Yes
8464-33618,Female,1,No,Yes,53,Yes,No,Fiber optic,No,No,Yes,No,Yes,Yes,Month-to-month,No,Mailed check,84.96,4643.58,Yes
3606-11859,Male,0,No,No,12,Yes,No,Fiber optic,No,No,No,No,No,Yes,Month-to-month,No,Credit card (automatic),86.14,1057.14,Yes
4534-29077,Female,0,No,No,9,Yes,Yes,No,No internet service,No internet service,No internet service,No internet service,No internet service,No internet service,Month-to-month,No,Mailed check,30.14,272.58,No
5661-19974,Female,1,No,No,60,Yes,Yes,Fiber optic,No,No,No,No,No,No,Two year,Yes,Electronic check,109.06,6450.51,No
4180-95792,Male,0,No,Yes,18,Yes,No,DSL,Yes,Yes,Yes,No,No,No,One year,No,Electronic check,57.7,1047.14,No
5482-11125,Female,0,No,Yes,24,Yes,Yes,Fiber optic,No,No,No,No,Yes,No,Month-to-month,No,Bank transfer (automatic),114.42,2642.96,No
7037-25629,Male,0,Yes,No,45,Yes,No,Fiber optic,No,Yes,No,No,No,No,One year,No,Bank transfer (automatic),83.22,3803.35,No
2889-79689,Male,0,Yes,No,12,Yes,Yes,Fiber optic,No,No,No,No,No,Yes,Month-to-month,Yes,Credit card (automatic),86.64,1045.84,Yes
6605-29817,Male,0,No,No,36,Yes,No,Fiber optic,No,No,No,No,Yes,No,Month-to-month,No,Credit card (automatic),98.51,3443.85,No
9241-26270,Male,0,No,Yes,17,Yes,No,Fiber optic,No,No,No,No,Yes,Yes,Month-to-month,No,Mailed check,78.26,1285.04,No
2705-73810,Female,0,Yes,Yes,38,Yes,No,DSL,No,Yes,No,Yes,No,No,Month-to-month,Yes,Credit card (automatic),50.22,1928.05,No
3135-16932,Male,0,Yes,No,29,Yes,Yes,No,No internet service,No internet service,No internet service,No internet service,No internet service,No internet service,One year,No,Mailed check,29.27,817.71,No
5103-27324,Male,0,No,No,54,Yes,No,Fiber optic,No,Yes,Yes,No,Yes,No,Two year,Yes,Bank transfer (automatic),102.36,5494.11,No
6543-51296,Male,0,Yes,Yes,1,Yes,Yes,No,No internet service,No internet service,No internet service,No internet service,No internet service,No internet service,Month-to-month,No,Credit card (automatic),24.76,24.52,No
4526-71631,Male,1,No,No,6,Yes,Yes,No,No internet service,No internet service,No internet service,No internet service,No internet service,No internet service,One year,Yes,Electronic check,25.49,153.2,No
8588-84613,Female,0,No,No,16,Yes,Yes,DSL,Yes,Yes,No,Yes,No,No,One year,Yes,Mailed check,86.5,1384.0,No
1119-86342,Female,0,Yes,Yes,17,Yes,No,DSL,Yes,Yes,Yes,Yes,No,No,Month-to-month,No,Mailed check,61.03,1063.1,No
7132-86795,Male,1,Yes,No,12,Yes,Yes,Fiber optic,No,No,Yes,No,No,No,Month-to-month,No,Mailed check,93.7,1143.11,Yes
7930-80784,Female,0,Yes,No,33,Yes,Yes,Fiber optic,Yes,Yes,Yes,No,Yes,Yes,Month-to-month,Yes,Credit card (automatic),105.99,3464.52,No
6007-65085,Male,0,Yes,Yes,56,Yes,Yes,DSL,No,No,No,No,Yes,No,Month-to-month,Yes,Credit card (automatic),67.72,3729.45,Yes
7577-76251,Male,1,No,No,24,Yes,No,Fiber optic,No,Yes,Yes,No,Yes,Yes,Month-to-month,No,Mailed check,103.99,2438.87,Yes
7445-38810,Female,0,No,Yes,18,Yes,Yes,DSL,No,No,No,Yes,Yes,No,Month-to-month,Yes,Electronic check,68.08,1226.7,No
9281-34352,Male,0,No,No,52,Yes,Yes,DSL,Yes,Yes,Yes,No,Yes,No,Month-to-month,No,Credit card (automatic),84.5,4251.42,No
5526-85933,Male,0,Yes,No,15,Yes,Yes,Fiber optic,No,Yes,Yes,No,Yes,Yes,One year,Yes,Mailed check,103.67,1524.44,Yes
5754-11400,Male,0,No,No,35,Yes,No,DSL,No,No,Yes,No,No,Yes,Month-to-month,Yes,Bank transfer (automatic),61.9,2192.06,No
8613-12848,Male,0,Yes,No,50,Yes,No,DSL,Yes,Yes,No,No,Yes,No,Two year,Yes,Bank transfer (automatic),59.62,2911.57,No
5452-49885,Female,0,No,No,34,No,No phone service,Fiber optic,No,Yes,Yes,No,No,No,Month-to-month,No,Electronic check,108.67,3661.4,Yes
6119-13891,Male,0,Yes,No,4,Yes,No,DSL,No,No,Yes,No,No,No,Month-to-month,No,Credit card (automatic),67.29,268.21,No
9526-39148,Male,0,No,No,29,Yes,No,Fiber optic,No,Yes,Yes,Yes,Yes,Yes,One year,No,Credit card (automatic),105.14,3147.71,No
2667-73165,Male,0,No,Yes,37,No,No phone service,Fiber optic,No,Yes,No,No,Yes,Yes,Month-to-month,Yes,Bank transfer (automatic),91.92,3373.89,Yes
6273-53892,Female,0,Yes,No,42,Yes,Yes,No,No internet service,No internet service,No internet service,No internet service,No internet service,No internet service,Two year,No,Bank transfer (automatic),30.2,1318.02,No
2945-50097,Female,0,No,Yes,31,Yes,No,Fiber optic,No,No,No,No,Yes,No,Month-to-month,Yes,Electronic check,83.09,2493.82,Yes
8794-64113,Female,1,Yes,No,8,Yes,Yes,Fiber optic,No,No,Yes,No,Yes,Yes,Month-to-month,Yes,Credit card (automatic),99.51,827.87,No
8493-73646,Female,0,Yes,No,54,Yes,No,DSL,No,No,Yes,Yes,No,Yes,One year,Yes,Credit card (automatic),81.07,4331.31,No
8980-24901,Female,0,No,No,35,Yes,Yes,No,No internet service,No internet service,No internet service,No internet service,No internet service,No internet service,One year,Yes,Credit card (automatic),23.79,857.13,No
6104-65262,Female,0,No,No,12,No,No phone service,DSL,No,No,No,No,No,No,Two year,Yes,Mailed check,65.04,802.77,No
8411-30765,Female,0,Yes,No,32,Yes,No,DSL,No,Yes,No,No,No,Yes,Two year,Yes,Credit card (automatic),62.47,1975.68,No
5325-35189,Male,0,Yes,No,5,Yes,No,DSL,No,Yes,No,No,Yes,No,Month-to-month,Yes,Credit card (automatic),58.9,293.82,Yes
6432-72647,Male,1,Yes,No,19,Yes,Yes,DSL,No,Yes,Yes,Yes,No,Yes,Two year,Yes,Electronic check,96.12,1806.01,No
6788-96686,Male,0,No,No,10,Yes,Yes,Fiber optic,No,No,No,Yes,Yes,Yes,One year,No,Credit card (automatic),88.84,921.79,No
6827-90324,Male,0,No,Yes,37,No,No phone service,No,No internet service,No internet service,No internet service,No internet service,No internet service,No internet service,One year,Yes,Credit card (automatic),19.71,728.03,No
2060-75728,Male,0,Yes,No,16,Yes,No,Fiber optic,Yes,Yes,No,No,Yes,Yes,Month-to-month,Yes,Credit card (automatic),119.0,1970.09,Yes
6993-89254,Female,0,Yes,Yes,59,Yes,Yes,DSL,Yes,No,No,No,Yes,No,Two year,No,Electronic check,68.08,3987.97,No
1586-51155,Female,0,No,Yes,32,Yes,No,No,No internet service,No internet service,No internet service,No internet service,No internet service,No internet service,One year,Yes,Bank transfer (automatic),20.78,659.42,No
4096-77316,Male,0,No,Yes,49,Yes,No,Fiber optic,Yes,No,No,No,No,Yes,Month-to-month,Yes,Bank transfer (automatic),100.68,4846.84,No
4126-25711,Male,0,Yes,No,46,Yes,Yes,Fiber optic,Yes,No,No,No,Yes,No,Month-to-month,Yes,Electronic check,88.27,4100.8,Yes
5894-67107,Male,0,No,No,24,Yes,Yes,Fiber optic,No,Yes,No,No,No,Yes,One year,No,Credit card (automatic),85.38,2004.96,No
7263-30004,Female,0,Yes,No,33,Yes,No,Fiber optic,No,No,No,No,Yes,No,Two year,Yes,Electronic check,98.36,3357.73,No
8976-99534,Male,0,Yes,No,23,Yes,No,DSL,No,Yes,No,No,Yes,No,Month-to-month,No,Electronic check,73.12,1709.22,Yes
8167-55580,Male,0,No,No,26,Yes,Yes,No,No internet service,No internet service,No internet service,No internet service,No internet service,No internet service,Two year,Yes,Credit card (automatic),33.8,870.94,No
7565-12544,Male,0,No,Yes,22,Yes,Yes,DSL,No,No,No,Yes,No,No,Month-to-month,Yes,Credit card (automatic),67.65,1545.83,Yes
7036-53471,Female,0,Yes,No,14,Yes,No,Fiber optic,Yes,No,No,No,No,Yes,Month-to-month,Yes,Electronic check,118.84,1720.12,Yes
6037-20309,Male,1,No,No,15,Yes,No,DSL,Yes,No,No,Yes,Yes,No,One year,No,Bank transfer (automatic),59.52,875.87,No
4883-67703,Female,1,No,No,23,Yes,Yes,Fiber optic,No,No,Yes,Yes,No,No,Month-to-month,No,Bank transfer (automatic),111.15,2634.82,Yes
5723-10401,Female,0,No,No,8,Yes,No,Fiber optic,No,Yes,No,No,No,No,Month-to-month,Yes,Bank transfer (automatic),75.35,587.41,Yes
4628-72032,Male,1,No,No,43,Yes,Yes,Fiber optic,No,Yes,No,Yes,Yes,Yes,One year,No,Bank transfer (automatic),95.76,4184.86,No
1122-43825,Female,0,No,No,33,Yes,Yes,DSL,No,No,Yes,No,Yes,Yes,Month-to-month,No,Bank transfer (automatic),87.23,2848.47,No
1900-89703,Female,0,No,No,7,Yes,No,Fiber optic,No,No,No,No,No,Yes,Month-to-month,Yes,Credit card (automatic),85.06,610.96,Yes
1932-32885,Female,0,Yes,No,28,Yes,No,No,No internet service,No internet service,No internet service,No internet service,No internet service,No internet service,Month-to-month,No,Credit card (automatic),24.18,661.86,No
5167-59156,Male,1,No,Yes,15,Yes,No,DSL,No,No,No,Yes,Yes,Yes,Month-to-month,No,Electronic check,64.26,946.1,Yes
3399-55663,Female,0,Yes,Yes,28,Yes,No,DSL,No,No,No,No,No,No,Month-to-month,No,Electronic check,68.77,1988.44,No
6411-48868,Female,0,No,No,71,Yes,Yes,Fiber optic,No,Yes,No,No,No,No,Month-to-month,Yes,Bank transfer (automatic),81.7,5912.87,Yes
7678-54012,Male,0,Yes,No,41,Yes,No,Fiber optic,Yes,Yes,No,No,Yes,Yes,Two year,No,Bank transfer (automatic),119.0,4923.44,No
6156-33210,Male,0,Yes,No,34,Yes,No,DSL,Yes,No,No,Yes,Yes,No,One year,No,Bank transfer (automatic),70.18,2386.33,No
7394-94224,Female,0,No,No,26,Yes,No,Fiber optic,No,No,Yes,Yes,Yes,Yes,One year,Yes,Credit card (automatic),119.0,3162.32,Yes
9425-93813,Female,0,Yes,No,31,Yes,Yes,Fiber optic,No,No,Yes,No,No,Yes,Month-to-month,Yes,Credit card (automatic),118.66,3714.67,Yes
4058-40135,Female,0,Yes,No,30,Yes,Yes,DSL,Yes,No,No,No,Yes,No,Month-to-month,Yes,Bank transfer (automatic),58.57,1789.7,Yes
7729-33265,Female,1,Yes,No,41,Yes,No,DSL,No,Yes,No,No,Yes,No,Two year,Yes,Credit card (automatic),73.19,2951.96,No
9511-10535,Male,0,No,No,12,Yes,No,DSL,No,No,Yes,Yes,No,No,One year,Yes,Bank transfer (automatic),72.28,893.27,No
6459-24262,Male,0,Yes,No,68,Yes,No,DSL,No,No,No,No,Yes,No,Two year,No,Credit card (automatic),59.02,4041.56,No
9825-31797,Female,0,Yes,No,13,Yes,Yes,No,No internet service,No internet service,No internet service,No internet service,No internet service,No internet service,Month-to-month,No,Mailed check,25.94,337.46,No
1453-79067,Male,0,No,No,8,No,No phone service,DSL,No,No,Yes,Yes,Yes,No,One year,No,Mailed check,60.82,478.64,No
2804-47660,Male,0,No,Yes,33,Yes,Yes,DSL,No,No,No,No,No,No,Month-to-month,Yes,Credit card (automatic),68.59,2207.02,Yes
9736-19608,Female,0,No,Yes,11,Yes,Yes,Fiber optic,No,Yes,No,No,Yes,No,Month-to-month,Yes,Electronic check,116.38,1322.14,Yes
3391-76380,Male,0,Yes,No,22,Yes,No,Fiber optic,No,No,No,No,Yes,Yes,Two year,Yes,Credit card (automatic),105.67,2410.11,Yes
2033-55697,Male,0,No,No,19,Yes,No,No,No internet service,No internet service,No internet service,No internet service,No internet service,No internet service,Month-to-month,No,Credit card (automatic),29.45,571.43,No
1666-48841,Male,0,No,No,10,Yes,Yes,Fiber optic,No,No,No,No,No,No,Month-to-month,No,Credit card (automatic),111.26,1095.49,No
4020-46203,Male,1,No,No,26,Yes,No,No,No internet service,No internet service,No internet service,No internet service,No internet service,No internet service,Month-to-month,Yes,Mailed check,22.03,568.3,No
4976-30435,Male,0,No,No,13,Yes,Yes,Fiber optic,No,Yes,No,No,Yes,Yes,One year,Yes,Bank transfer (automatic),119.0,1491.07,Yes
7493-57243,Male,0,Yes,No,62,Yes,No,Fiber optic,Yes,No,Yes,No,Yes,No,Two year,Yes,Credit card (automatic),88.39,5320.82,No
2725-42993,Male,0,No,Yes,38,Yes,No,DSL,No,No,No,No,No,No,Month-to-month,Yes,Electronic check,44.17,1619.33,No
4866-54162,Male,0,No,Yes,25,Yes,No,Fiber optic,No,No,No,No,No,No,Two year,Yes,Mailed check,74.29,1887.98,No
5562-83838,Female,1,Yes,No,39,Yes,Yes,DSL,Yes,No,Yes,No,No,No,Month-to-month,No,Credit card (automatic),53.44,2104.97,No
9605-94771,Female,0,Yes,No,60,Yes,Yes,Fiber optic,No,No,No,No,No,Yes,Two year,Yes,Credit card (automatic),93.31,5603.77,No
5886-66489,Female,0,Yes,Yes,38,Yes,No,Fiber optic,No,No,No,Yes,Yes,No,One year,Yes,Electronic check,111.39,4069.16,Yes
5736-11146,Female,0,No,Yes,44,Yes,Yes,DSL,Yes,No,No,No,No,No,Two year,Yes,Bank transfer (automatic),73.18,3328.0,No
9325-20141,Male,0,Yes,No,3,Yes,Yes,DSL,Yes,Yes,Yes,No,Yes,No,One year,Yes,Mailed check,66.18,206.3,No
8115-87233,Female,0,No,No,60,Yes,No,Fiber optic,Yes,No,No,No,Yes,No,Month-to-month,Yes,Credit card (automatic),84.26,4980.5,No
5110-99594,Female,0,No,No,3,Yes,No,Fiber optic,No,No,No,No,Yes,No,Month-to-month,Yes,Credit card (automatic),85.44,261.84,Yes
5783-83721,Male,0,Yes,No,44,Yes,Yes,Fiber optic,No,No,No,No,No,Yes,Two year,No,Bank transfer (automatic),80.59,3526.97,Yes
9389-95370,Male,0,Yes,Yes,55,Yes,No,Fiber optic,No,No,Yes,No,No,No,Two year,Yes,Bank transfer (automatic),80.19,4255.79,No
2670-51252,Female,0,Yes,No,5,No,No phone service,Fiber optic,No,No,Yes,No,No,No,One year,Yes,Bank transfer (automatic),80.28,388.9,No
6765-30294,Female,0,Yes,Yes,60,No,No phone service,Fiber optic,No,No,No,No,No,No,One year,No,Credit card (automatic),87.75,5091.24,No
9938-43545,Male,0,No,Yes,15,Yes,Yes,Fiber optic,Yes,No,No,No,Yes,Yes,Month-to-month,No,Electronic check,110.73,1726.28,Yes
8203-35854,Male,0,No,No,29,Yes,Yes,DSL,Yes,Yes,Yes,No,No,Yes,Month-to-month,Yes,Bank transfer (automatic),70.51,1964.05,No
9465-51659,Male,0,No,No,14,Yes,No,Fiber optic,No,No,Yes,Yes,Yes,Yes,Month-to-month,No,Bank transfer (automatic),96.35,1315.38,No
2303-37263,Male,0,No,No,17,Yes,No,DSL,No,No,No,No,No,No,One year,No,Credit card (automatic),61.26,1074.19,No
4088-20816,Female,0,Yes,No,7,Yes,Yes,Fiber optic,No,No,No,No,Yes,No,One year,Yes,Mailed check,111.09,782.76,Yes
7312-77923,Female,0,No,No,58,No,No phone service,Fiber optic,Yes,Yes,No,No,No,No,One year,No,Mailed check,105.76,6035.34,Yes
1806-38208,Male,0,Yes,Yes,25,Yes,No,DSL,No,No,No,Yes,Yes,No,One year,Yes,Credit card (automatic),76.85,1864.35,No
6699-53558,Female,0,No,No,49,Yes,No,No,No internet service,No internet service,No internet service,No internet service,No internet service,No internet service,Month-to-month,No,Bank transfer (automatic),27.47,1363.36,No
9654-48000,Female,0,Yes,No,29,Yes,Yes,DSL,No,No,No,No,No,No,Month-to-month,No,Credit card (automatic),61.81,1732.63,No
4515-10421,Female,0,Yes,Yes,36,Yes,Yes,DSL,Yes,Yes,No,Yes,No,Yes,Month-to-month,No,Credit card (automatic),83.61,3031.4,No
8154-67706,Male,0,No,No,32,Yes,Yes,Fiber optic,No,No,No,No,No,Yes,Month-to-month,Yes,Electronic check,112.12,3591.7,Yes
2325-19645,Female,0,No,Yes,1,Yes,Yes,No,No internet service,No internet service,No internet service,No internet service,No internet service,No internet service,One year,Yes,Credit card (automatic),25.07,24.26,No
5252-27964,Female,0,Yes,Yes,17,Yes,Yes,DSL,No,No,Yes,No,No,Yes,Two year,Yes,Credit card (automatic),56.74,950.19,Yes
6163-77010,Female,0,Yes,Yes,60,Yes,Yes,DSL,Yes,No,No,No,Yes,Yes,Two year,Yes,Electronic check,64.41,3817.24,No
1253-13956,Male,0,No,Yes,4,Yes,No,Fiber optic,No,No,No,No,Yes,Yes,Month-to-month,No,Bank transfer (automatic),111.7,461.67,No
5847-79337,Male,0,No,No,57,No,No phone service,Fiber optic,No,No,No,Yes,No,Yes,Two year,Yes,Bank transfer (automatic),85.91,5023.83,No
7672-11821,Female,0,No,No,26,No,No phone service,Fiber optic,No,No,No,No,No,No,One year,Yes,Mailed check,85.41,2256.17,No
9380-29083,Male,0,Yes,No,43,Yes,Yes,No,No internet service,No internet service,No internet service,No internet service,No internet service,No internet service,Month-to-month,Yes,Bank transfer (automatic),32.74,1406.03,No
4389-74281,Female,0,Yes,No,2,Yes,Yes,DSL,Yes,Yes,No,No,Yes,Yes,One year,Yes,Mailed check,66.23,135.54,No
6205-99368,Male,0,No,No,24,Yes,No,DSL,Yes,No,Yes,No,Yes,No,Two year,No,Credit card (automatic),86.56,2110.04,No
9643-47018,Female,0,No,No,2,Yes,No,Fiber optic,No,No,No,No,No,No,Month-to-month,Yes,Electronic check,90.35,184.9,Yes
7691-26400,Male,0,Yes,No,19,Yes,No,Fiber optic,No,Yes,Yes,No,No,No,One year,No,Credit card (automatic),85.69,1608.32,No
7722-29425,Male,0,Yes,No,5,Yes,Yes,Fiber optic,No,No,Yes,No,No,No,Month-to-month,Yes,Mailed check,85.72,413.37,Yes
6247-49596,Male,0,Yes,No,27,Yes,Yes,Fiber optic,No,No,Yes,No,Yes,Yes,Month-to-month,No,Credit card (automatic),115.58,3051.07,Yes
2788-23287,Male,0,No,No,62,Yes,No,No,No internet service,No internet service,No internet service,No internet service,No internet service,No internet service,Month-to-month,Yes,Credit card (automatic),25.63,1590.65,No
5217-19046,Male,0,Yes,Yes,32,Yes,Yes,DSL,Yes,No,Yes,No,No,No,Month-to-month,Yes,Credit card (automatic),63.71,2101.46,No
3486-54896,Male,0,No,No,57,Yes,Yes,No,No internet service,No internet service,No internet service,No internet service,No internet service,No internet service,One year,Yes,Mailed check,26.39,1469.6,No
3025-44847,Male,0,No,Yes,1,Yes,No,Fiber optic,No,No,No,No,Yes,No,Month-to-month,No,Electronic check,77.47,78.03,Yes
5951-74819,Female,0,Yes,Yes,48,Yes,No,No,No internet service,No internet service,No internet service,No internet service,No internet service,No internet service,One year,No,Credit card (automatic),28.5,1422.47,No
4752-84277,Female,0,Yes,No,17,No,No phone service,Fiber optic,No,No,Yes,Yes,Yes,Yes,Two year,Yes,Mailed check,115.06,1978.4,No
6079-13644,Female,0,Yes,No,56,Yes,No,No,No internet service,No internet service,No internet service,No internet service,No internet service,No internet service,Two year,No,Credit card (automatic),20.83,1135.17,No
8734-80673,Male,0,Yes,Yes,5,Yes,No,No,No internet service,No internet service,No internet service,No internet service,No internet service,No internet service,Month-to-month,Yes,Electronic check,19.73,101.27,No
1100-70805,Female,0,No,No,39,No,No phone service,DSL,Yes,Yes,Yes,No,No,No,Month-to-month,Yes,Mailed check,78.96,3139.45,No
2322-25077,Female,0,No,No,38,Yes,Yes,Fiber optic,No,No,No,No,No,No,Month-to-month,No,Bank transfer (automatic),89.4,3392.92,Yes
5429-25626,Male,0,Yes,Yes,18,Yes,No,Fiber optic,No,No,No,No,No,Yes,Month-to-month,Yes,Bank transfer (automatic),105.2,1958.34,Yes
7155-55020,Female,0,No,No,9,Yes,Yes,Fiber optic,No,Yes,No,No,No,Yes,Month-to-month,Yes,Bank transfer (automatic),92.67,806.12,No
6694-19465,Female,0,Yes,No,26,No,No phone service,DSL,No,No,No,No,No,No,One year,Yes,Credit card (automatic),40.16,1030.69,No
9718-91899,Male,0,No,No,21,Yes,Yes,DSL,No,No,No,No,No,No,One year,Yes,Bank transfer (automatic),56.64,1146.78,No
5811-85236,Male,0,No,Yes,10,Yes,No,Fiber optic,No,No,No,No,Yes,Yes,Month-to-month,No,Credit card (automatic),87.54,891.48,Yes
1506-77014,Male,0,Yes,No,15,Yes,No,Fiber optic,No,No,Yes,No,No,Yes,Month-to-month,Yes,Bank transfer (automatic),96.76,1396.94,No
8483-89084,Male,0,No,No,17,Yes,No,Fiber optic,No,No,Yes,No,No,No,Two year,Yes,Electronic check,94.14,1610.99,Yes
5653-93948,Female,0,No,Yes,47,Yes,No,Fiber optic,No,No,No,Yes,Yes,Yes,Two year,No,Credit card (automatic),101.29,4940.85,Yes
9012-30698,Female,0,Yes,No,36,Yes,No,DSL,No,No,No,No,Yes,No,One year,No,Electronic check,48.32,1775.99,No
6392-55839,Female,1,No,No,38,Yes,No,No,No internet service,No internet service,No internet service,No internet service,No internet service,No internet service,One year,Yes,Credit card (automatic),22.03,861.81,No
9737-39747,Male,0,Yes,Yes,46,Yes,Yes,Fiber optic,Yes,No,No,No,No,Yes,One year,No,Electronic check,118.18,5393.39,No
3611-61848,Male,1,Yes,No,39,Yes,No,No,No internet service,No internet service,No internet service,No internet service,No internet service,No internet service,Month-to-month,Yes,Bank transfer (automatic),21.16,804.47,No
2959-61938,Female,1,No,No,27,Yes,No,No,No internet service,No internet service,No internet service,No internet service,No internet service,No internet service,Two year,Yes,Bank transfer (automatic),19.8,522.75,No
8791-72471,Male,0,Yes,No,49,Yes,Yes,No,No internet service,No internet service,No internet service,No internet service,No internet service,No internet service,Month-to-month,No,Mailed check,25.86,1243.98,No
2855-33271,Female,0,Yes,No,33,Yes,No,Fiber optic,No,No,No,Yes,Yes,Yes,One year,Yes,Mailed check,89.62,2884.7,No
6235-31904,Female,0,Yes,Yes,66,Yes,Yes,Fiber optic,Yes,Yes,No,No,Yes,No,Month-to-month,No,Mailed check,109.22,7043.05,No
4761-44591,Male,1,Yes,No,5,Yes,No,Fiber optic,No,No,No,No,Yes,No,One year,Yes,Mailed check,98.63,494.32,Yes
6295-93365,Female,0,Yes,No,52,Yes,No,DSL,Yes,Yes,No,No,No,Yes,One year,No,Mailed check,61.13,3180.9,No
2250-27197,Male,0,Yes,Yes,21,Yes,No,No,No internet service,No internet service,No internet service,No internet service,No internet service,No internet service,One year,Yes,Mailed check,23.25,484.42,No
7594-36529,Male,1,No,No,21,Yes,No,Fiber optic,No,No,No,No,No,Yes,Month-to-month,No,Bank transfer (automatic),92.45,1958.56,No
1829-85591,Male,0,Yes,No,50,Yes,No,Fiber optic,No,No,No,No,Yes,Yes,One year,No,Mailed check,83.19,4007.0,No
2768-89767,Male,1,No,No,49,Yes,No,Fiber optic,No,No,No,No,No,Yes,One year,Yes,Credit card (automatic),73.91,3516.6,No
6684-27817,Male,0,No,Yes,14,No,No phone service,Fiber optic,Yes,Yes,Yes,No,Yes,Yes,One year,No,Credit card (automatic),105.03,1487.51,Yes
8158-15084,Female,0,Yes,No,72,Yes,No,Fiber optic,No,No,No,No,Yes,No,Month-to-month,No,Credit card (automatic),112.41,8026.58,Yes
7365-15133,Female,0,No,No,41,Yes,Yes,DSL,No,No,No,Yes,Yes,No,Month-to-month,Yes,Electronic check,77.37,3282.1,No
5136-85615,Male,0,No,No,31,Yes,Yes,Fiber optic,No,No,No,No,No,Yes,One year,No,Credit card (automatic),103.05,3076.19,Yes
4031-99510,Female,0,No,No,43,Yes,No,No,No internet service,No internet service,No internet service,No internet service,No internet service,No internet service,Month-to-month,No,Mailed check,25.74,1138.88,No
1496-69947,Female,0,No,No,46,No,No phone service,Fiber optic,No,No,No,No,No,No,One year,Yes,Mailed check,69.85,3163.13,No
2894-52119,Male,0,Yes,No,49,Yes,No,DSL,Yes,Yes,Yes,Yes,No,No,Month-to-month,Yes,Mailed check,80.45,3972.04,No
2863-19662,Male,0,Yes,Yes,22,Yes,No,Fiber optic,No,Yes,No,Yes,Yes,No,One year,No,Bank transfer (automatic),81.94,1790.24,No
1507-52365,Male,0,No,No,52,Yes,Yes,Fiber optic,No,Yes,No,No,No,No,Month-to-month,Yes,Electronic check,118.08,6195.1,Yes
5626-71371,Female,1,No,No,55,Yes,Yes,No,No internet service,No internet service,No internet service,No internet service,No internet service,No internet service,Two year,Yes,Credit card (automatic),30.99,1641.34,No
7352-14339,Female,0,No,No,20,Yes,No,No,No internet service,No internet service,No internet service,No internet service,No internet service,No internet service,Month-to-month,Yes,Electronic check,27.09,525.78,No
6205-44999,Male,0,No,Yes,11,Yes,No,DSL,No,Yes,No,No,No,No,Month-to-month,Yes,Electronic check,66.25,730.28,Yes
7106-66855,Female,0,Yes,No,6,Yes,No,DSL,Yes,No,No,Yes,Yes,No,Month-to-month,Yes,Bank transfer (automatic),75.55,462.15,No
1421-79051,Male,0,Yes,No,68,Yes,Yes,DSL,No,No,No,No,No,No,Two year,Yes,Mailed check,74.54,5047.65,No
8255-74041,Female,0,No,No,7,Yes,Yes,DSL,Yes,No,No,No,No,Yes,Month-to-month,Yes,Mailed check,58.61,424.59,Yes
8489-13877,Female,0,Yes,Yes,44,Yes,Yes,Fiber optic,No,Yes,No,Yes,Yes,Yes,Month-to-month,Yes,Bank transfer (automatic),113.41,5000.9,No
9203-27987,Female,0,No,No,37,Yes,No,Fiber optic,No,Yes,No,Yes,Yes,No,Month-to-month,Yes,Mailed check,114.83,4155.57,No
4663-60361,Male,1,No,Yes,63,Yes,No,No,No internet service,No internet service,No internet service,No internet service,No internet service,No internet service,Two year,Yes,Electronic check,20.29,1295.19,No
9906-46204,Male,0,Yes,Yes,42,Yes,No,DSL,No,Yes,No,No,No,No,Month-to-month,No,Electronic check,60.21,2448.94,No
1423-19663,Female,1,Yes,No,48,Yes,Yes,DSL,No,Yes,No,No,No,No,One year,No,Mailed check,65.16,3208.16,No
8946-45675,Male,0,No,No,26,Yes,Yes,Fiber optic,Yes,No,No,No,Yes,Yes,Month-to-month,Yes,Bank transfer (automatic),112.89,2873.39,No
4672-38156,Male,1,No,No,32,Yes,No,Fiber optic,Yes,No,Yes,No,No,No,Month-to-month,Yes,Credit card (automatic),97.47,3216.01,Yes
2753-29234,Male,0,No,Yes,44,Yes,Yes,DSL,Yes,No,Yes,No,No,No,Month-to-month,No,Bank transfer (automatic),79.21,3427.14,No
6001-56609,Female,0,Yes,Yes,32,Yes,Yes,DSL,No,No,Yes,No,No,No,One year,Yes,Mailed check,74.04,2388.3,Yes
8934-10340,Male,1,Yes,No,17,Yes,No,Fiber optic,No,No,Yes,No,No,No,Month-to-month,No,Bank transfer (automatic),103.95,1755.23,Yes
2789-89051,Female,1,Yes,Yes,57,Yes,Yes,DSL,No,No,No,No,Yes,No,Two year,Yes,Credit card (automatic),57.92,3214.2,No
1346-36273,Female,0,Yes,No,27,Yes,No,Fiber optic,No,No,No,No,No,Yes,Month-to-month,Yes,Bank transfer (automatic),85.5,2361.69,Yes
4386-64120,Female,0,Yes,Yes,56,Yes,Yes,No,No internet service,No internet service,No internet service,No internet service,No internet service,No internet service,One year,Yes,Credit card (automatic),34.86,2017.88,No
2086-82555,Female,0,No,Yes,14,Yes,Yes,DSL,No,Yes,Yes,No,No,Yes,Month-to-month,No,Credit card (automatic),84.3,1155.64,No
7699-69756,Male,0,Yes,No,25,Yes,Yes,Fiber optic,No,No,No,Yes,Yes,No,Month-to-month,Yes,Mailed check,88.84,2215.27,Yes
7369-90978,Female,1,No,Yes,51,No,No phone service,No,No internet service,No internet service,No internet service,No internet service,No internet service,No internet service,Two year,Yes,Mailed check,22.12,1147.15,No
4526-62054,Female,0,No,No,54,Yes,Yes,Fiber optic,No,Yes,No,No,Yes,Yes,One year,No,Credit card (automatic),96.67,5091.56,No
7235-63636,Female,0,No,No,58,Yes,No,DSL,No,Yes,No,Yes,No,No,One year,Yes,Credit card (automatic),69.33,4093.47,No
3645-94115,Female,0,No,Yes,14,Yes,Yes,DSL,No,No,No,Yes,No,No,One year,Yes,Mailed check,61.77,864.8,No
2106-49940,Female,0,Yes,No,10,No,No phone service,Fiber optic,No,Yes,Yes,No,No,Yes,Month-to-month,Yes,Bank transfer (automatic),108.44,1115.91,Yes
5346-48877,Female,0,No,No,16,Yes,Yes,DSL,Yes,No,No,Yes,No,No,Two year,Yes,Bank transfer (automatic),63.17,982.72,No
9858-92693,Female,0,Yes,No,10,Yes,Yes,No,No internet service,No internet service,No internet service,No internet service,No internet service,No internet service,Month-to-month,No,Credit card (automatic),26.48,274.94,No
8149-79674,Male,1,Yes,Yes,69,Yes,No,No,No internet service,No internet service,No internet service,No internet service,No internet service,No internet service,Two year,No,Credit card (automatic),28.67,2018.18,No
1268-71288,Male,0,No,No,45,No,No phone service,No,No internet service,No internet service,No internet service,No internet service,No internet service,No internet service,One year,Yes,Electronic check,20.58,955.95,No
2929-80631,Male,0,Yes,No,17,Yes,Yes,No,No internet service,No internet service,No internet service,No internet service,No internet service,No internet service,Month-to-month,Yes,Electronic check,25.55,435.17,No
4889-45003,Female,0,Yes,Yes,46,Yes,Yes,No,No internet service,No internet service,No internet service,No internet service,No internet service,No internet service,One year,Yes,Mailed check,28.47,1261.74,No
4626-92647,Male,0,No,Yes,68,Yes,No,No,No internet service,No internet service,No internet service,No internet service,No internet service,No internet service,Two year,Yes,Credit card (automatic),26.53,1755.39,No
5022-30242,Male,1,Yes,Yes,47,Yes,Yes,Fiber optic,No,No,No,No,Yes,No,Month-to-month,No,Credit card (automatic),88.36,4160.55,Yes
8706-97123,Female,0,Yes,Yes,13,Yes,No,DSL,Yes,Yes,Yes,No,Yes,Yes,Month-to-month,Yes,Bank transfer (automatic),72.77,937.81,No
6583-66624,Male,0,Yes,Yes,27,Yes,Yes,DSL,Yes,No,Yes,No,No,Yes,One year,No,Credit card (automatic),66.72,1739.99,No
2314-50184,Female,0,Yes,No,64,Yes,No,Fiber optic,No,No,No,No,Yes,No,Month-to-month,No,Mailed check,95.22,6131.78,Yes
5552-18906,Female,0,No,No,28,Yes,No,DSL,No,Yes,No,No,No,No,Month-to-month,Yes,Mailed check,51.71,1441.39,Yes
2807-25937,Male,0,No,No,11,Yes,Yes,No,No internet service,No internet service,No internet service,No internet service,No internet service,No internet service,One year,No,Electronic check,32.18,364.01,No
1059-40118,Male,0,Yes,Yes,15,No,No phone service,No,No internet service,No internet service,No internet service,No internet service,No internet service,No internet service,Two year,Yes,Electronic check,22.17,340.66,No
2328-73168,Female,0,No,Yes,30,Yes,No,Fiber optic,No,No,No,No,No,Yes,Month-to-month,Yes,Mailed check,109.12,3330.34,No
7019-23377,Female,0,No,No,59,Yes,Yes,No,No internet service,No internet service,No internet service,No internet service,No internet service,No internet service,Two year,No,Electronic check,24.6,1475.9,No
9552-28301,Female,1,No,No,6,Yes,Yes,Fiber optic,Yes,Yes,No,No,Yes,Yes,Month-to-month,No,Electronic check,89.21,553.2,Yes
3757-57161,Female,0,No,No,39,Yes,Yes,Fiber optic,No,No,No,No,Yes,Yes,Month-to-month,No,Credit card (automatic),100.62,3967.57,Yes
9870-57675,Male,1,No,Yes,32,Yes,Yes,No,No internet service,No internet service,No internet service,No internet service,No internet service,No internet service,Month-to-month,No,Credit card (automatic),26.84,845.17,No
1398-99033,Female,0,No,Yes,5,Yes,No,No,No internet service,No internet service,No internet service,No internet service,No internet service,No internet service,Month-to-month,Yes,Mailed check,29.8,143.18,No
5975-68952,Male,0,No,No,18,No,No phone service,No,No internet service,No internet service,No internet service,No internet service,No internet service,No internet service,One year,No,Electronic check,23.37,417.21,No
8032-64459,Male,1,Yes,No,19,Yes,No,Fiber optic,No,No,No,Yes,Yes,Yes,Month-to-month,Yes,Mailed check,93.52,1837.84,Yes
4964-12527,Female,0,Yes,Yes,43,Yes,Yes,DSL,No,Yes,Yes,No,Yes,No,Month-to-month,No,Electronic check,89.95,3912.9,No
6307-28132,Male,0,Yes,No,31,Yes,No,Fiber optic,No,No,Yes,No,No,Yes,One year,No,Electronic check,99.57,2992.57,No
5493-71733,Female,0,No,Yes,52,No,No phone service,Fiber optic,No,No,Yes,No,Yes,Yes,One year,No,Credit card (automatic),119.0,6391.1,No
8017-61453,Female,0,Yes,No,55,No,No phone service,No,No internet service,No internet service,No internet service,No internet service,No internet service,No internet service,One year,Yes,Credit card (automatic),19.45,1065.17,No
8718-30107,Male,0,No,No,55,No,No phone service,Fiber optic,No,Yes,No,No,No,Yes,One year,Yes,Bank transfer (automatic),89.08,4726.25,Yes
3154-93380,Female,0,Yes,No,18,Yes,Yes,No,No internet service,No internet service,No internet service,No internet service,No internet service,No internet service,Two year,Yes,Credit card (automatic),35.32,651.88,No
7010-66704,Female,0,No,No,57,Yes,No,DSL,No,Yes,No,No,Yes,Yes,One year,No,Mailed check,79.19,4683.98,No
4677-62748,Male,0,Yes,No,48,Yes,Yes,Fiber optic,No,No,No,Yes,Yes,No,Two year,Yes,Credit card (automatic),85.47,4063.24,No
1259-29767,Female,0,Yes,No,27,Yes,Yes,Fiber optic,Yes,No,No,Yes,No,Yes,Two year,Yes,Credit card (automatic),119.0,3269.87,No
8252-36904,Male,0,Yes,No,19,Yes,Yes,No,No internet service,No internet service,No internet service,No internet service,No internet service,No internet service,Two year,Yes,Credit card (automatic),32.58,620.58,No
8342-12873,Female,1,No,No,11,Yes,Yes,Fiber optic,No,No,No,No,No,No,Month-to-month,Yes,Electronic check,73.24,820.8,No
4198-18077,Male,0,No,No,25,Yes,Yes,DSL,No,Yes,No,No,No,No,Month-to-month,No,Credit card (automatic),75.92,1864.89,No
4431-75135,Female,1,Yes,Yes,48,Yes,No,No,No internet service,No internet service,No internet service,No internet service,No internet service,No internet service,Month-to-month,Yes,Credit card (automatic),23.96,1141.12,No
3698-10896,Female,0,No,No,40,Yes,No,DSL,No,Yes,No,Yes,Yes,Yes,Month-to-month,Yes,Credit card (automatic),70.68,2723.88,Yes
9285-54127,Female,0,No,No,6,Yes,No,Fiber optic,No,Yes,No,No,No,No,One year,No,Credit card (automatic),99.33,590.89,No
9483-80720,Male,0,No,No,34,Yes,Yes,Fiber optic,No,No,Yes,No,Yes,Yes,Month-to-month,Yes,Credit card (automatic),92.64,3189.88,Yes
8481-66646,Female,1,No,No,60,Yes,No,No,No internet service,No internet service,No internet service,No internet service,No internet service,No internet service,One year,Yes,Mailed check,21.43,1256.63,No
5174-99597,Male,0,No,No,26,Yes,No,DSL,Yes,Yes,Yes,Yes,No,Yes,Two year,Yes,Electronic check,82.65,2134.35,No
4675-81125,Male,1,No,No,39,Yes,No,Fiber optic,No,No,No,No,Yes,Yes,Month-to-month,Yes,Mailed check,79.79,3195.13,Yes
9756-23595,Female,0,No,Yes,31,Yes,No,DSL,No,No,Yes,No,No,No,Two year,Yes,Bank transfer (automatic),70.15,2245.23,No
2724-93557,Female,0,No,No,33,Yes,Yes,Fiber optic,No,No,No,No,Yes,No,Two year,No,Credit card (automatic),86.74,2800.95,Yes
6294-83494,Female,0,No,Yes,30,Yes,No,Fiber optic,No,Yes,Yes,No,No,Yes,Two year,No,Mailed check,111.95,3383.65,No
9556-59903,Male,1,Yes,No,46,No,No phone service,Fiber optic,No,No,No,No,No,Yes,Month-to-month,Yes,Electronic check,72.58,3265.23,Yes
8855-70565,Female,0,Yes,No,40,Yes,No,No,No internet service,No internet service,No internet service,No internet service,No internet service,No internet service,Two year,No,Electronic check,26.12,1072.35,No
1638-65840,Female,1,No,No,22,No,No phone service,Fiber optic,Yes,No,No,No,No,Yes,Month-to-month,Yes,Mailed check,83.63,1837.97,Yes
1170-24409,Female,0,No,No,51,Yes,Yes,No,No internet service,No internet service,No internet service,No internet service,No internet service,No internet service,Two year,No,Mailed check,29.57,1503.49,No
2405-75940,Male,0,No,Yes,56,Yes,No,No,No internet service,No internet service,No internet service,No internet service,No internet service,No internet service,Month-to-month,Yes,Credit card (automatic),25.21,1447.43,No
5345-88548,Female,0,No,No,38,No,No phone service,Fiber optic,No,No,No,No,Yes,No,Month-to-month,Yes,Credit card (automatic),106.78,4137.72,Yes
6346-41386,Female,0,No,Yes,32,Yes,No,DSL,No,Yes,Yes,No,Yes,No,Month-to-month,Yes,Mailed check,65.7,2112.62,Yes
3338-43277,Female,0,Yes,Yes,34,Yes,Yes,DSL,No,No,No,Yes,No,Yes,One year,Yes,Mailed check,69.04,2393.99,No
3947-22912,Male,0,No,No,40,Yes,No,Fiber optic,No,Yes,No,Yes,Yes,No,Two year,No,Mailed check,102.39,4243.73,Yes
3192-95102,Male,0,Yes,No,6,Yes,Yes,DSL,No,No,Yes,No,No,No,One year,No,Mailed check,65.03,391.41,No
9677-50108,Male,0,No,Yes,8,Yes,No,DSL,Yes,No,No,No,No,No,One year,Yes,Mailed check,72.98,581.54,No
8644-26692,Female,0,No,No,36,Yes,No,DSL,No,No,No,No,Yes,Yes,Month-to-month,No,Mailed check,64.0,2286.46,No
2941-75916,Male,0,Yes,Yes,47,Yes,Yes,Fiber optic,No,Yes,No,No,Yes,No,Two year,Yes,Electronic check,96.47,4460.11,No
1647-77161,Male,0,No,No,9,Yes,Yes,DSL,No,No,Yes,No,Yes,No,Month-to-month,Yes,Credit card (automatic),69.99,648.01,Yes
7611-92061,Female,0,No,Yes,35,Yes,Yes,DSL,No,Yes,No,Yes,Yes,Yes,Two year,Yes,Electronic check,75.14,2557.18,No
4954-26364,Male,0,Yes,Yes,28,Yes,Yes,Fiber optic,No,No,No,No,No,Yes,Two year,Yes,Credit card (automatic),84.35,2418.29,No
2187-29098,Female,0,No,No,0,Yes,No,DSL,No,Yes,No,Yes,Yes,No,Month-to-month,Yes,Credit card (automatic),63.3,,Yes
5590-24924,Female,0,No,No,41,Yes,No,DSL,No,Yes,No,No,Yes,No,Month-to-month,Yes,Bank transfer (automatic),53.17,2252.34,No
1682-21726,Male,0,No,No,16,Yes,Yes,Fiber optic,No,Yes,No,No,Yes,No,One year,No,Bank transfer (automatic),119.0,1921.61,No
2105-11025,Male,0,Yes,No,21,No,No phone service,No,No internet service,No internet service,No internet service,No internet service,No internet service,No internet service,Two year,Yes,Electronic check,26.3,553.64,No
6957-72217,Female,0,Yes,No,16,Yes,No,DSL,No,Yes,No,No,No,No,One year,Yes,Mailed check,65.6,1027.4,No
5031-86548,Male,0,No,No,30,Yes,Yes,Fiber optic,No,No,Yes,No,Yes,Yes,Two year,No,Bank transfer (automatic),97.24,2984.9,No
4850-76666,Female,0,Yes,No,23,No,No phone service,DSL,Yes,No,Yes,No,No,No,Two year,No,Credit card (automatic),53.55,1259.16,No
6765-13749,Male,0,Yes,No,35,Yes,Yes,Fiber optic,No,No,No,No,No,No,Month-to-month,No,Mailed check,101.02,3643.9,No
2788-81104,Male,0,No,No,46,Yes,No,DSL,No,No,No,Yes,Yes,Yes,Month-to-month,Yes,Mailed check,73.93,3423.58,Yes
8187-64314,Male,0,No,Yes,7,Yes,Yes,Fiber optic,No,No,No,No,Yes,No,One year,Yes,Credit card (automatic),106.46,773.33,Yes
3027-20629,Female,0,No,Yes,25,Yes,Yes,Fiber optic,No,Yes,No,No,Yes,No,Month-to-month,Yes,Bank transfer (automatic),119.0,2938.67,Yes
6962-52846,Male,0,No,No,43,Yes,Yes,DSL,No,No,Yes,Yes,No,No,Two year,No,Credit card (automatic),56.45,2371.82,No
4200-81576,Male,1,Yes,No,19,Yes,No,No,No internet service,No internet service,No internet service,No internet service,No internet service,No internet service,Month-to-month,No,Bank transfer (automatic),23.39,458.42,No
3631-59109,Male,0,Yes,No,23,No,No phone service,Fiber optic,Yes,No,No,No,No,No,One year,No,Bank transfer (automatic),94.77,2205.93,No
3957-80781,Male,0,No,No,41,No,No phone service,DSL,Yes,Yes,No,No,No,No,Month-to-month,Yes,Bank transfer (automatic),61.04,2511.57,Yes
2331-76345,Male,0,Yes,No,51,Yes,No,Fiber optic,Yes,Yes,No,No,No,No,Two year,Yes,Electronic check,81.44,4249.52,No
3990-43846,Female,0,Yes,No,47,Yes,Yes,DSL,Yes,No,Yes,No,No,No,Month-to-month,No,Mailed check,56.23,2674.68,No
3238-99119,Female,0,No,No,33,Yes,No,DSL,Yes,No,Yes,No,Yes,Yes,One year,Yes,Credit card (automatic),63.71,2118.2,No
7045-79239,Male,0,Yes,Yes,31,No,No phone service,Fiber optic,No,Yes,No,No,No,No,Month-to-month,Yes,Bank transfer (automatic),106.57,3404.29,No
7968-23850,Female,0,No,No,63,Yes,Yes,No,No internet service,No internet service,No internet service,No internet service,No internet service,No internet service,Two year,Yes,Credit card (automatic),34.1,2106.05,No
3909-11322,Female,0,No,Yes,41,Yes,Yes,No,No internet service,No internet service,No internet service,No internet service,No internet service,No internet service,Month-to-month,No,Credit card (automatic),28.42,1155.34,No
4067-20518,Female,0,No,Yes,19,No,No phone service,Fiber optic,No,No,Yes,No,No,Yes,One year,Yes,Mailed check,79.52,1469.05,No
9370-43256,Female,0,Yes,No,29,No,No phone service,No,No internet service,No internet service,No internet service,No internet service,No internet service,No internet service,Two year,No,Credit card (automatic),25.83,757.13,No
1368-45493,Male,0,Yes,Yes,67,Yes,Yes,Fiber optic,No,Yes,No,No,No,No,Month-to-month,No,Mailed check,106.44,7208.34,No
2619-73409,Female,0,No,No,43,Yes,No,DSL,No,Yes,Yes,No,Yes,Yes,Month-to-month,Yes,Mailed check,68.42,2876.79,No
5965-75991,Female,0,No,No,1,Yes,Yes,Fiber optic,Yes,No,Yes,No,No,No,Month-to-month,Yes,Electronic check,98.21,96.02,Yes
1554-54815,Female,0,No,No,41,Yes,No,Fiber optic,No,No,No,Yes,Yes,Yes,One year,Yes,Credit card (automatic),117.21,4734.86,No
2723-29820,Male,0,Yes,Yes,37,No,No phone service,DSL,Yes,Yes,No,No,Yes,No,Month-to-month,Yes,Bank transfer (automatic),65.84,2441.68,No
5814-57831,Female,0,No,No,9,Yes,Yes,Fiber optic,No,No,No,Yes,No,No,Month-to-month,No,Credit card (automatic),98.09,867.34,Yes
2330-62863,Female,0,Yes,No,2,Yes,Yes,DSL,Yes,No,Yes,No,Yes,No,Month-to-month,Yes,Electronic check,81.18,163.81,No
9171-83255,Female,0,Yes,No,37,No,No phone service,Fiber optic,Yes,Yes,No,No,Yes,Yes,Month-to-month,No,Mailed check,106.89,3828.15,No
4710-16495,Male,0,Yes,No,16,No,No phone service,Fiber optic,No,Yes,No,No,No,No,Month-to-month,No,Electronic check,82.53,1325.87,Yes
1605-58909,Male,0,Yes,No,43,Yes,No,Fiber optic,No,Yes,No,No,No,No,Month-to-month,No,Mailed check,75.4,3342.85,No
3363-60431,Female,0,Yes,No,43,Yes,No,Fiber optic,Yes,No,No,No,Yes,No,One year,Yes,Mailed check,98.44,4390.02,No
6399-28165,Male,1,Yes,No,24,Yes,Yes,DSL,No,Yes,No,No,Yes,No,One year,No,Electronic check,54.69,1358.8,No
6868-18696,Male,0,No,No,14,Yes,No,Fiber optic,No,No,No,Yes,Yes,Yes,Month-to-month,Yes,Mailed check,84.67,1143.95,No
2812-22803,Female,0,No,No,19,Yes,Yes,DSL,No,No,No,No,No,No,Two year,Yes,Credit card (automatic),46.1,907.79,No
3446-98536,Female,0,Yes,No,35,No,No phone service,DSL,No,Yes,Yes,No,Yes,Yes,Month-to-month,Yes,Electronic check,64.9,2285.1,No
9748-80145,Male,0,Yes,No,61,Yes,No,Fiber optic,Yes,No,No,No,No,Yes,Two year,No,Credit card (automatic),100.46,6292.14,No
8116-94918,Male,0,No,Yes,5,Yes,No,Fiber optic,Yes,No,No,No,No,No,One year,Yes,Electronic check,108.84,548.58,Yes
1684-68850,Male,0,Yes,No,33,Yes,Yes,Fiber optic,No,No,No,Yes,No,Yes,Month-to-month,No,Credit card (automatic),88.47,2970.12,Yes
6250-67038,Male,1,Yes,No,19,Yes,Yes,DSL,No,No,Yes,No,No,No,One year,No,Electronic check,61.4,1212.98,No
2506-48815,Male,0,No,No,41,Yes,Yes,No,No internet service,No internet service,No internet service,No internet service,No internet service,No internet service,Month-to-month,Yes,Credit card (automatic),26.95,1127.2,No
3770-61768,Female,1,No,No,56,Yes,No,No,No internet service,No internet service,No internet service,No internet service,No internet service,No internet service,Two year,No,Mailed check,25.97,1443.87,No
6351-84170,Female,0,No,No,37,No,No phone service,No,No internet service,No internet service,No internet service,No internet service,No internet service,No internet service,One year,No,Electronic check,28.49,1024.65,No
4396-14162,Male,0,Yes,No,43,Yes,No,DSL,No,No,No,No,No,No,Month-to-month,No,Mailed check,67.6,2811.96,No
6015-48766,Male,0,Yes,Yes,29,Yes,No,DSL,Yes,No,No,No,Yes,No,Month-to-month,No,Electronic check,79.12,2353.31,Yes
5064-68230,Female,0,Yes,No,24,Yes,No,Fiber optic,No,No,Yes,No,No,No,One year,Yes,Electronic check,81.49,1890.27,No
9572-13826,Male,0,No,Yes,17,Yes,Yes,DSL,Yes,No,No,No,Yes,Yes,Month-to-month,Yes,Credit card (automatic),85.45,1505.51,No
2244-35565,Male,0,Yes,No,65,Yes,No,DSL,No,Yes,No,No,No,Yes,Month-to-month,Yes,Bank transfer (automatic),55.22,3650.31,No
9810-46563,Male,0,Yes,No,31,Yes,Yes,Fiber optic,No,Yes,No,No,Yes,No,Two year,Yes,Credit card (automatic),113.62,3453.6,Yes
7219-10794,Female,0,Yes,No,30,Yes,Yes,No,No internet service,No internet service,No internet service,No internet service,No internet service,No internet service,Month-to-month,Yes,Electronic check,25.71,788.43,No
8400-24761,Male,0,No,No,48,Yes,Yes,Fiber optic,No,No,No,No,Yes,Yes,Month-to-month,Yes,Mailed check,107.82,5210.07,No
9961-70350,Male,0,Yes,Yes,47,Yes,No,DSL,No,Yes,No,Yes,No,No,Month-to-month,Yes,Bank transfer (automatic),62.48,2827.63,No
6926-72878,Female,0,Yes,Yes,35,Yes,Yes,DSL,Yes,No,No,Yes,No,Yes,One year,Yes,Credit card (automatic),75.34,2736.83,No
6261-60222,Male,0,No,No,51,Yes,No,DSL,No,No,No,No,No,No,One year,No,Mailed check,58.17,2975.64,No
1838-55119,Male,0,No,Yes,48,Yes,No,DSL,No,Yes,No,No,Yes,No,One year,No,Bank transfer (automatic),61.18,2879.42,No
2107-48659,Male,0,No,No,72,Yes,No,DSL,No,Yes,No,No,No,Yes,Two year,No,Mailed check,51.83,3805.63,No
7941-99181,Female,1,No,No,4,Yes,Yes,DSL,Yes,No,No,Yes,No,No,Month-to-month,Yes,Credit card (automatic),82.23,317.97,Yes
5602-43894,Female,0,Yes,No,23,No,No phone service,DSL,Yes,No,No,No,No,Yes,Month-to-month,Yes,Electronic check,64.76,1545.21,No
6911-48911,Female,0,No,No,54,Yes,No,DSL,No,No,Yes,No,Yes,Yes,Month-to-month,Yes,Credit card (automatic),85.03,4471.34,No
2501-90022,Male,0,Yes,No,45,Yes,No,No,No internet service,No internet service,No internet service,No internet service,No internet service,No internet service,Month-to-month,Yes,Credit card (automatic),27.46,1276.48,No
7843-73962,Male,0,No,No,13,Yes,Yes,Fiber optic,No,No,No,No,Yes,No,Month-to-month,Yes,Mailed check,97.26,1245.6,Yes
1247-90921,Female,0,Yes,No,47,Yes,No,No,No internet service,No internet service,No internet service,No internet service,No internet service,No internet service,Month-to-month,Yes,Credit card (automatic),20.16,941.51,No
8610-78492,Female,0,No,Yes,51,Yes,Yes,Fiber optic,No,No,No,Yes,No,No,Two year,Yes,Bank transfer (automatic),110.42,5543.25,No
8485-98752,Male,0,No,No,45,Yes,No,Fiber optic,No,No,No,No,No,No,Month-to-month,Yes,Mailed check,69.03,2992.07,No
2504-79296,Female,0,Yes,No,57,Yes,Yes,Fiber optic,Yes,No,No,No,No,Yes,Two year,No,Electronic check,89.69,5283.21,No
4331-43614,Female,0,Yes,No,33,Yes,No,Fiber optic,Yes,Yes,No,No,No,Yes,Two year,No,Credit card (automatic),104.52,3314.41,No
5613-22965,Female,0,No,No,56,Yes,No,DSL,No,Yes,No,No,Yes,Yes,Month-to-month,Yes,Credit card (automatic),83.08,4751.55,No
8541-11540,Female,0,Yes,No,38,Yes,Yes,Fiber optic,No,No,No,No,Yes,Yes,Two year,No,Credit card (automatic),106.31,4021.72,No
3488-19350,Male,0,No,No,38,Yes,Yes,DSL,Yes,No,Yes,No,No,No,One year,No,Bank transfer (automatic),81.87,3147.57,No
3435-61907,Male,0,Yes,No,30,Yes,Yes,Fiber optic,No,Yes,Yes,No,Yes,No,Month-to-month,Yes,Bank transfer (automatic),108.89,3216.56,Yes
1869-19522,Male,0,No,No,6,Yes,No,DSL,No,No,No,No,Yes,No,One year,No,Credit card (automatic),51.34,313.38,No
9188-13491,Male,0,No,No,48,Yes,Yes,DSL,No,No,Yes,No,Yes,No,Month-to-month,Yes,Mailed check,76.91,3638.06,No
3893-71636,Female,0,Yes,No,13,Yes,No,Fiber optic,No,No,No,No,Yes,Yes,Month-to-month,No,Credit card (automatic),110.97,1485.54,No
4953-55144,Female,0,No,No,33,Yes,No,DSL,No,No,No,No,No,No,Two year,No,Credit card (automatic),60.98,1992.74,No
7480-55791,Female,0,No,No,45,Yes,Yes,No,No internet service,No internet service,No internet service,No internet service,No internet service,No internet service,One year,No,Bank transfer (automatic),29.33,1299.67,No
1433-87276,Male,0,No,Yes,4,Yes,Yes,Fiber optic,No,Yes,No,No,Yes,No,Month-to-month,Yes,Credit card (automatic),90.68,364.22,No
2582-85715,Female,1,No,No,20,Yes,Yes,Fiber optic,Yes,No,No,No,No,Yes,One year,Yes,Electronic check,99.41,2043.65,No
4740-44454,Male,0,No,No,56,Yes,Yes,DSL,No,Yes,No,No,Yes,Yes,Two year,Yes,Electronic check,77.32,4242.03,No
2683-48125,Female,1,Yes,No,43,Yes,No,Fiber optic,No,No,No,No,Yes,Yes,Month-to-month,Yes,Mailed check,94.47,4148.49,No
8716-84136,Male,1,Yes,No,8,No,No phone service,DSL,No,Yes,No,No,No,No,Month-to-month,No,Electronic check,57.83,459.49,No
9714-25580,Male,0,Yes,No,6,Yes,No,DSL,Yes,Yes,No,No,No,Yes,Month-to-month,No,Electronic check,73.53,439.91,Yes
8805-78659,Male,0,No,Yes,61,Yes,Yes,Fiber optic,Yes,No,No,No,No,No,Two year,No,Electronic check,111.76,6552.82,No
8316-48886,Female,0,No,No,44,Yes,Yes,DSL,Yes,Yes,No,Yes,No,No,Month-to-month,No,Credit card (automatic),86.99,3874.26,No
6797-47517,Male,1,Yes,No,19,No,No phone service,Fiber optic,No,No,No,No,Yes,Yes,Month-to-month,No,Bank transfer (automatic),89.24,1681.27,No
9306-77686,Male,0,No,No,25,Yes,No,Fiber optic,No,Yes,Yes,No,Yes,Yes,One year,Yes,Mailed check,116.11,2938.15,Yes
9052-62160,Male,0,Yes,No,32,Yes,No,No,No internet service,No internet service,No internet service,No internet service,No internet service,No internet service,Month-to-month,Yes,Credit card (automatic),21.88,720.29,No
4748-77875,Female,0,No,No,10,Yes,Yes,Fiber optic,No,Yes,No,No,Yes,Yes,Month-to-month,Yes,Mailed check,119.0,1226.02,Yes
8876-92838,Male,1,No,No,64,No,No phone service,DSL,No,No,No,No,No,Yes,Two year,No,Electronic check,46.75,3094.95,No
5916-66537,Male,0,No,No,42,Yes,Yes,No,No internet service,No internet service,No internet service,No internet service,No internet service,No internet service,One year,No,Credit card (automatic),24.47,1043.52,No
5552-97070,Male,0,No,No,18,Yes,Yes,Fiber optic,No,No,No,Yes,No,No,Month-to-month,Yes,Electronic check,115.29,2137.52,Yes
7374-15038,Male,0,No,Yes,32,Yes,Yes,DSL,Yes,No,No,No,Yes,Yes,Two year,No,Credit card (automatic),63.12,2058.84,No
4359-81427,Female,0,Yes,No,44,Yes,Yes,Fiber optic,No,No,Yes,No,No,Yes,Month-to-month,Yes,Credit card (automatic),89.97,4036.54,Yes
8907-43331,Female,1,No,No,31,Yes,No,Fiber optic,No,No,Yes,No,No,Yes,Month-to-month,No,Electronic check,113.5,3627.23,Yes
9197-78036,Male,0,Yes,No,26,Yes,No,DSL,Yes,Yes,No,Yes,No,Yes,Month-to-month,Yes,Credit card (automatic),64.0,1602.4,No
1708-86732,Female,0,No,No,29,Yes,No,No,No internet service,No internet service,No internet service,No internet service,No internet service,No internet service,Month-to-month,Yes,Mailed check,29.65,845.8,No
4584-11057,Male,0,No,Yes,50,Yes,No,No,No internet service,No internet service,No internet service,No internet service,No internet service,No internet service,One year,Yes,Electronic check,26.71,1374.92,No
1477-66412,Female,0,Yes,No,39,Yes,Yes,Fiber optic,No,No,Yes,No,No,Yes,Month-to-month,No,Electronic check,119.0,4574.27,Yes
5873-49387,Male,0,Yes,No,30,No,No phone service,DSL,Yes,No,Yes,No,No,No,Month-to-month,Yes,Mailed check,50.75,1556.33,No
1831-79201,Male,0,Yes,No,58,Yes,No,DSL,Yes,Yes,No,No,No,No,Two year,Yes,Mailed check,70.4,4032.51,No
2588-72038,Male,0,No,No,24,Yes,Yes,Fiber optic,No,No,No,No,Yes,No,Month-to-month,No,Mailed check,113.6,2680.45,Yes
1467-51601,Male,0,Yes,No,19,Yes,Yes,DSL,Yes,Yes,No,No,No,Yes,Month-to-month,Yes,Bank transfer (automatic),89.04,1661.41,No
6102-86416,Female,1,No,Yes,2,Yes,No,DSL,No,No,No,No,No,No,Month-to-month,No,Mailed check,56.57,117.19,No
1144-36626,Female,0,Yes,Yes,53,Yes,No,Fiber optic,Yes,No,No,Yes,No,No,Two year,No,Bank transfer (automatic),110.5,5856.98,No
3912-39054,Female,0,No,No,27,Yes,No,Fiber optic,No,No,No,No,Yes,Yes,Month-to-month,Yes,Credit card (automatic),115.62,3039.96,Yes
6862-79896,Male,0,No,No,42,Yes,No,DSL,No,No,No,Yes,No,No,Month-to-month,No,Bank transfer (automatic),45.16,1941.03,No
6341-69148,Female,0,Yes,Yes,12,No,No phone service,Fiber optic,No,No,No,No,No,Yes,Two year,No,Mailed check,112.68,1377.29,No
1221-48307,Male,1,No,Yes,33,Yes,No,DSL,No,No,Yes,No,No,No,Month-to-month,No,Credit card (automatic),49.38,1666.27,No
6231-93039,Female,0,Yes,No,60,Yes,No,Fiber optic,No,Yes,Yes,No,Yes,Yes,Two year,Yes,Electronic check,100.92,5829.74,No
4447-13927,Female,0,No,Yes,43,Yes,No,Fiber optic,No,No,No,No,No,Yes,One year,No,Bank transfer (automatic),112.13,4904.96,No
2637-40147,Male,0,Yes,No,20,Yes,No,DSL,No,No,No,No,Yes,No,Two year,Yes,Mailed check,58.1,1207.59,No
2798-59547,Male,0,No,No,39,Yes,No,No,No internet service,No internet service,No internet service,No internet service,No internet service,No internet service,Month-to-month,No,Credit card (automatic),29.93,1187.7,No
7576-42648,Male,0,Yes,Yes,19,Yes,Yes,Fiber optic,No,No,No,No,Yes,Yes,Two year,No,Credit card (automatic),86.64,1629.71,No
8522-65199,Female,0,No,Yes,19,Yes,No,No,No internet service,No internet service,No internet service,No internet service,No internet service,No internet service,Month-to-month,Yes,Bank transfer (automatic),27.02,493.72,No
5256-90800,Female,0,Yes,No,19,Yes,No,Fiber optic,No,Yes,No,No,Yes,Yes,Month-to-month,Yes,Mailed check,86.66,1708.4,Yes
7439-86721,Male,0,No,Yes,18,Yes,No,No,No internet service,No internet service,No internet service,No internet service,No internet service,No internet service,Two year,No,Bank transfer (automatic),25.94,464.46,No
5293-27082,Female,0,Yes,No,7,Yes,No,Fiber optic,No,No,No,Yes,No,Yes,Month-to-month,Yes,Bank transfer (automatic),103.24,749.33,Yes
3947-46196,Female,0,Yes,Yes,27,Yes,No,DSL,Yes,No,No,No,No,No,Month-to-month,Yes,Credit card (automatic),49.13,1323.85,No
9338-46294,Male,0,No,No,19,Yes,No,Fiber optic,No,No,Yes,No,Yes,Yes,One year,No,Electronic check,112.06,2176.68,Yes
6572-63262,Female,0,Yes,No,26,Yes,Yes,No,No internet service,No internet service,No internet service,No internet service,No internet service,No internet service,Month-to-month,No,Credit card (automatic),34.08,891.25,No
2894-37745,Male,0,No,No,38,Yes,Yes,No,No internet service,No internet service,No internet service,No internet service,No internet service,No internet service,Month-to-month,No,Bank transfer (automatic),32.92,1294.05,No
8950-93307,Female,1,No,Yes,38,Yes,No,DSL,Yes,Yes,No,No,Yes,Yes,Month-to-month,Yes,Bank transfer (automatic),64.61,2372.34,No
2482-62164,Male,1,Yes,No,31,Yes,Yes,DSL,Yes,No,No,No,No,No,Month-to-month,No,Credit card (automatic),58.15,1752.87,Yes
3710-59809,Female,0,No,No,27,No,No phone service,Fiber optic,No,No,No,Yes,Yes,Yes,One year,No,Electronic check,112.44,2945.4,Yes
7468-95215,Male,0,Yes,Yes,22,Yes,No,No,No internet service,No internet service,No internet service,No internet service,No internet service,No internet service,One year,Yes,Credit card (automatic),27.67,608.5,No
1308-44087,Male,0,No,No,21,No,No phone service,No,No internet service,No internet service,No internet service,No internet service,No internet service,No internet service,Month-to-month,No,Electronic check,28.09,575.47,No
2752-43713,Male,0,No,No,10,No,No phone service,DSL,No,No,No,No,Yes,Yes,Month-to-month,Yes,Mailed check,54.44,538.6,No
4978-66735,Female,0,Yes,Yes,27,Yes,No,DSL,No,No,No,Yes,Yes,No,Month-to-month,No,Credit card (automatic),63.32,1699.99,No
7293-78310,Male,0,Yes,No,33,No,No phone service,Fiber optic,No,Yes,No,No,No,Yes,Month-to-month,Yes,Credit card (automatic),105.28,3354.33,Yes
5154-98623,Female,0,No,No,34,Yes,No,DSL,Yes,Yes,No,No,No,Yes,Month-to-month,Yes,Mailed check,69.39,2342.04,No
1159-19505,Female,1,No,Yes,28,Yes,Yes,DSL,No,Yes,Yes,Yes,Yes,No,One year,Yes,Electronic check,64.19,1742.01,No
9962-21544,Female,0,Yes,Yes,23,Yes,No,Fiber optic,No,No,No,No,Yes,Yes,Month-to-month,Yes,Bank transfer (automatic),115.35,2682.42,No
8417-12257,Female,0,Yes,No,46,Yes,No,DSL,No,No,Yes,No,No,No,One year,Yes,Credit card (automatic),56.77,2589.19,Yes
5949-96807,Female,0,Yes,No,45,Yes,No,Fiber optic,No,No,No,Yes,No,No,Month-to-month,No,Credit card (automatic),72.49,3201.15,No
9284-68131,Male,1,No,Yes,38,Yes,Yes,No,No internet service,No internet service,No internet service,No internet service,No internet service,No internet service,Month-to-month,No,Electronic check,31.96,1175.34,No
2649-65678,Female,0,No,No,30,Yes,No,DSL,No,No,No,No,No,Yes,Month-to-month,Yes,Mailed check,63.17,1850.5,No
1234-40594,Male,1,Yes,No,46,Yes,Yes,Fiber optic,Yes,Yes,No,No,Yes,No,Month-to-month,Yes,Credit card (automatic),108.08,5018.32,Yes
7398-67561,Female,1,No,Yes,58,Yes,Yes,Fiber optic,No,No,No,No,No,Yes,One year,Yes,Credit card (automatic),102.41,6080.12,No
1567-93642,Male,0,No,No,24,Yes,Yes,Fiber optic,No,Yes,No,No,Yes,No,One year,Yes,Bank transfer (automatic),93.13,2285.99,Yes
3627-52749,Female,0,No,No,45,Yes,No,No,No internet service,No internet service,No internet service,No internet service,No internet service,No internet service,Two year,Yes,Electronic check,25.94,1139.75,No
5725-95106,Female,0,Yes,No,0,Yes,No,DSL,No,No,No,Yes,No,Yes,Month-to-month,No,Bank transfer (automatic),58.54,,Yes
2217-22639,Male,0,Yes,No,26,Yes,No,No,No internet service,No internet service,No internet service,No internet service,No internet service,No internet service,Month-to-month,No,Credit card (automatic),27.45,721.96,No
3613-58861,Female,0,Yes,Yes,13,No,No phone service,Fiber optic,No,Yes,No,No,Yes,No,Two year,Yes,Electronic check,92.79,1237.34,Yes
3889-22661,Male,0,No,Yes,20,Yes,Yes,DSL,No,Yes,No,Yes,No,No,One year,Yes,Electronic check,68.88,1348.45,No
1359-12348,Male,0,Yes,Yes,67,Yes,Yes,Fiber optic,No,No,No,No,Yes,Yes,Month-to-month,No,Credit card (automatic),85.87,5968.53,Yes
5500-56637,Female,0,Yes,No,51,Yes,Yes,Fiber optic,No,No,No,No,Yes,No,Month-to-month,Yes,Mailed check,110.63,5492.75,Yes
6887-83981,Female,0,No,No,47,Yes,No,DSL,Yes,No,No,No,No,No,Month-to-month,No,Electronic check,65.44,2967.02,Yes
1330-72319,Male,0,No,Yes,69,Yes,Yes,No,No internet service,No internet service,No internet service,No internet service,No internet service,No internet service,Month-to-month,No,Credit card (automatic),29.13,1980.81,No
4954-43465,Female,0,Yes,No,53,Yes,No,DSL,No,No,Yes,Yes,No,Yes,One year,Yes,Credit card (automatic),65.98,3471.62,No
3229-95457,Female,0,Yes,No,55,Yes,No,DSL,No,Yes,No,No,No,No,Month-to-month,Yes,Mailed check,54.04,3047.64,No
4106-64634,Female,0,Yes,No,42,Yes,Yes,Fiber optic,No,No,Yes,Yes,Yes,No,Two year,No,Credit card (automatic),119.0,5125.15,No
8184-77079,Female,0,Yes,No,26,Yes,Yes,Fiber optic,No,No,No,No,Yes,No,Month-to-month,Yes,Bank transfer (automatic),97.56,2458.38,Yes
5766-20397,Male,0,Yes,No,10,Yes,Yes,Fiber optic,No,No,No,No,Yes,Yes,One year,No,Mailed check,118.2,1141.83,Yes
2846-44025,Male,0,Yes,No,29,Yes,No,Fiber optic,No,No,No,Yes,Yes,Yes,Month-to-month,No,Mailed check,107.3,3182.3,Yes
1316-60387,Female,0,Yes,No,24,Yes,No,Fiber optic,No,Yes,No,Yes,Yes,No,One year,Yes,Bank transfer (automatic),112.8,2807.71,No
9816-49404,Female,0,No,No,55,Yes,No,Fiber optic,No,No,No,No,Yes,Yes,Two year,No,Credit card (automatic),113.0,6245.86,No
2862-55642,Male,1,No,No,44,Yes,Yes,Fiber optic,No,No,No,No,No,No,Month-to-month,Yes,Mailed check,84.56,3644.49,Yes
1718-96782,Female,0,Yes,Yes,1,Yes,Yes,DSL,No,No,Yes,Yes,No,No,Month-to-month,No,Electronic check,63.4,63.14,Yes
4406-89465,Female,0,No,No,28,Yes,No,Fiber optic,No,No,No,No,No,Yes,Month-to-month,No,Credit card (automatic),108.05,3050.42,Yes
9633-77840,Female,0,Yes,No,3,Yes,No,No,No internet service,No internet service,No internet service,No internet service,No internet service,No internet service,Month-to-month,Yes,Credit card (automatic),29.91,87.78,No
5419-80011,Male,0,No,Yes,44,Yes,No,Fiber optic,No,No,No,No,No,No,Two year,No,Electronic check,71.57,3210.95,No
1658-76150,Male,1,No,Yes,58,Yes,No,Fiber optic,Yes,Yes,No,No,Yes,Yes,One year,Yes,Credit card (automatic),95.75,5345.34,No
6923-88126,Male,1,No,No,53,Yes,Yes,Fiber optic,No,Yes,No,No,No,Yes,One year,Yes,Credit card (automatic),103.98,5388.99,No
7291-73583,Female,0,No,Yes,46,Yes,No,DSL,No,No,Yes,Yes,Yes,No,Month-to-month,No,Credit card (automatic),54.88,2430.94,No
1316-97327,Female,0,Yes,No,28,No,No phone service,DSL,Yes,No,No,Yes,No,No,Two year,Yes,Electronic check,59.61,1709.51,No
1116-30235,Male,0,Yes,Yes,49,Yes,Yes,DSL,No,No,No,Yes,No,Yes,One year,Yes,Credit card (automatic),54.59,2581.77,No
3523-43023,Female,1,No,Yes,11,Yes,Yes,Fiber optic,No,Yes,No,No,No,Yes,Month-to-month,Yes,Electronic check,94.04,1007.26,Yes
5424-42529,Female,0,Yes,No,32,No,No phone service,DSL,No,No,No,No,No,Yes,Two year,No,Electronic check,66.62,2134.8,No
9374-84052,Male,1,No,Yes,0,Yes,Yes,DSL,Yes,Yes,Yes,Yes,No,No,Month-to-month,No,Credit card (automatic),83.1,,Yes
6422-49018,Male,0,Yes,Yes,40,Yes,Yes,No,No internet service,No internet service,No internet service,No internet service,No internet service,No internet service,Month-to-month,Yes,Credit card (automatic),28.41,1123.52,No
8157-23328,Female,0,Yes,No,56,Yes,No,Fiber optic,No,Yes,Yes,No,Yes,Yes,Two year,Yes,Bank transfer (automatic),119.0,6805.52,No
6978-29129,Female,0,No,No,36,Yes,Yes,DSL,Yes,No,No,Yes,Yes,No,Month-to-month,Yes,Credit card (automatic),81.69,2941.8,No
8992-59198,Female,0,No,No,35,Yes,No,DSL,No,No,Yes,No,No,No,Month-to-month,Yes,Credit card (automatic),50.72,1840.04,No
8757-47193,Female,0,No,No,17,Yes,No,Fiber optic,No,No,No,No,Yes,Yes,Month-to-month,No,Electronic check,97.75,1692.52,Yes
1268-37597,Male,0,No,Yes,32,Yes,Yes,DSL,No,Yes,Yes,No,Yes,No,Two year,Yes,Electronic check,84.52,2766.72,Yes
3887-88332,Female,0,No,No,13,Yes,No,DSL,No,No,No,No,No,No,Month-to-month,Yes,Bank transfer (automatic),67.7,877.61,No
3187-84612,Female,0,Yes,No,33,Yes,Yes,No,No internet service,No internet service,No internet service,No internet service,No internet service,No internet service,Month-to-month,No,Electronic check,25.34,843.53,No
1148-32043,Male,0,No,Yes,47,Yes,Yes,Fiber optic,No,Yes,Yes,No,Yes,Yes,Month-to-month,Yes,Bank transfer (automatic),119.0,5716.31,Yes
2445-19531,Male,0,Yes,Yes,47,Yes,No,No,No internet service,No internet service,No internet service,No internet service,No internet service,No internet service,Month-to-month,Yes,Mailed check,19.02,864.08,No
3066-35887,Female,0,Yes,No,19,No,No phone service,Fiber optic,No,No,No,No,Yes,Yes,Month-to-month,No,Bank transfer (automatic),118.92,2246.98,Yes
9957-42408,Female,0,No,Yes,52,Yes,Yes,DSL,Yes,No,Yes,No,No,No,Two year,No,Credit card (automatic),79.6,4071.44,No
7603-85305,Female,1,Yes,Yes,53,Yes,No,Fiber optic,No,No,No,Yes,No,Yes,Two year,Yes,Credit card (automatic),115.49,6213.77,No
2690-68865,Male,1,Yes,No,43,Yes,No,DSL,No,No,Yes,Yes,No,Yes,Two year,Yes,Mailed check,56.57,2502.08,No
3512-99876,Male,0,Yes,No,54,Yes,No,DSL,No,No,No,Yes,Yes,No,One year,No,Credit card (automatic),78.59,4290.55,No
3876-62431,Female,0,No,No,60,Yes,No,DSL,No,No,No,No,No,No,Month-to-month,No,Bank transfer (automatic),57.58,3328.0,No
7171-97167,Female,0,No,Yes,41,Yes,No,No,No internet service,No internet service,No internet service,No internet service,No internet service,No internet service,Month-to-month,No,Mailed check,20.83,851.68,No
7215-13582,Female,0,Yes,No,37,Yes,No,Fiber optic,No,Yes,No,Yes,No,No,Month-to-month,Yes,Credit card (automatic),84.84,3183.68,No
2280-87872,Female,1,No,No,30,Yes,No,Fiber optic,Yes,No,Yes,No,No,Yes,Month-to-month,No,Electronic check,119.0,3553.05,Yes
5184-19026,Male,0,Yes,No,15,Yes,Yes,Fiber optic,No,No,No,No,Yes,No,One year,Yes,Bank transfer (automatic),108.57,1676.51,No
2373-68375,Female,0,No,No,7,No,No phone service,DSL,No,No,No,Yes,Yes,No,Month-to-month,Yes,Credit card (automatic),50.94,363.95,No
4682-60607,Male,0,No,No,4,Yes,Yes,Fiber optic,No,No,Yes,No,No,Yes,One year,No,Credit card (automatic),108.19,416.6,No
7141-96998,Female,0,Yes,Yes,31,Yes,Yes,DSL,Yes,Yes,No,No,Yes,No,Month-to-month,Yes,Electronic check,72.49,2206.86,No
7481-63049,Male,1,No,No,8,Yes,No,DSL,No,No,Yes,No,No,Yes,Month-to-month,Yes,Credit card (automatic),73.76,581.67,Yes
1782-93083,Female,0,No,No,34,Yes,Yes,Fiber optic,No,Yes,Yes,No,No,Yes,Two year,No,Mailed check,113.56,3902.8,No
7479-25143,Female,1,Yes,No,22,Yes,Yes,DSL,No,Yes,No,No,No,No,Month-to-month,No,Credit card (automatic),56.1,1230.07,No
5601-38565,Female,0,Yes,No,28,Yes,No,Fiber optic,No,No,Yes,No,No,Yes,Month-to-month,No,Electronic check,90.66,2538.21,No
5662-83371,Female,0,No,No,60,Yes,No,Fiber optic,No,No,No,No,Yes,No,Month-to-month,Yes,Electronic check,91.5,5583.4,Yes
7425-97252,Female,1,Yes,No,21,Yes,No,Fiber optic,No,No,No,No,Yes,Yes,Month-to-month,No,Electronic check,113.31,2415.17,Yes
6411-57723,Female,0,Yes,Yes,15,Yes,No,No,No internet service,No internet service,No internet service,No internet service,No internet service,No internet service,Month-to-month,Yes,Bank transfer (automatic),21.92,336.28,No
1663-95606,Male,0,No,No,15,Yes,Yes,Fiber optic,No,No,No,No,Yes,Yes,Two year,No,Credit card (automatic),115.8,1794.33,No
3481-43070,Male,0,Yes,No,57,Yes,No,Fiber optic,No,No,No,No,Yes,No,Two year,No,Credit card (automatic),89.05,5251.14,No
6061-98762,Female,1,Yes,No,52,Yes,No,Fiber optic,Yes,No,No,No,Yes,No,One year,No,Electronic check,110.99,5559.01,No
9010-42890,Female,0,Yes,Yes,30,Yes,No,DSL,No,No,No,No,No,Yes,One year,No,Electronic check,62.13,1891.93,No
4819-27532,Female,0,Yes,No,41,Yes,Yes,No,No internet service,No internet service,No internet service,No internet service,No internet service,No internet service,Month-to-month,Yes,Credit card (automatic),28.42,1164.88,No
5925-52396,Female,0,No,No,30,Yes,No,Fiber optic,No,Yes,No,No,Yes,Yes,Two year,Yes,Credit card (automatic),93.51,2848.08,Yes
8374-86853,Female,0,No,No,32,Yes,No,Fiber optic,No,Yes,No,No,Yes,Yes,Month-to-month,Yes,Bank transfer (automatic),109.95,3599.41,Yes
8286-46716,Female,0,Yes,No,36,Yes,No,DSL,Yes,No,No,Yes,No,No,Month-to-month,No,Electronic check,60.97,2248.2,No
